time,drone_id,pos_x,pos_y,pos_z,vel_x,vel_y,vel_z,acc_x,acc_y,acc_z,orientation_roll,orientation_pitch,orientation_yaw,waypoint_index
0.0,0,5.001804219591218,5.001804219591218,5.001804219591218,0.07216878364870322,0.07216878364870322,0.07216878364870322,1.4433756729740643,1.4433756729740643,1.4433756729740643,0.0,0.0,0.7853981633974483,0
0.0,1,24.998195780408782,5.001804219591218,5.001804219591218,-0.07216878364870322,0.07216878364870322,0.07216878364870322,-1.4433756729740643,1.4433756729740643,1.4433756729740643,0.0,0.0,2.356194490192345,0
0.0,2,5.001804219591218,24.998195780408782,5.001804219591218,0.07216878364870322,-0.07216878364870322,0.07216878364870322,1.4433756729740643,-1.4433756729740643,1.4433756729740643,0.0,0.0,-0.7853981633974483,0
0.0,3,5.001804219591218,5.001804219591218,24.998195780408782,0.07216878364870322,0.07216878364870322,-0.07216878364870322,1.4433756729740643,1.4433756729740643,-1.4433756729740643,0.0,0.0,0.7853981633974483,0
0.0,4,24.998195780408782,24.998195780408782,5.001804219591218,-0.07216878364870322,-0.07216878364870322,0.07216878364870322,-1.4433756729740643,-1.4433756729740643,1.4433756729740643,0.0,0.0,-2.356194490192345,0
0.0,5,24.998195780408782,5.001804219591218,24.998195780408782,-0.07216878364870322,0.07216878364870322,-0.07216878364870322,-1.4433756729740643,1.4433756729740643,-1.4433756729740643,0.0,0.0,2.356194490192345,0
0.0,6,5.001804219591218,24.998195780408782,24.998195780408782,0.07216878364870322,-0.07216878364870322,-0.07216878364870322,1.4433756729740643,-1.4433756729740643,-1.4433756729740643,0.0,0.0,-0.7853981633974483,0
0.0,7,24.998195780408782,24.998195780408782,24.998195780408782,-0.07216878364870322,-0.07216878364870322,-0.07216878364870322,-1.4433756729740643,-1.4433756729740643,-1.4433756729740643,0.0,0.0,-2.356194490192345,0
0.0,8,22.0,15.0,15.0,0.0,0.0,0.0,0.0,0.0,0.0,0.0,0.0,0.0,0
0.05,0,5.007216878364871,5.007216878364871,5.007216878364871,0.14433756729740643,0.14433756729740643,0.14433756729740643,1.4433756729740643,1.4433756729740643,1.4433756729740643,0.0,0.0,0.7853981633974483,0
0.05,1,24.992783121635128,5.007216878364871,5.007216878364871,-0.14433756729740643,0.14433756729740643,0.14433756729740643,-1.4433756729740643,1.4433756729740643,1.4433756729740643,0.0,0.0,2.356194490192345,0
0.05,2,5.007216878364871,24.992783121635128,5.007216878364871,0.14433756729740643,-0.14433756729740643,0.14433756729740643,1.4433756729740643,-1.4433756729740643,1.4433756729740643,0.0,0.0,-0.7853981633974483,0
0.05,3,5.007216878364871,5.007216878364871,24.992783121635128,0.14433756729740643,0.14433756729740643,-0.14433756729740643,1.4433756729740643,1.4433756729740643,-1.4433756729740643,0.0,0.0,0.7853981633974483,0
0.05,4,24.992783121635128,24.992783121635128,5.007216878364871,-0.14433756729740643,-0.14433756729740643,0.14433756729740643,-1.4433756729740643,-1.4433756729740643,1.4433756729740643,0.0,0.0,-2.356194490192345,0
0.05,5,24.992783121635128,5.007216878364871,24.992783121635128,-0.14433756729740643,0.14433756729740643,-0.14433756729740643,-1.4433756729740643,1.4433756729740643,-1.4433756729740643,0.0,0.0,2.356194490192345,0
0.05,6,5.007216878364871,24.992783121635128,24.992783121635128,0.14433756729740643,-0.14433756729740643,-0.14433756729740643,1.4433756729740643,-1.4433756729740643,-1.4433756729740643,0.0,0.0,-0.7853981633974483,0
0.05,7,24.992783121635128,24.992783121635128,24.992783121635128,-0.14433756729740643,-0.14433756729740643,-0.14433756729740643,-1.4433756729740643,-1.4433756729740643,-1.4433756729740643,0.0,0.0,-2.356194490192345,0
0.05,8,22.0,15.0,15.0,0.0,0.0,0.0,0.0,0.0,0.0,0.0,0.0,0.0,0
0.1,0,5.0162379763209595,5.0162379763209595,5.0162379763209595,0.21650635094610965,0.21650635094610965,0.21650635094610965,1.4433756729740643,1.4433756729740643,1.4433756729740643,0.0,0.0,0.7853981633974483,0
0.1,1,24.983762023679038,5.0162379763209595,5.0162379763209595,-0.21650635094610965,0.21650635094610965,0.21650635094610965,-1.4433756729740643,1.4433756729740643,1.4433756729740643,0.0,0.0,2.356194490192345,0
0.1,2,5.0162379763209595,24.983762023679038,5.0162379763209595,0.21650635094610965,-0.21650635094610965,0.21650635094610965,1.4433756729740643,-1.4433756729740643,1.4433756729740643,0.0,0.0,-0.7853981633974483,0
0.1,3,5.0162379763209595,5.0162379763209595,24.983762023679038,0.21650635094610965,0.21650635094610965,-0.21650635094610965,1.4433756729740643,1.4433756729740643,-1.4433756729740643,0.0,0.0,0.7853981633974483,0
0.1,4,24.983762023679038,24.983762023679038,5.0162379763209595,-0.21650635094610965,-0.21650635094610965,0.21650635094610965,-1.4433756729740643,-1.4433756729740643,1.4433756729740643,0.0,0.0,-2.356194490192345,0
0.1,5,24.983762023679038,5.0162379763209595,24.983762023679038,-0.21650635094610965,0.21650635094610965,-0.21650635094610965,-1.4433756729740643,1.4433756729740643,-1.4433756729740643,0.0,0.0,2.356194490192345,0
0.1,6,5.0162379763209595,24.983762023679038,24.983762023679038,0.21650635094610965,-0.21650635094610965,-0.21650635094610965,1.4433756729740643,-1.4433756729740643,-1.4433756729740643,0.0,0.0,-0.7853981633974483,0
0.1,7,24.983762023679038,24.983762023679038,24.983762023679038,-0.21650635094610965,-0.21650635094610965,-0.21650635094610965,-1.4433756729740643,-1.4433756729740643,-1.4433756729740643,0.0,0.0,-2.356194490192345,0
0.1,8,22.0,15.0,15.0,0.0,0.0,0.0,0.0,0.0,0.0,0.0,0.0,0.0,0
0.15000000000000002,0,5.028867513459483,5.028867513459483,5.028867513459483,0.28867513459481287,0.28867513459481287,0.28867513459481287,1.4433756729740643,1.4433756729740643,1.4433756729740643,0.0,0.0,0.7853981633974483,0
0.15000000000000002,1,24.971132486540515,5.028867513459483,5.028867513459483,-0.28867513459481287,0.28867513459481287,0.28867513459481287,-1.4433756729740643,1.4433756729740643,1.4433756729740643,0.0,0.0,2.356194490192345,0
0.15000000000000002,2,5.028867513459483,24.971132486540515,5.028867513459483,0.28867513459481287,-0.28867513459481287,0.28867513459481287,1.4433756729740643,-1.443375672974064,1.4433756729740643,0.0,0.0,-0.7853981633974483,0
0.15000000000000002,3,5.028867513459483,5.028867513459483,24.971132486540515,0.28867513459481287,0.28867513459481287,-0.28867513459481287,1.4433756729740643,1.4433756729740643,-1.443375672974064,0.0,0.0,0.7853981633974483,0
0.15000000000000002,4,24.971132486540515,24.971132486540515,5.028867513459483,-0.28867513459481287,-0.28867513459481287,0.28867513459481287,-1.4433756729740643,-1.4433756729740643,1.4433756729740645,0.0,0.0,-2.356194490192345,0
0.15000000000000002,5,24.971132486540515,5.028867513459483,24.971132486540515,-0.28867513459481287,0.28867513459481287,-0.28867513459481287,-1.4433756729740643,1.4433756729740645,-1.4433756729740643,0.0,0.0,2.356194490192345,0
0.15000000000000002,6,5.028867513459483,24.971132486540515,24.971132486540515,0.28867513459481287,-0.28867513459481287,-0.28867513459481287,1.4433756729740645,-1.4433756729740643,-1.4433756729740643,0.0,0.0,-0.7853981633974483,0
0.15000000000000002,7,24.971132486540515,24.971132486540515,24.971132486540515,-0.28867513459481287,-0.28867513459481287,-0.28867513459481287,-1.4433756729740643,-1.4433756729740643,-1.4433756729740643,0.0,0.0,-2.356194490192345,0
0.15000000000000002,8,22.0,15.0,15.0,0.0,0.0,0.0,0.0,0.0,0.0,0.0,0.0,0.0,0
0.2,0,5.0451054897804415,5.0451054897804415,5.0451054897804415,0.3608439182435161,0.3608439182435161,0.3608439182435161,1.4433756729740643,1.4433756729740643,1.4433756729740643,0.0,0.0,0.7853981633974483,0
0.2,1,24.954894510219557,5.0451054897804415,5.0451054897804415,-0.3608439182435161,0.3608439182435161,0.3608439182435161,-1.4433756729740643,1.4433756729740643,1.4433756729740643,0.0,0.0,2.356194490192345,0
0.2,2,5.0451054897804415,24.954894510219557,5.0451054897804415,0.3608439182435161,-0.3608439182435161,0.3608439182435161,1.4433756729740643,-1.4433756729740643,1.4433756729740643,0.0,0.0,-0.7853981633974483,0
0.2,3,5.0451054897804415,5.0451054897804415,24.954894510219557,0.3608439182435161,0.3608439182435161,-0.3608439182435161,1.4433756729740643,1.4433756729740643,-1.4433756729740643,0.0,0.0,0.7853981633974483,0
0.2,4,24.954894510219557,24.954894510219557,5.0451054897804415,-0.3608439182435161,-0.3608439182435161,0.3608439182435161,-1.4433756729740643,-1.4433756729740643,1.4433756729740643,0.0,0.0,-2.356194490192345,0
0.2,5,24.954894510219557,5.0451054897804415,24.954894510219557,-0.3608439182435161,0.3608439182435161,-0.3608439182435161,-1.4433756729740643,1.4433756729740645,-1.4433756729740643,0.0,0.0,2.356194490192345,0
0.2,6,5.0451054897804415,24.954894510219557,24.954894510219557,0.3608439182435161,-0.3608439182435161,-0.3608439182435161,1.4433756729740645,-1.4433756729740643,-1.4433756729740643,0.0,0.0,-0.7853981633974483,0
0.2,7,24.954894510219557,24.954894510219557,24.954894510219557,-0.3608439182435161,-0.3608439182435161,-0.3608439182435161,-1.4433756729740643,-1.4433756729740643,-1.4433756729740643,0.0,0.0,-2.356194490192345,0
0.2,8,22.0,15.0,15.0,0.0,0.0,0.0,0.0,0.0,0.0,0.0,0.0,0.0,0
0.25,0,5.064951905283835,5.064951905283835,5.064951905283835,0.4330127018922193,0.4330127018922193,0.4330127018922193,1.4433756729740643,1.4433756729740643,1.4433756729740643,0.0,0.0,0.7853981633974483,0
0.25,1,24.935048094716162,5.064951905283835,5.064951905283835,-0.4330127018922193,0.4330127018922193,0.4330127018922193,-1.4433756729740643,1.4433756729740645,1.4433756729740645,0.0,0.0,2.356194490192345,0
0.25,2,5.064951905283835,24.935048094716162,5.064951905283835,0.4330127018922193,-0.4330127018922193,0.4330127018922193,1.4433756729740645,-1.4433756729740643,1.4433756729740645,0.0,0.0,-0.7853981633974483,0
0.25,3,5.064951905283835,5.064951905283835,24.935048094716162,0.4330127018922193,0.4330127018922193,-0.4330127018922193,1.4433756729740643,1.4433756729740643,-1.443375672974064,0.0,0.0,0.7853981633974483,0
0.25,4,24.935048094716162,24.935048094716162,5.064951905283835,-0.4330127018922193,-0.4330127018922193,0.4330127018922193,-1.4433756729740643,-1.4433756729740643,1.4433756729740645,0.0,0.0,-2.356194490192345,0
0.25,5,24.935048094716162,5.064951905283835,24.935048094716162,-0.4330127018922193,0.4330127018922193,-0.4330127018922193,-1.4433756729740643,1.4433756729740645,-1.4433756729740643,0.0,0.0,2.356194490192345,0
0.25,6,5.064951905283835,24.935048094716162,24.935048094716162,0.4330127018922193,-0.4330127018922193,-0.4330127018922193,1.4433756729740645,-1.4433756729740643,-1.4433756729740643,0.0,0.0,-0.7853981633974483,0
0.25,7,24.935048094716162,24.935048094716162,24.935048094716162,-0.4330127018922193,-0.4330127018922193,-0.4330127018922193,-1.4433756729740643,-1.4433756729740643,-1.4433756729740643,0.0,0.0,-2.356194490192345,0
0.25,8,22.0,15.0,15.0,0.0,0.0,0.0,0.0,0.0,0.0,0.0,0.0,0.0,0
0.3,0,5.088406759969664,5.088406759969664,5.088406759969664,0.5051814855409225,0.5051814855409225,0.5051814855409225,1.4433756729740643,1.4433756729740643,1.4433756729740643,0.0,0.0,0.7853981633974483,0
0.3,1,24.91159324003033,5.088406759969664,5.088406759969664,-0.5051814855409225,0.5051814855409226,0.5051814855409226,-1.4433756729740643,1.4433756729740645,1.4433756729740645,0.0,0.0,2.356194490192345,0
0.3,2,5.088406759969664,24.91159324003033,5.088406759969664,0.5051814855409226,-0.5051814855409225,0.5051814855409226,1.4433756729740645,-1.4433756729740643,1.4433756729740645,0.0,0.0,-0.7853981633974482,0
0.3,3,5.088406759969664,5.088406759969664,24.91159324003033,0.5051814855409226,0.5051814855409226,-0.5051814855409225,1.4433756729740645,1.4433756729740645,-1.4433756729740643,0.0,0.0,0.7853981633974483,0
0.3,4,24.91159324003033,24.91159324003033,5.088406759969664,-0.5051814855409225,-0.5051814855409225,0.5051814855409226,-1.4433756729740643,-1.4433756729740643,1.4433756729740645,0.0,0.0,-2.356194490192345,0
0.3,5,24.91159324003033,5.088406759969664,24.91159324003033,-0.5051814855409225,0.5051814855409226,-0.5051814855409225,-1.4433756729740643,1.4433756729740645,-1.4433756729740643,0.0,0.0,2.356194490192345,0
0.3,6,5.088406759969664,24.91159324003033,24.91159324003033,0.5051814855409226,-0.5051814855409225,-0.5051814855409225,1.4433756729740645,-1.4433756729740643,-1.4433756729740643,0.0,0.0,-0.7853981633974482,0
0.3,7,24.91159324003033,24.91159324003033,24.91159324003033,-0.5051814855409225,-0.5051814855409225,-0.5051814855409225,-1.4433756729740643,-1.4433756729740643,-1.4433756729740643,0.0,0.0,-2.356194490192345,0
0.3,8,22.0,15.0,15.0,0.0,0.0,0.0,0.0,0.0,0.0,0.0,0.0,0.0,0
0.35,0,5.115470053837928,5.115470053837928,5.115470053837928,0.5773502691896257,0.5773502691896257,0.5773502691896257,1.4433756729740643,1.4433756729740643,1.4433756729740643,0.0,0.0,0.7853981633974483,0
0.35,1,24.88452994616207,5.115470053837928,5.115470053837928,-0.5773502691896256,0.5773502691896257,0.5773502691896257,-1.443375672974064,1.4433756729740643,1.4433756729740643,0.0,0.0,2.356194490192345,0
0.35,2,5.115470053837928,24.88452994616207,5.115470053837928,0.5773502691896258,-0.5773502691896257,0.5773502691896258,1.4433756729740645,-1.4433756729740643,1.4433756729740645,0.0,0.0,-0.7853981633974482,0
0.35,3,5.115470053837928,5.115470053837928,24.88452994616207,0.5773502691896258,0.5773502691896258,-0.5773502691896257,1.4433756729740645,1.4433756729740645,-1.4433756729740643,0.0,0.0,0.7853981633974483,0
0.35,4,24.88452994616207,24.88452994616207,5.115470053837928,-0.5773502691896257,-0.5773502691896257,0.5773502691896258,-1.4433756729740645,-1.4433756729740645,1.4433756729740645,0.0,0.0,-2.356194490192345,0
0.35,5,24.88452994616207,5.115470053837928,24.88452994616207,-0.5773502691896257,0.5773502691896258,-0.5773502691896257,-1.4433756729740645,1.4433756729740645,-1.4433756729740645,0.0,0.0,2.356194490192345,0
0.35,6,5.115470053837928,24.88452994616207,24.88452994616207,0.5773502691896258,-0.5773502691896257,-0.5773502691896257,1.4433756729740645,-1.4433756729740643,-1.4433756729740643,0.0,0.0,-0.7853981633974482,0
0.35,7,24.88452994616207,24.88452994616207,24.88452994616207,-0.5773502691896257,-0.5773502691896257,-0.5773502691896257,-1.4433756729740645,-1.4433756729740645,-1.4433756729740645,0.0,0.0,-2.356194490192345,0
0.35,8,22.0,15.0,15.0,0.0,0.0,0.0,0.0,0.0,0.0,0.0,0.0,0.0,0
0.39999999999999997,0,5.146141786888627,5.146141786888627,5.146141786888627,0.649519052838329,0.649519052838329,0.649519052838329,1.4433756729740643,1.4433756729740643,1.4433756729740643,0.0,0.0,0.7853981633974483,0
0.39999999999999997,1,24.85385821311137,5.146141786888627,5.146141786888627,-0.6495190528383288,0.649519052838329,0.649519052838329,-1.4433756729740643,1.4433756729740645,1.4433756729740645,0.0,0.0,2.356194490192345,0
0.39999999999999997,2,5.146141786888627,24.85385821311137,5.146141786888627,0.6495190528383291,-0.649519052838329,0.6495190528383291,1.4433756729740645,-1.4433756729740643,1.4433756729740645,0.0,0.0,-0.7853981633974483,0
0.39999999999999997,3,5.146141786888627,5.146141786888627,24.85385821311137,0.6495190528383291,0.6495190528383291,-0.649519052838329,1.4433756729740645,1.4433756729740645,-1.4433756729740643,0.0,0.0,0.7853981633974483,0
0.39999999999999997,4,24.85385821311137,24.85385821311137,5.146141786888627,-0.649519052838329,-0.649519052838329,0.6495190528383291,-1.4433756729740643,-1.4433756729740643,1.4433756729740645,0.0,0.0,-2.356194490192345,0
0.39999999999999997,5,24.85385821311137,5.146141786888627,24.85385821311137,-0.649519052838329,0.6495190528383291,-0.649519052838329,-1.4433756729740643,1.4433756729740645,-1.4433756729740643,0.0,0.0,2.356194490192345,0
0.39999999999999997,6,5.146141786888627,24.85385821311137,24.85385821311137,0.6495190528383291,-0.649519052838329,-0.649519052838329,1.4433756729740645,-1.4433756729740643,-1.4433756729740643,0.0,0.0,-0.7853981633974483,0
0.39999999999999997,7,24.85385821311137,24.85385821311137,24.85385821311137,-0.649519052838329,-0.649519052838329,-0.649519052838329,-1.4433756729740643,-1.4433756729740643,-1.4433756729740643,0.0,0.0,-2.356194490192345,0
0.39999999999999997,8,22.0,15.0,15.0,0.0,0.0,0.0,0.0,0.0,0.0,0.0,0.0,0.0,0
0.44999999999999996,0,5.1804219591217615,5.1804219591217615,5.1804219591217615,0.7216878364870323,0.7216878364870323,0.7216878364870323,1.4433756729740645,1.4433756729740645,1.4433756729740645,0.0,0.0,0.7853981633974483,0
0.44999999999999996,1,24.819578040878234,5.1804219591217615,5.1804219591217615,-0.721687836487032,0.7216878364870323,0.7216878364870323,-1.4433756729740645,1.4433756729740645,1.4433756729740645,0.0,0.0,2.356194490192345,0
0.44999999999999996,2,5.1804219591217615,24.819578040878234,5.1804219591217615,0.7216878364870324,-0.7216878364870322,0.7216878364870324,1.4433756729740645,-1.443375672974064,1.4433756729740645,0.0,0.0,-0.7853981633974482,0
0.44999999999999996,3,5.1804219591217615,5.1804219591217615,24.819578040878234,0.7216878364870324,0.7216878364870324,-0.7216878364870322,1.4433756729740645,1.4433756729740645,-1.443375672974064,0.0,0.0,0.7853981633974483,0
0.44999999999999996,4,24.819578040878234,24.819578040878234,5.1804219591217615,-0.7216878364870322,-0.7216878364870322,0.7216878364870324,-1.443375672974064,-1.443375672974064,1.4433756729740645,0.0,0.0,-2.356194490192345,0
0.44999999999999996,5,24.819578040878234,5.1804219591217615,24.819578040878234,-0.7216878364870322,0.7216878364870324,-0.7216878364870322,-1.443375672974064,1.4433756729740645,-1.443375672974064,0.0,0.0,2.356194490192345,0
0.44999999999999996,6,5.1804219591217615,24.819578040878234,24.819578040878234,0.7216878364870324,-0.7216878364870323,-0.7216878364870323,1.443375672974065,-1.4433756729740643,-1.4433756729740643,0.0,0.0,-0.7853981633974482,0
0.44999999999999996,7,24.819578040878234,24.819578040878234,24.819578040878234,-0.7216878364870323,-0.7216878364870323,-0.7216878364870323,-1.4433756729740643,-1.4433756729740643,-1.4433756729740643,0.0,0.0,-2.356194490192345,0
0.44999999999999996,8,22.0,15.0,15.0,0.0,0.0,0.0,0.0,0.0,0.0,0.0,0.0,0.0,0
0.49999999999999994,0,5.218310570537331,5.218310570537331,5.218310570537331,0.7938566201357355,0.7938566201357355,0.7938566201357355,1.4433756729740643,1.4433756729740643,1.4433756729740643,0.0,0.0,0.7853981633974483,0
0.49999999999999994,1,24.781689429462663,5.218310570537331,5.218310570537331,-0.7938566201357352,0.7938566201357355,0.7938566201357355,-1.443375672974064,1.4433756729740643,1.4433756729740643,0.0,0.0,2.356194490192345,0
0.49999999999999994,2,5.218310570537331,24.781689429462663,5.218310570537331,0.7938566201357355,-0.7938566201357353,0.7938566201357355,1.4433756729740643,-1.443375672974064,1.4433756729740643,0.0,0.0,-0.7853981633974482,0
0.49999999999999994,3,5.218310570537331,5.218310570537331,24.781689429462663,0.7938566201357355,0.7938566201357355,-0.7938566201357353,1.4433756729740643,1.4433756729740643,-1.443375672974064,0.0,0.0,0.7853981633974483,0
0.49999999999999994,4,24.781689429462663,24.781689429462663,5.218310570537331,-0.7938566201357353,-0.7938566201357353,0.7938566201357357,-1.4433756729740643,-1.4433756729740643,1.4433756729740645,0.0,0.0,-2.356194490192345,0
0.49999999999999994,5,24.781689429462663,5.218310570537331,24.781689429462663,-0.7938566201357353,0.7938566201357357,-0.7938566201357353,-1.4433756729740643,1.4433756729740645,-1.4433756729740643,0.0,0.0,2.356194490192345,0
0.49999999999999994,6,5.218310570537331,24.781689429462663,24.781689429462663,0.7938566201357357,-0.7938566201357355,-0.7938566201357355,1.4433756729740645,-1.4433756729740643,-1.4433756729740643,0.0,0.0,-0.7853981633974483,0
0.49999999999999994,7,24.781689429462663,24.781689429462663,24.781689429462663,-0.7938566201357355,-0.7938566201357355,-0.7938566201357355,-1.4433756729740643,-1.4433756729740643,-1.4433756729740643,0.0,0.0,-2.356194490192345,0
0.49999999999999994,8,22.0,15.0,15.0,0.0,0.0,0.0,0.0,0.0,0.0,0.0,0.0,0.0,0
0.5499999999999999,0,5.2598076211353355,5.2598076211353355,5.2598076211353355,0.8660254037844388,0.8660254037844388,0.8660254037844388,1.4433756729740643,1.4433756729740643,1.4433756729740643,0.0,0.0,0.7853981633974483,0
0.5499999999999999,1,24.74019237886466,5.2598076211353355,5.2598076211353355,-0.8660254037844384,0.8660254037844388,0.8660254037844388,-1.443375672974064,1.4433756729740643,1.4433756729740643,0.0,0.0,2.356194490192345,0
0.5499999999999999,2,5.2598076211353355,24.74019237886466,5.2598076211353355,0.8660254037844388,-0.8660254037844386,0.8660254037844388,1.4433756729740645,-1.4433756729740643,1.4433756729740645,0.0,0.0,-0.7853981633974482,0
0.5499999999999999,3,5.2598076211353355,5.2598076211353355,24.74019237886466,0.8660254037844388,0.8660254037844388,-0.8660254037844386,1.4433756729740645,1.4433756729740645,-1.4433756729740643,0.0,0.0,0.7853981633974483,0
0.5499999999999999,4,24.74019237886466,24.74019237886466,5.2598076211353355,-0.8660254037844385,-0.8660254037844385,0.8660254037844389,-1.443375672974064,-1.443375672974064,1.443375672974065,0.0,0.0,-2.356194490192345,0
0.5499999999999999,5,24.74019237886466,5.2598076211353355,24.74019237886466,-0.8660254037844386,0.8660254037844389,-0.8660254037844386,-1.4433756729740643,1.4433756729740645,-1.4433756729740643,0.0,0.0,2.356194490192345,0
0.5499999999999999,6,5.2598076211353355,24.74019237886466,24.74019237886466,0.8660254037844389,-0.8660254037844388,-0.8660254037844388,1.4433756729740645,-1.4433756729740643,-1.4433756729740643,0.0,0.0,-0.7853981633974483,0
0.5499999999999999,7,24.74019237886466,24.74019237886466,24.74019237886466,-0.8660254037844388,-0.8660254037844388,-0.8660254037844388,-1.4433756729740643,-1.4433756729740643,-1.4433756729740643,0.0,0.0,-2.356194490192345,0
0.5499999999999999,8,22.0,15.0,15.0,0.0,0.0,0.0,0.0,0.0,0.0,0.0,0.0,0.0,0
0.6,0,5.304913110915775,5.304913110915775,5.304913110915775,0.9381941874331421,0.9381941874331421,0.9381941874331421,1.4433756729740643,1.4433756729740643,1.4433756729740643,0.0,0.0,0.7853981633974483,0
0.6,1,24.69508688908422,5.304913110915775,5.304913110915775,-0.9381941874331416,0.9381941874331421,0.9381941874331421,-1.4433756729740643,1.4433756729740643,1.4433756729740643,0.0,0.0,2.356194490192345,0
0.6,2,5.304913110915775,24.69508688908422,5.304913110915775,0.9381941874331421,-0.9381941874331418,0.9381941874331421,1.4433756729740643,-1.443375672974064,1.4433756729740643,0.0,0.0,-0.7853981633974482,0
0.6,3,5.304913110915775,5.304913110915775,24.69508688908422,0.9381941874331421,0.9381941874331421,-0.9381941874331418,1.4433756729740643,1.4433756729740643,-1.443375672974064,0.0,0.0,0.7853981633974483,0
0.6,4,24.69508688908422,24.69508688908422,5.304913110915775,-0.9381941874331416,-0.9381941874331416,0.9381941874331421,-1.4433756729740643,-1.4433756729740643,1.4433756729740643,0.0,0.0,-2.356194490192345,0
0.6,5,24.69508688908422,5.304913110915775,24.69508688908422,-0.9381941874331418,0.9381941874331421,-0.9381941874331418,-1.443375672974064,1.4433756729740643,-1.443375672974064,0.0,0.0,2.356194490192345,0
0.6,6,5.304913110915775,24.69508688908422,24.69508688908422,0.9381941874331421,-0.938194187433142,-0.938194187433142,1.4433756729740643,-1.443375672974064,-1.443375672974064,0.0,0.0,-0.7853981633974483,0
0.6,7,24.69508688908422,24.69508688908422,24.69508688908422,-0.9381941874331421,-0.9381941874331421,-0.9381941874331421,-1.4433756729740643,-1.4433756729740643,-1.4433756729740643,0.0,0.0,-2.356194490192345,0
0.6,8,22.0,15.0,15.0,0.0,0.0,0.0,0.0,0.0,0.0,0.0,0.0,0.0,0
0.65,0,5.35362703987865,5.35362703987865,5.35362703987865,1.0103629710818454,1.0103629710818454,1.0103629710818454,1.4433756729740643,1.4433756729740643,1.4433756729740643,0.0,0.0,0.7853981633974483,0
0.65,1,24.646372960121344,5.35362703987865,5.35362703987865,-1.010362971081845,1.0103629710818454,1.0103629710818454,-1.4433756729740643,1.4433756729740643,1.4433756729740643,0.0,0.0,2.356194490192345,0
0.65,2,5.35362703987865,24.646372960121344,5.35362703987865,1.0103629710818454,-1.010362971081845,1.0103629710818454,1.4433756729740643,-1.4433756729740643,1.4433756729740643,0.0,0.0,-0.7853981633974481,0
0.65,3,5.35362703987865,5.35362703987865,24.646372960121344,1.0103629710818454,1.0103629710818454,-1.010362971081845,1.4433756729740643,1.4433756729740643,-1.4433756729740643,0.0,0.0,0.7853981633974483,0
0.65,4,24.646372960121344,24.646372960121344,5.35362703987865,-1.010362971081845,-1.010362971081845,1.0103629710818454,-1.4433756729740643,-1.4433756729740643,1.4433756729740643,0.0,0.0,-2.356194490192345,0
0.65,5,24.646372960121344,5.35362703987865,24.646372960121344,-1.010362971081845,1.0103629710818454,-1.010362971081845,-1.4433756729740643,1.4433756729740643,-1.4433756729740643,0.0,0.0,2.356194490192345,0
0.65,6,5.35362703987865,24.646372960121344,24.646372960121344,1.0103629710818454,-1.0103629710818451,-1.0103629710818451,1.443375672974065,-1.4433756729740643,-1.4433756729740643,0.0,0.0,-0.7853981633974482,0
0.65,7,24.646372960121344,24.646372960121344,24.646372960121344,-1.0103629710818454,-1.0103629710818454,-1.0103629710818454,-1.4433756729740645,-1.4433756729740645,-1.4433756729740645,0.0,0.0,-2.356194490192345,0
0.65,8,22.0,15.0,15.0,0.0,0.0,0.0,0.0,0.0,0.0,0.0,0.0,0.0,0
0.7000000000000001,0,5.40594940802396,5.40594940802396,5.40594940802396,1.0825317547305486,1.0825317547305486,1.0825317547305486,1.4433756729740643,1.4433756729740643,1.4433756729740643,0.0,0.0,0.7853981633974483,0
0.7000000000000001,1,24.594050591976032,5.40594940802396,5.40594940802396,-1.0825317547305482,1.0825317547305486,1.0825317547305486,-1.4433756729740643,1.4433756729740645,1.4433756729740645,0.0,0.0,2.356194490192345,0
0.7000000000000001,2,5.40594940802396,24.594050591976032,5.40594940802396,1.0825317547305486,-1.0825317547305482,1.0825317547305486,1.4433756729740645,-1.4433756729740643,1.4433756729740645,0.0,0.0,-0.7853981633974481,0
0.7000000000000001,3,5.40594940802396,5.40594940802396,24.594050591976032,1.0825317547305486,1.0825317547305486,-1.0825317547305482,1.4433756729740645,1.4433756729740645,-1.4433756729740643,0.0,0.0,0.7853981633974483,0
0.7000000000000001,4,24.594050591976032,24.594050591976032,5.40594940802396,-1.0825317547305482,-1.0825317547305482,1.0825317547305486,-1.4433756729740643,-1.4433756729740643,1.4433756729740652,0.0,0.0,-2.356194490192345,0
0.7000000000000001,5,24.594050591976032,5.40594940802396,24.594050591976032,-1.0825317547305482,1.0825317547305486,-1.0825317547305482,-1.4433756729740643,1.4433756729740652,-1.4433756729740643,0.0,0.0,2.356194490192345,0
0.7000000000000001,6,5.40594940802396,24.594050591976032,24.594050591976032,1.0825317547305486,-1.0825317547305484,-1.0825317547305484,1.4433756729740652,-1.4433756729740643,-1.4433756729740643,0.0,0.0,-0.7853981633974482,0
0.7000000000000001,7,24.594050591976032,24.594050591976032,24.594050591976032,-1.0825317547305486,-1.0825317547305486,-1.0825317547305486,-1.4433756729740643,-1.4433756729740643,-1.4433756729740643,0.0,0.0,-2.356194490192345,0
0.7000000000000001,8,22.0,15.0,15.0,0.0,0.0,0.0,0.0,0.0,0.0,0.0,0.0,0.0,0
0.7500000000000001,0,5.461880215351705,5.461880215351705,5.461880215351705,1.154700538379252,1.154700538379252,1.154700538379252,1.4433756729740643,1.4433756729740643,1.4433756729740643,0.0,0.0,0.7853981633974483,0
0.7500000000000001,1,24.538119784648288,5.461880215351705,5.461880215351705,-1.1547005383792515,1.154700538379252,1.154700538379252,-1.4433756729740643,1.4433756729740645,1.4433756729740645,0.0,0.0,2.356194490192345,0
0.7500000000000001,2,5.461880215351705,24.538119784648288,5.461880215351705,1.154700538379252,-1.1547005383792515,1.154700538379252,1.4433756729740645,-1.4433756729740643,1.4433756729740645,0.0,0.0,-0.7853981633974482,0
0.7500000000000001,3,5.461880215351705,5.461880215351705,24.538119784648288,1.154700538379252,1.154700538379252,-1.1547005383792515,1.4433756729740645,1.4433756729740645,-1.4433756729740643,0.0,0.0,0.7853981633974483,0
0.7500000000000001,4,24.538119784648288,24.538119784648288,5.461880215351705,-1.1547005383792515,-1.1547005383792515,1.154700538379252,-1.443375672974064,-1.443375672974064,1.443375672974065,0.0,0.0,-2.356194490192345,0
0.7500000000000001,5,24.538119784648288,5.461880215351705,24.538119784648288,-1.1547005383792515,1.154700538379252,-1.1547005383792515,-1.443375672974064,1.443375672974065,-1.443375672974064,0.0,0.0,2.356194490192345,0
0.7500000000000001,6,5.461880215351705,24.538119784648288,24.538119784648288,1.154700538379252,-1.1547005383792517,-1.1547005383792517,1.443375672974065,-1.443375672974064,-1.443375672974064,0.0,0.0,-0.7853981633974483,0
0.7500000000000001,7,24.538119784648288,24.538119784648288,24.538119784648288,-1.154700538379252,-1.154700538379252,-1.154700538379252,-1.4433756729740643,-1.4433756729740643,-1.4433756729740643,0.0,0.0,-2.356194490192345,0
0.7500000000000001,8,22.0,15.0,15.0,0.0,0.0,0.0,0.0,0.0,0.0,0.0,0.0,0.0,0
0.8000000000000002,0,5.5214194618618855,5.5214194618618855,5.5214194618618855,1.2268693220279552,1.2268693220279552,1.2268693220279552,1.4433756729740645,1.4433756729740645,1.4433756729740645,0.0,0.0,0.7853981633974483,0
0.8000000000000002,1,24.478580538138107,5.5214194618618855,5.5214194618618855,-1.2268693220279547,1.2268693220279552,1.2268693220279552,-1.443375672974064,1.443375672974065,1.443375672974065,0.0,0.0,2.356194490192345,0
0.8000000000000002,2,5.5214194618618855,24.478580538138107,5.5214194618618855,1.2268693220279552,-1.2268693220279547,1.2268693220279552,1.4433756729740645,-1.4433756729740637,1.4433756729740645,0.0,0.0,-0.7853981633974482,0
0.8000000000000002,3,5.5214194618618855,5.5214194618618855,24.478580538138107,1.2268693220279552,1.2268693220279552,-1.2268693220279547,1.4433756729740643,1.4433756729740643,-1.4433756729740643,0.0,0.0,0.7853981633974483,0
0.8000000000000002,4,24.478580538138107,24.478580538138107,5.5214194618618855,-1.2268693220279547,-1.2268693220279547,1.2268693220279552,-1.4433756729740643,-1.4433756729740643,1.4433756729740643,0.0,0.0,-2.356194490192345,0
0.8000000000000002,5,24.478580538138107,5.5214194618618855,24.478580538138107,-1.2268693220279547,1.2268693220279552,-1.2268693220279547,-1.4433756729740643,1.4433756729740643,-1.4433756729740643,0.0,0.0,2.356194490192345,0
0.8000000000000002,6,5.5214194618618855,24.478580538138107,24.478580538138107,1.2268693220279552,-1.226869322027955,-1.226869322027955,1.4433756729740645,-1.4433756729740643,-1.4433756729740643,0.0,0.0,-0.7853981633974482,0
0.8000000000000002,7,24.478580538138107,24.478580538138107,24.478580538138107,-1.2268693220279552,-1.2268693220279552,-1.2268693220279552,-1.4433756729740643,-1.4433756729740643,-1.4433756729740643,0.0,0.0,-2.356194490192345,0
0.8000000000000002,8,22.0,15.0,15.0,0.0,0.0,0.0,0.0,0.0,0.0,0.0,0.0,0.0,0
0.8500000000000002,0,5.584567147554501,5.584567147554501,5.584567147554501,1.2990381056766584,1.2990381056766584,1.2990381056766584,1.4433756729740643,1.4433756729740643,1.4433756729740643,0.0,0.0,0.7853981633974483,0
0.8500000000000002,1,24.41543285244549,5.584567147554501,5.584567147554501,-1.299038105676658,1.2990381056766584,1.2990381056766584,-1.443375672974064,1.4433756729740645,1.4433756729740645,0.0,0.0,2.356194490192345,0
0.8500000000000002,2,5.584567147554501,24.41543285244549,5.584567147554501,1.2990381056766584,-1.299038105676658,1.2990381056766584,1.4433756729740645,-1.443375672974064,1.4433756729740645,0.0,0.0,-0.7853981633974482,0
0.8500000000000002,3,5.584567147554501,5.584567147554501,24.41543285244549,1.2990381056766584,1.2990381056766584,-1.299038105676658,1.4433756729740645,1.4433756729740645,-1.443375672974064,0.0,0.0,0.7853981633974483,0
0.8500000000000002,4,24.41543285244549,24.41543285244549,5.584567147554501,-1.299038105676658,-1.299038105676658,1.2990381056766584,-1.4433756729740643,-1.4433756729740643,1.443375672974065,0.0,0.0,-2.356194490192345,0
0.8500000000000002,5,24.41543285244549,5.584567147554501,24.41543285244549,-1.299038105676658,1.2990381056766584,-1.299038105676658,-1.4433756729740643,1.443375672974065,-1.4433756729740643,0.0,0.0,2.356194490192345,0
0.8500000000000002,6,5.584567147554501,24.41543285244549,24.41543285244549,1.2990381056766584,-1.2990381056766582,-1.2990381056766582,1.443375672974065,-1.4433756729740643,-1.4433756729740643,0.0,0.0,-0.7853981633974483,0
0.8500000000000002,7,24.41543285244549,24.41543285244549,24.41543285244549,-1.2990381056766584,-1.2990381056766584,-1.2990381056766584,-1.4433756729740643,-1.4433756729740643,-1.4433756729740643,0.0,0.0,-2.356194490192345,0
0.8500000000000002,8,22.0,15.0,15.0,0.0,0.0,0.0,0.0,0.0,0.0,0.0,0.0,0.0,0
0.9000000000000002,0,5.6513232724295515,5.6513232724295515,5.6513232724295515,1.3712068893253617,1.3712068893253617,1.3712068893253617,1.4433756729740643,1.4433756729740643,1.4433756729740643,0.0,0.0,0.7853981633974483,0
0.9000000000000002,1,24.34867672757044,5.6513232724295515,5.6513232724295515,-1.3712068893253613,1.3712068893253617,1.3712068893253617,-1.4433756729740643,1.4433756729740645,1.4433756729740645,0.0,0.0,2.356194490192345,0
0.9000000000000002,2,5.6513232724295515,24.34867672757044,5.6513232724295515,1.3712068893253617,-1.3712068893253613,1.3712068893253617,1.4433756729740645,-1.4433756729740643,1.4433756729740645,0.0,0.0,-0.7853981633974482,0
0.9000000000000002,3,5.6513232724295515,5.6513232724295515,24.34867672757044,1.3712068893253617,1.3712068893253617,-1.3712068893253613,1.4433756729740645,1.4433756729740645,-1.4433756729740643,0.0,0.0,0.7853981633974483,0
0.9000000000000002,4,24.34867672757044,24.34867672757044,5.6513232724295515,-1.3712068893253613,-1.3712068893253613,1.3712068893253617,-1.4433756729740643,-1.4433756729740643,1.4433756729740645,0.0,0.0,-2.356194490192345,0
0.9000000000000002,5,24.34867672757044,5.6513232724295515,24.34867672757044,-1.3712068893253613,1.3712068893253617,-1.3712068893253613,-1.443375672974064,1.443375672974065,-1.443375672974064,0.0,0.0,2.356194490192345,0
0.9000000000000002,6,5.6513232724295515,24.34867672757044,24.34867672757044,1.3712068893253617,-1.3712068893253615,-1.3712068893253615,1.4433756729740652,-1.443375672974064,-1.443375672974064,0.0,0.0,-0.7853981633974482,0
0.9000000000000002,7,24.34867672757044,24.34867672757044,24.34867672757044,-1.3712068893253617,-1.3712068893253617,-1.3712068893253617,-1.4433756729740643,-1.4433756729740643,-1.4433756729740643,0.0,0.0,-2.356194490192345,0
0.9000000000000002,8,22.0,15.0,15.0,0.0,0.0,0.0,0.0,0.0,0.0,0.0,0.0,0.0,0
0.9500000000000003,0,5.721687836487037,5.721687836487037,5.721687836487037,1.443375672974065,1.443375672974065,1.443375672974065,1.4433756729740643,1.4433756729740643,1.4433756729740643,0.0,0.0,0.7853981633974483,0
0.9500000000000003,1,24.278312163512954,5.721687836487037,5.721687836487037,-1.4433756729740645,1.443375672974065,1.443375672974065,-1.4433756729740637,1.4433756729740645,1.4433756729740645,0.0,0.0,2.356194490192345,0
0.9500000000000003,2,5.721687836487037,24.278312163512954,5.721687836487037,1.443375672974065,-1.4433756729740645,1.443375672974065,1.4433756729740645,-1.4433756729740637,1.4433756729740645,0.0,0.0,-0.7853981633974482,0
0.9500000000000003,3,5.721687836487037,5.721687836487037,24.278312163512954,1.443375672974065,1.443375672974065,-1.4433756729740645,1.443375672974065,1.443375672974065,-1.4433756729740634,0.0,0.0,0.7853981633974483,0
0.9500000000000003,4,24.278312163512954,24.278312163512954,5.721687836487037,-1.4433756729740645,-1.4433756729740645,1.443375672974065,-1.4433756729740637,-1.4433756729740637,1.4433756729740652,0.0,0.0,-2.356194490192345,0
0.9500000000000003,5,24.278312163512954,5.721687836487037,24.278312163512954,-1.4433756729740645,1.443375672974065,-1.4433756729740645,-1.443375672974064,1.4433756729740654,-1.443375672974064,0.0,0.0,2.356194490192345,0
0.9500000000000003,6,5.721687836487037,24.278312163512954,24.278312163512954,1.443375672974065,-1.4433756729740648,-1.4433756729740648,1.4433756729740654,-1.4433756729740637,-1.4433756729740637,0.0,0.0,-0.7853981633974483,0
0.9500000000000003,7,24.278312163512954,24.278312163512954,24.278312163512954,-1.443375672974065,-1.443375672974065,-1.443375672974065,-1.4433756729740643,-1.4433756729740643,-1.4433756729740643,0.0,0.0,-2.356194490192345,0
0.9500000000000003,8,22.0,15.0,15.0,0.0,0.0,0.0,0.0,0.0,0.0,0.0,0.0,0.0,0
1.0000000000000002,0,5.795660839726958,5.795660839726958,5.795660839726958,1.5155444566227683,1.5155444566227683,1.5155444566227683,1.4433756729740645,1.4433756729740645,1.4433756729740645,0.0,0.0,0.7853981633974483,0
1.0000000000000002,1,24.204339160273033,5.795660839726958,5.795660839726958,-1.5155444566227678,1.5155444566227683,1.5155444566227683,-1.4433756729740634,1.443375672974065,1.443375672974065,0.0,0.0,2.356194490192345,0
1.0000000000000002,2,5.795660839726958,24.204339160273033,5.795660839726958,1.5155444566227683,-1.5155444566227678,1.5155444566227683,1.443375672974065,-1.4433756729740634,1.443375672974065,0.0,0.0,-0.7853981633974482,0
1.0000000000000002,3,5.795660839726958,5.795660839726958,24.204339160273033,1.5155444566227683,1.5155444566227683,-1.5155444566227678,1.443375672974065,1.443375672974065,-1.4433756729740634,0.0,0.0,0.7853981633974483,0
1.0000000000000002,4,24.204339160273033,24.204339160273033,5.795660839726958,-1.5155444566227678,-1.5155444566227678,1.5155444566227683,-1.443375672974064,-1.443375672974064,1.4433756729740654,0.0,0.0,-2.356194490192345,0
1.0000000000000002,5,24.204339160273033,5.795660839726958,24.204339160273033,-1.5155444566227678,1.5155444566227683,-1.5155444566227678,-1.443375672974064,1.4433756729740654,-1.443375672974064,0.0,0.0,2.356194490192345,0
1.0000000000000002,6,5.795660839726958,24.204339160273033,24.204339160273033,1.5155444566227683,-1.515544456622768,-1.515544456622768,1.4433756729740654,-1.443375672974064,-1.443375672974064,0.0,0.0,-0.7853981633974483,0
1.0000000000000002,7,24.204339160273033,24.204339160273033,24.204339160273033,-1.5155444566227683,-1.5155444566227683,-1.5155444566227683,-1.4433756729740645,-1.4433756729740645,-1.4433756729740645,0.0,0.0,-2.356194490192345,0
1.0000000000000002,8,22.0,15.0,15.0,0.0,0.0,0.0,0.0,0.0,0.0,0.0,0.0,0.0,0
1.0500000000000003,0,5.873242282149315,5.873242282149315,5.873242282149315,1.5877132402714715,1.5877132402714715,1.5877132402714715,1.4433756729740643,1.4433756729740643,1.4433756729740643,0.0,0.0,0.7853981633974483,0
1.0500000000000003,1,24.126757717850676,5.873242282149315,5.873242282149315,-1.587713240271471,1.5877132402714715,1.5877132402714715,-1.4433756729740634,1.443375672974065,1.443375672974065,0.0,0.0,2.356194490192345,0
1.0500000000000003,2,5.873242282149315,24.126757717850676,5.873242282149315,1.5877132402714715,-1.587713240271471,1.5877132402714715,1.443375672974065,-1.4433756729740634,1.443375672974065,0.0,0.0,-0.7853981633974482,0
1.0500000000000003,3,5.873242282149315,5.873242282149315,24.126757717850676,1.5877132402714715,1.5877132402714715,-1.587713240271471,1.443375672974065,1.443375672974065,-1.4433756729740634,0.0,0.0,0.7853981633974483,0
1.0500000000000003,4,24.126757717850676,24.126757717850676,5.873242282149315,-1.587713240271471,-1.587713240271471,1.5877132402714715,-1.4433756729740637,-1.4433756729740637,1.4433756729740654,0.0,0.0,-2.356194490192345,0
1.0500000000000003,5,24.126757717850676,5.873242282149315,24.126757717850676,-1.587713240271471,1.5877132402714715,-1.587713240271471,-1.4433756729740637,1.4433756729740654,-1.4433756729740637,0.0,0.0,2.356194490192345,0
1.0500000000000003,6,5.873242282149315,24.126757717850676,24.126757717850676,1.5877132402714715,-1.5877132402714713,-1.5877132402714713,1.4433756729740657,-1.443375672974064,-1.443375672974064,0.0,0.0,-0.7853981633974483,0
1.0500000000000003,7,24.126757717850676,24.126757717850676,24.126757717850676,-1.5877132402714715,-1.5877132402714715,-1.5877132402714715,-1.4433756729740643,-1.4433756729740643,-1.4433756729740643,0.0,0.0,-2.356194490192345,0
1.0500000000000003,8,22.0,15.0,15.0,0.0,0.0,0.0,0.0,0.0,0.0,0.0,0.0,0.0,0
1.1000000000000003,0,5.954432163754107,5.954432163754107,5.954432163754107,1.6598820239201748,1.6598820239201748,1.6598820239201748,1.4433756729740643,1.4433756729740643,1.4433756729740643,0.0,0.0,0.7853981633974483,0
1.1000000000000003,1,24.045567836245883,5.954432163754107,5.954432163754107,-1.6598820239201744,1.6598820239201748,1.6598820239201748,-1.4433756729740634,1.443375672974065,1.443375672974065,0.0,0.0,2.356194490192345,0
1.1000000000000003,2,5.954432163754107,24.045567836245883,5.954432163754107,1.6598820239201748,-1.6598820239201744,1.6598820239201748,1.443375672974065,-1.4433756729740634,1.443375672974065,0.0,0.0,-0.7853981633974482,0
1.1000000000000003,3,5.954432163754107,5.954432163754107,24.045567836245883,1.6598820239201748,1.6598820239201748,-1.6598820239201744,1.443375672974065,1.443375672974065,-1.4433756729740634,0.0,0.0,0.7853981633974483,0
1.1000000000000003,4,24.045567836245883,24.045567836245883,5.954432163754107,-1.6598820239201744,-1.6598820239201744,1.6598820239201748,-1.443375672974064,-1.443375672974064,1.4433756729740652,0.0,0.0,-2.356194490192345,0
1.1000000000000003,5,24.045567836245883,5.954432163754107,24.045567836245883,-1.6598820239201744,1.6598820239201748,-1.6598820239201744,-1.443375672974064,1.4433756729740652,-1.443375672974064,0.0,0.0,2.356194490192345,0
1.1000000000000003,6,5.954432163754107,24.045567836245883,24.045567836245883,1.6598820239201748,-1.6598820239201746,-1.6598820239201746,1.4433756729740652,-1.4433756729740637,-1.4433756729740637,0.0,0.0,-0.7853981633974483,0
1.1000000000000003,7,24.045567836245883,24.045567836245883,24.045567836245883,-1.6598820239201748,-1.6598820239201748,-1.6598820239201748,-1.4433756729740643,-1.4433756729740643,-1.4433756729740643,0.0,0.0,-2.356194490192345,0
1.1000000000000003,8,22.0,15.0,15.0,0.0,0.0,0.0,0.0,0.0,0.0,0.0,0.0,0.0,0
1.1500000000000004,0,6.039230484541334,6.039230484541334,6.039230484541334,1.732050807568878,1.732050807568878,1.732050807568878,1.4433756729740643,1.4433756729740643,1.4433756729740643,0.0,0.0,0.7853981633974483,0
1.1500000000000004,1,23.960769515458658,6.039230484541334,6.039230484541334,-1.7320508075688776,1.732050807568878,1.732050807568878,-1.4433756729740634,1.4433756729740652,1.4433756729740652,0.0,0.0,2.356194490192345,0
1.1500000000000004,2,6.039230484541334,23.960769515458658,6.039230484541334,1.732050807568878,-1.7320508075688776,1.732050807568878,1.4433756729740652,-1.4433756729740634,1.4433756729740652,0.0,0.0,-0.7853981633974482,0
1.1500000000000004,3,6.039230484541334,6.039230484541334,23.960769515458658,1.732050807568878,1.732050807568878,-1.7320508075688776,1.4433756729740652,1.4433756729740652,-1.4433756729740634,0.0,0.0,0.7853981633974483,0
1.1500000000000004,4,23.960769515458658,23.960769515458658,6.039230484541334,-1.7320508075688776,-1.7320508075688776,1.732050807568878,-1.443375672974064,-1.443375672974064,1.4433756729740657,0.0,0.0,-2.356194490192345,0
1.1500000000000004,5,23.960769515458658,6.039230484541334,23.960769515458658,-1.7320508075688776,1.732050807568878,-1.7320508075688776,-1.443375672974064,1.4433756729740657,-1.443375672974064,0.0,0.0,2.356194490192345,0
1.1500000000000004,6,6.039230484541334,23.960769515458658,23.960769515458658,1.732050807568878,-1.7320508075688779,-1.7320508075688779,1.4433756729740657,-1.4433756729740637,-1.4433756729740637,0.0,0.0,-0.7853981633974483,0
1.1500000000000004,7,23.960769515458658,23.960769515458658,23.960769515458658,-1.732050807568878,-1.732050807568878,-1.732050807568878,-1.4433756729740643,-1.4433756729740643,-1.4433756729740643,0.0,0.0,-2.356194490192345,0
1.1500000000000004,8,22.0,15.0,15.0,0.0,0.0,0.0,0.0,0.0,0.0,0.0,0.0,0.0,0
1.2000000000000004,0,6.127637244510996,6.127637244510996,6.127637244510996,1.8042195912175814,1.8042195912175814,1.8042195912175814,1.4433756729740645,1.4433756729740645,1.4433756729740645,0.0,0.0,0.7853981633974483,0
1.2000000000000004,1,23.872362755488997,6.127637244510996,6.127637244510996,-1.804219591217581,1.8042195912175814,1.8042195912175814,-1.4433756729740643,1.4433756729740643,1.4433756729740643,0.0,0.0,2.356194490192345,0
1.2000000000000004,2,6.127637244510996,23.872362755488997,6.127637244510996,1.8042195912175814,-1.804219591217581,1.8042195912175814,1.4433756729740643,-1.4433756729740643,1.4433756729740643,0.0,0.0,-0.7853981633974482,0
1.2000000000000004,3,6.127637244510996,6.127637244510996,23.872362755488997,1.8042195912175814,1.8042195912175814,-1.804219591217581,1.443375672974065,1.443375672974065,-1.4433756729740637,0.0,0.0,0.7853981633974483,0
1.2000000000000004,4,23.872362755488997,23.872362755488997,6.127637244510996,-1.804219591217581,-1.804219591217581,1.8042195912175814,-1.4433756729740643,-1.4433756729740643,1.4433756729740643,0.0,0.0,-2.356194490192345,0
1.2000000000000004,5,23.872362755488997,6.127637244510996,23.872362755488997,-1.804219591217581,1.8042195912175814,-1.804219591217581,-1.4433756729740643,1.4433756729740643,-1.4433756729740643,0.0,0.0,2.356194490192345,0
1.2000000000000004,6,6.127637244510996,23.872362755488997,23.872362755488997,1.8042195912175814,-1.8042195912175811,-1.8042195912175811,1.4433756729740645,-1.4433756729740643,-1.4433756729740643,0.0,0.0,-0.7853981633974483,0
1.2000000000000004,7,23.872362755488997,23.872362755488997,23.872362755488997,-1.8042195912175814,-1.8042195912175814,-1.8042195912175814,-1.4433756729740643,-1.4433756729740643,-1.4433756729740643,0.0,0.0,-2.356194490192345,0
1.2000000000000004,8,22.0,15.0,15.0,0.0,0.0,0.0,0.0,0.0,0.0,0.0,0.0,0.0,0
1.2500000000000004,0,6.219652443663094,6.219652443663094,6.219652443663094,1.8763883748662846,1.8763883748662846,1.8763883748662846,1.4433756729740645,1.4433756729740645,1.4433756729740645,0.0,0.0,0.7853981633974483,0
1.2500000000000004,1,23.7803475563369,6.219652443663094,6.219652443663094,-1.8763883748662842,1.8763883748662846,1.8763883748662846,-1.443375672974064,1.443375672974065,1.443375672974065,0.0,0.0,2.356194490192345,0
1.2500000000000004,2,6.219652443663094,23.7803475563369,6.219652443663094,1.8763883748662846,-1.8763883748662842,1.8763883748662846,1.443375672974065,-1.443375672974064,1.443375672974065,0.0,0.0,-0.7853981633974482,0
1.2500000000000004,3,6.219652443663094,6.219652443663094,23.7803475563369,1.8763883748662846,1.8763883748662846,-1.8763883748662842,1.443375672974065,1.443375672974065,-1.443375672974064,0.0,0.0,0.7853981633974483,0
1.2500000000000004,4,23.7803475563369,23.7803475563369,6.219652443663094,-1.8763883748662842,-1.8763883748662842,1.8763883748662846,-1.443375672974064,-1.443375672974064,1.4433756729740652,0.0,0.0,-2.356194490192345,0
1.2500000000000004,5,23.7803475563369,6.219652443663094,23.7803475563369,-1.8763883748662842,1.8763883748662846,-1.8763883748662842,-1.443375672974064,1.4433756729740652,-1.443375672974064,0.0,0.0,2.356194490192345,0
1.2500000000000004,6,6.219652443663094,23.7803475563369,23.7803475563369,1.8763883748662846,-1.8763883748662844,-1.8763883748662844,1.4433756729740654,-1.4433756729740637,-1.4433756729740637,0.0,0.0,-0.7853981633974483,0
1.2500000000000004,7,23.7803475563369,23.7803475563369,23.7803475563369,-1.8763883748662846,-1.8763883748662846,-1.8763883748662846,-1.4433756729740645,-1.4433756729740645,-1.4433756729740645,0.0,0.0,-2.356194490192345,0
1.2500000000000004,8,22.0,15.0,15.0,0.0,0.0,0.0,0.0,0.0,0.0,0.0,0.0,0.0,0
1.3000000000000005,0,6.315276081997626,6.315276081997626,6.315276081997626,1.948557158514988,1.948557158514988,1.948557158514988,1.4433756729740643,1.4433756729740643,1.4433756729740643,0.0,0.0,0.7853981633974483,0
1.3000000000000005,1,23.684723918002366,6.315276081997626,6.315276081997626,-1.9485571585149875,1.948557158514988,1.948557158514988,-1.443375672974064,1.4433756729740645,1.4433756729740645,0.0,0.0,2.356194490192345,0
1.3000000000000005,2,6.315276081997626,23.684723918002366,6.315276081997626,1.948557158514988,-1.9485571585149875,1.948557158514988,1.4433756729740645,-1.443375672974064,1.4433756729740645,0.0,0.0,-0.7853981633974482,0
1.3000000000000005,3,6.315276081997626,6.315276081997626,23.684723918002366,1.948557158514988,1.948557158514988,-1.9485571585149875,1.4433756729740645,1.4433756729740645,-1.443375672974064,0.0,0.0,0.7853981633974483,0
1.3000000000000005,4,23.684723918002366,23.684723918002366,6.315276081997626,-1.9485571585149875,-1.9485571585149875,1.948557158514988,-1.443375672974064,-1.443375672974064,1.4433756729740652,0.0,0.0,-2.356194490192345,0
1.3000000000000005,5,23.684723918002366,6.315276081997626,23.684723918002366,-1.9485571585149875,1.948557158514988,-1.9485571585149875,-1.4433756729740643,1.443375672974065,-1.4433756729740643,0.0,0.0,2.356194490192345,0
1.3000000000000005,6,6.315276081997626,23.684723918002366,23.684723918002366,1.948557158514988,-1.9485571585149877,-1.9485571585149877,1.4433756729740652,-1.443375672974064,-1.443375672974064,0.0,0.0,-0.7853981633974483,0
1.3000000000000005,7,23.684723918002366,23.684723918002366,23.684723918002366,-1.948557158514988,-1.948557158514988,-1.948557158514988,-1.4433756729740643,-1.4433756729740643,-1.4433756729740643,0.0,0.0,-2.356194490192345,0
1.3000000000000005,8,22.0,15.0,15.0,0.0,0.0,0.0,0.0,0.0,0.0,0.0,0.0,0.0,0
1.3500000000000005,0,6.414508159514594,6.414508159514594,6.414508159514594,2.020725942163691,2.020725942163691,2.020725942163691,1.4433756729740643,1.4433756729740643,1.4433756729740643,0.0,0.0,0.7853981633974483,0
1.3500000000000005,1,23.5854918404854,6.414508159514594,6.414508159514594,-2.0207259421636907,2.020725942163691,2.020725942163691,-1.4433756729740637,1.4433756729740645,1.4433756729740645,0.0,0.0,2.356194490192345,0
1.3500000000000005,2,6.414508159514594,23.5854918404854,6.414508159514594,2.020725942163691,-2.0207259421636907,2.020725942163691,1.4433756729740645,-1.4433756729740637,1.4433756729740645,0.0,0.0,-0.7853981633974482,0
1.3500000000000005,3,6.414508159514594,6.414508159514594,23.5854918404854,2.020725942163691,2.020725942163691,-2.0207259421636907,1.4433756729740645,1.4433756729740645,-1.4433756729740637,0.0,0.0,0.7853981633974483,0
1.3500000000000005,4,23.5854918404854,23.5854918404854,6.414508159514594,-2.0207259421636907,-2.0207259421636907,2.020725942163691,-1.4433756729740637,-1.4433756729740637,1.4433756729740652,0.0,0.0,-2.356194490192345,0
1.3500000000000005,5,23.5854918404854,6.414508159514594,23.5854918404854,-2.0207259421636907,2.020725942163691,-2.0207259421636907,-1.4433756729740637,1.4433756729740652,-1.4433756729740637,0.0,0.0,2.356194490192345,0
1.3500000000000005,6,6.414508159514594,23.5854918404854,23.5854918404854,2.020725942163691,-2.0207259421636907,-2.0207259421636907,1.4433756729740657,-1.4433756729740637,-1.4433756729740637,0.0,0.0,-0.7853981633974482,0
1.3500000000000005,7,23.5854918404854,23.5854918404854,23.5854918404854,-2.020725942163691,-2.020725942163691,-2.020725942163691,-1.4433756729740643,-1.4433756729740643,-1.4433756729740643,0.0,0.0,-2.356194490192345,0
1.3500000000000005,8,22.0,15.0,15.0,0.0,0.0,0.0,0.0,0.0,0.0,0.0,0.0,0.0,0
1.4000000000000006,0,6.517348676213997,6.517348676213997,6.517348676213997,2.0928947258123944,2.0928947258123944,2.0928947258123944,1.4433756729740643,1.4433756729740643,1.4433756729740643,0.0,0.0,0.7853981633974483,0
1.4000000000000006,1,23.482651323785998,6.517348676213997,6.517348676213997,-2.092894725812394,2.0928947258123944,2.0928947258123944,-1.443375672974064,1.4433756729740645,1.4433756729740645,0.0,0.0,2.356194490192345,0
1.4000000000000006,2,6.517348676213997,23.482651323785998,6.517348676213997,2.0928947258123944,-2.092894725812394,2.0928947258123944,1.4433756729740645,-1.443375672974064,1.4433756729740645,0.0,0.0,-0.7853981633974482,0
1.4000000000000006,3,6.517348676213997,6.517348676213997,23.482651323785998,2.0928947258123944,2.0928947258123944,-2.092894725812394,1.4433756729740645,1.4433756729740645,-1.443375672974064,0.0,0.0,0.7853981633974483,0
1.4000000000000006,4,23.482651323785998,23.482651323785998,6.517348676213997,-2.092894725812394,-2.092894725812394,2.0928947258123944,-1.443375672974064,-1.443375672974064,1.4433756729740654,0.0,0.0,-2.356194490192345,0
1.4000000000000006,5,23.482651323785998,6.517348676213997,23.482651323785998,-2.092894725812394,2.0928947258123944,-2.092894725812394,-1.443375672974064,1.4433756729740654,-1.443375672974064,0.0,0.0,2.356194490192345,0
1.4000000000000006,6,6.517348676213997,23.482651323785998,23.482651323785998,2.0928947258123944,-2.092894725812394,-2.092894725812394,1.4433756729740654,-1.443375672974064,-1.443375672974064,0.0,0.0,-0.7853981633974482,0
1.4000000000000006,7,23.482651323785998,23.482651323785998,23.482651323785998,-2.0928947258123944,-2.0928947258123944,-2.0928947258123944,-1.4433756729740643,-1.4433756729740643,-1.4433756729740643,0.0,0.0,-2.356194490192345,0
1.4000000000000006,8,22.0,15.0,15.0,0.0,0.0,0.0,0.0,0.0,0.0,0.0,0.0,0.0,0
1.4500000000000006,0,6.623797632095835,6.623797632095835,6.623797632095835,2.1650635094610977,2.1650635094610977,2.1650635094610977,1.4433756729740643,1.4433756729740643,1.4433756729740643,0.0,0.0,0.7853981633974483,0
1.4500000000000006,1,23.37620236790416,6.623797632095835,6.623797632095835,-2.1650635094610973,2.1650635094610977,2.1650635094610977,-1.4433756729740645,1.4433756729740645,1.4433756729740645,0.0,0.0,2.356194490192345,0
1.4500000000000006,2,6.623797632095835,23.37620236790416,6.623797632095835,2.1650635094610977,-2.1650635094610973,2.1650635094610977,1.4433756729740643,-1.4433756729740643,1.4433756729740643,0.0,0.0,-0.7853981633974482,0
1.4500000000000006,3,6.623797632095835,6.623797632095835,23.37620236790416,2.1650635094610977,2.1650635094610977,-2.1650635094610973,1.4433756729740643,1.4433756729740643,-1.4433756729740643,0.0,0.0,0.7853981633974483,0
1.4500000000000006,4,23.37620236790416,23.37620236790416,6.623797632095835,-2.1650635094610973,-2.1650635094610973,2.1650635094610977,-1.4433756729740645,-1.4433756729740645,1.4433756729740645,0.0,0.0,-2.356194490192345,0
1.4500000000000006,5,23.37620236790416,6.623797632095835,23.37620236790416,-2.1650635094610973,2.1650635094610977,-2.1650635094610973,-1.4433756729740645,1.4433756729740645,-1.4433756729740645,0.0,0.0,2.356194490192345,0
1.4500000000000006,6,6.623797632095835,23.37620236790416,23.37620236790416,2.1650635094610977,-2.1650635094610973,-2.1650635094610973,1.4433756729740645,-1.4433756729740645,-1.4433756729740645,0.0,0.0,-0.7853981633974482,0
1.4500000000000006,7,23.37620236790416,23.37620236790416,23.37620236790416,-2.1650635094610977,-2.1650635094610977,-2.1650635094610977,-1.4433756729740643,-1.4433756729740643,-1.4433756729740643,0.0,0.0,-2.356194490192345,0
1.4500000000000006,8,22.0,15.0,15.0,0.0,0.0,0.0,0.0,0.0,0.0,0.0,0.0,0.0,0
1.5000000000000007,0,6.733855027160108,6.733855027160108,6.733855027160108,2.237232293109801,2.237232293109801,2.237232293109801,1.4433756729740643,1.4433756729740643,1.4433756729740643,0.0,0.0,0.7853981633974483,0
1.5000000000000007,1,23.266144972839886,6.733855027160108,6.733855027160108,-2.2372322931098005,2.237232293109801,2.237232293109801,-1.4433756729740643,1.4433756729740643,1.4433756729740643,0.0,0.0,2.356194490192345,0
1.5000000000000007,2,6.733855027160108,23.266144972839886,6.733855027160108,2.237232293109801,-2.2372322931098005,2.237232293109801,1.4433756729740643,-1.4433756729740643,1.4433756729740643,0.0,0.0,-0.7853981633974483,0
1.5000000000000007,3,6.733855027160108,6.733855027160108,23.266144972839886,2.237232293109801,2.237232293109801,-2.2372322931098005,1.4433756729740643,1.4433756729740643,-1.4433756729740643,0.0,0.0,0.7853981633974483,0
1.5000000000000007,4,23.266144972839886,23.266144972839886,6.733855027160108,-2.2372322931098005,-2.2372322931098005,2.237232293109801,-1.4433756729740643,-1.4433756729740643,1.4433756729740643,0.0,0.0,-2.356194490192345,0
1.5000000000000007,5,23.266144972839886,6.733855027160108,23.266144972839886,-2.2372322931098005,2.237232293109801,-2.2372322931098005,-1.4433756729740643,1.4433756729740643,-1.4433756729740643,0.0,0.0,2.356194490192345,0
1.5000000000000007,6,6.733855027160108,23.266144972839886,23.266144972839886,2.237232293109801,-2.2372322931098005,-2.2372322931098005,1.4433756729740643,-1.4433756729740643,-1.4433756729740643,0.0,0.0,-0.7853981633974483,0
1.5000000000000007,7,23.266144972839886,23.266144972839886,23.266144972839886,-2.237232293109801,-2.237232293109801,-2.237232293109801,-1.4433756729740643,-1.4433756729740643,-1.4433756729740643,0.0,0.0,-2.356194490192345,0
1.5000000000000007,8,22.0,15.0,15.0,0.0,0.0,0.0,0.0,0.0,0.0,0.0,0.0,0.0,0
1.5500000000000007,0,6.847520861406816,6.847520861406816,6.847520861406816,2.3094010767585043,2.3094010767585043,2.3094010767585043,1.4433756729740643,1.4433756729740643,1.4433756729740643,0.0,0.0,0.7853981633974483,0
1.5500000000000007,1,23.15247913859318,6.847520861406816,6.847520861406816,-2.309401076758504,2.3094010767585043,2.3094010767585043,-1.4433756729740637,1.443375672974065,1.443375672974065,0.0,0.0,2.356194490192345,0
1.5500000000000007,2,6.847520861406816,23.15247913859318,6.847520861406816,2.3094010767585043,-2.309401076758504,2.3094010767585043,1.443375672974065,-1.4433756729740637,1.443375672974065,0.0,0.0,-0.7853981633974482,0
1.5500000000000007,3,6.847520861406816,6.847520861406816,23.15247913859318,2.3094010767585043,2.3094010767585043,-2.309401076758504,1.443375672974065,1.443375672974065,-1.4433756729740637,0.0,0.0,0.7853981633974483,0
1.5500000000000007,4,23.15247913859318,23.15247913859318,6.847520861406816,-2.309401076758504,-2.309401076758504,2.3094010767585043,-1.4433756729740637,-1.4433756729740637,1.4433756729740657,0.0,0.0,-2.356194490192345,0
1.5500000000000007,5,23.15247913859318,6.847520861406816,23.15247913859318,-2.309401076758504,2.3094010767585043,-2.309401076758504,-1.4433756729740637,1.4433756729740657,-1.4433756729740637,0.0,0.0,2.356194490192345,0
1.5500000000000007,6,6.847520861406816,23.15247913859318,23.15247913859318,2.3094010767585043,-2.309401076758504,-2.309401076758504,1.4433756729740657,-1.4433756729740637,-1.4433756729740637,0.0,0.0,-0.7853981633974482,0
1.5500000000000007,7,23.15247913859318,23.15247913859318,23.15247913859318,-2.3094010767585043,-2.3094010767585043,-2.3094010767585043,-1.4433756729740643,-1.4433756729740643,-1.4433756729740643,0.0,0.0,-2.356194490192345,0
1.5500000000000007,8,22.0,15.0,15.0,0.0,0.0,0.0,0.0,0.0,0.0,0.0,0.0,0.0,0
1.6000000000000008,0,6.96479513483596,6.96479513483596,6.96479513483596,2.3815698604072075,2.3815698604072075,2.3815698604072075,1.4433756729740645,1.4433756729740645,1.4433756729740645,0.0,0.0,0.7853981633974483,0
1.6000000000000008,1,23.035204865164037,6.96479513483596,6.96479513483596,-2.381569860407207,2.3815698604072075,2.3815698604072075,-1.4433756729740643,1.4433756729740643,1.4433756729740643,0.0,0.0,2.356194490192345,0
1.6000000000000008,2,6.96479513483596,23.035204865164037,6.96479513483596,2.3815698604072075,-2.381569860407207,2.3815698604072075,1.4433756729740643,-1.4433756729740643,1.4433756729740643,0.0,0.0,-0.7853981633974482,0
1.6000000000000008,3,6.96479513483596,6.96479513483596,23.035204865164037,2.3815698604072075,2.3815698604072075,-2.381569860407207,1.4433756729740643,1.4433756729740643,-1.4433756729740643,0.0,0.0,0.7853981633974483,0
1.6000000000000008,4,23.035204865164037,23.035204865164037,6.96479513483596,-2.381569860407207,-2.381569860407207,2.3815698604072075,-1.4433756729740643,-1.4433756729740643,1.4433756729740643,0.0,0.0,-2.356194490192345,0
1.6000000000000008,5,23.035204865164037,6.96479513483596,23.035204865164037,-2.381569860407207,2.3815698604072075,-2.381569860407207,-1.4433756729740643,1.4433756729740643,-1.4433756729740643,0.0,0.0,2.356194490192345,0
1.6000000000000008,6,6.96479513483596,23.035204865164037,23.035204865164037,2.3815698604072075,-2.381569860407207,-2.381569860407207,1.4433756729740643,-1.4433756729740643,-1.4433756729740643,0.0,0.0,-0.7853981633974482,0
1.6000000000000008,7,23.035204865164037,23.035204865164037,23.035204865164037,-2.3815698604072075,-2.3815698604072075,-2.3815698604072075,-1.4433756729740645,-1.4433756729740645,-1.4433756729740645,0.0,0.0,-2.356194490192345,0
1.6000000000000008,8,22.0,15.0,15.0,0.0,0.0,0.0,0.0,0.0,0.0,0.0,0.0,0.0,0
1.6500000000000008,0,7.085677847447538,7.085677847447538,7.085677847447538,2.453738644055911,2.453738644055911,2.453738644055911,1.4433756729740643,1.4433756729740643,1.4433756729740643,0.0,0.0,0.7853981633974483,0
1.6500000000000008,1,22.914322152552458,7.085677847447538,7.085677847447538,-2.4537386440559104,2.453738644055911,2.453738644055911,-1.4433756729740645,1.4433756729740645,1.4433756729740645,0.0,0.0,2.356194490192345,0
1.6500000000000008,2,7.085677847447538,22.914322152552458,7.085677847447538,2.453738644055911,-2.4537386440559104,2.453738644055911,1.4433756729740645,-1.4433756729740645,1.4433756729740645,0.0,0.0,-0.7853981633974482,0
1.6500000000000008,3,7.085677847447538,7.085677847447538,22.914322152552458,2.453738644055911,2.453738644055911,-2.4537386440559104,1.4433756729740645,1.4433756729740645,-1.4433756729740645,0.0,0.0,0.7853981633974483,0
1.6500000000000008,4,22.914322152552458,22.914322152552458,7.085677847447538,-2.4537386440559104,-2.4537386440559104,2.453738644055911,-1.4433756729740645,-1.4433756729740645,1.4433756729740645,0.0,0.0,-2.356194490192345,0
1.6500000000000008,5,22.914322152552458,7.085677847447538,22.914322152552458,-2.4537386440559104,2.453738644055911,-2.4537386440559104,-1.4433756729740645,1.4433756729740645,-1.4433756729740645,0.0,0.0,2.356194490192345,0
1.6500000000000008,6,7.085677847447538,22.914322152552458,22.914322152552458,2.453738644055911,-2.4537386440559104,-2.4537386440559104,1.4433756729740645,-1.4433756729740645,-1.4433756729740645,0.0,0.0,-0.7853981633974482,0
1.6500000000000008,7,22.914322152552458,22.914322152552458,22.914322152552458,-2.453738644055911,-2.453738644055911,-2.453738644055911,-1.4433756729740643,-1.4433756729740643,-1.4433756729740643,0.0,0.0,-2.356194490192345,0
1.6500000000000008,8,22.0,15.0,15.0,0.0,0.0,0.0,0.0,0.0,0.0,0.0,0.0,0.0,0
1.7000000000000008,0,7.210168999241552,7.210168999241552,7.210168999241552,2.525907427704614,2.525907427704614,2.525907427704614,1.4433756729740645,1.4433756729740645,1.4433756729740645,0.0,0.0,0.7853981633974483,0
1.7000000000000008,1,22.789831000758443,7.210168999241552,7.210168999241552,-2.5259074277046136,2.525907427704614,2.525907427704614,-1.4433756729740645,1.4433756729740645,1.4433756729740645,0.0,0.0,2.356194490192345,0
1.7000000000000008,2,7.210168999241552,22.789831000758443,7.210168999241552,2.525907427704614,-2.5259074277046136,2.525907427704614,1.4433756729740645,-1.4433756729740645,1.4433756729740645,0.0,0.0,-0.7853981633974483,0
1.7000000000000008,3,7.210168999241552,7.210168999241552,22.789831000758443,2.525907427704614,2.525907427704614,-2.5259074277046136,1.4433756729740643,1.4433756729740643,-1.4433756729740643,0.0,0.0,0.7853981633974483,0
1.7000000000000008,4,22.789831000758443,22.789831000758443,7.210168999241552,-2.5259074277046136,-2.5259074277046136,2.525907427704614,-1.4433756729740643,-1.4433756729740643,1.4433756729740643,0.0,0.0,-2.356194490192345,0
1.7000000000000008,5,22.789831000758443,7.210168999241552,22.789831000758443,-2.5259074277046136,2.525907427704614,-2.5259074277046136,-1.4433756729740643,1.4433756729740643,-1.4433756729740643,0.0,0.0,2.356194490192345,0
1.7000000000000008,6,7.210168999241552,22.789831000758443,22.789831000758443,2.525907427704614,-2.5259074277046136,-2.5259074277046136,1.4433756729740643,-1.4433756729740643,-1.4433756729740643,0.0,0.0,-0.7853981633974483,0
1.7000000000000008,7,22.789831000758443,22.789831000758443,22.789831000758443,-2.525907427704614,-2.525907427704614,-2.525907427704614,-1.4433756729740645,-1.4433756729740645,-1.4433756729740645,0.0,0.0,-2.356194490192345,0
1.7000000000000008,8,22.0,15.0,15.0,0.0,0.0,0.0,0.0,0.0,0.0,0.0,0.0,0.0,0
1.7500000000000009,0,7.338268590218001,7.338268590218001,7.338268590218001,2.5980762113533173,2.5980762113533173,2.5980762113533173,1.4433756729740643,1.4433756729740643,1.4433756729740643,0.0,0.0,0.7853981633974483,0
1.7500000000000009,1,22.661731409781996,7.338268590218001,7.338268590218001,-2.598076211353317,2.5980762113533173,2.5980762113533173,-1.4433756729740643,1.4433756729740643,1.4433756729740643,0.0,0.0,2.356194490192345,0
1.7500000000000009,2,7.338268590218001,22.661731409781996,7.338268590218001,2.5980762113533173,-2.598076211353317,2.5980762113533173,1.4433756729740643,-1.4433756729740643,1.4433756729740643,0.0,0.0,-0.7853981633974483,0
1.7500000000000009,3,7.338268590218001,7.338268590218001,22.661731409781996,2.5980762113533173,2.5980762113533173,-2.598076211353317,1.4433756729740643,1.4433756729740643,-1.4433756729740643,0.0,0.0,0.7853981633974483,0
1.7500000000000009,4,22.661731409781996,22.661731409781996,7.338268590218001,-2.598076211353317,-2.598076211353317,2.5980762113533173,-1.4433756729740643,-1.4433756729740643,1.4433756729740643,0.0,0.0,-2.356194490192345,0
1.7500000000000009,5,22.661731409781996,7.338268590218001,22.661731409781996,-2.598076211353317,2.5980762113533173,-2.598076211353317,-1.4433756729740643,1.4433756729740643,-1.4433756729740643,0.0,0.0,2.356194490192345,0
1.7500000000000009,6,7.338268590218001,22.661731409781996,22.661731409781996,2.5980762113533173,-2.598076211353317,-2.598076211353317,1.4433756729740643,-1.4433756729740643,-1.4433756729740643,0.0,0.0,-0.7853981633974483,0
1.7500000000000009,7,22.661731409781996,22.661731409781996,22.661731409781996,-2.5980762113533173,-2.5980762113533173,-2.5980762113533173,-1.4433756729740643,-1.4433756729740643,-1.4433756729740643,0.0,0.0,-2.356194490192345,0
1.7500000000000009,8,22.0,15.0,15.0,0.0,0.0,0.0,0.0,0.0,0.0,0.0,0.0,0.0,0
1.800000000000001,0,7.469976620376885,7.469976620376885,7.469976620376885,2.6702449950020206,2.6702449950020206,2.6702449950020206,1.4433756729740643,1.4433756729740643,1.4433756729740643,0.0,0.0,0.7853981633974483,0
1.800000000000001,1,22.530023379623113,7.469976620376885,7.469976620376885,-2.67024499500202,2.6702449950020206,2.6702449950020206,-1.4433756729740643,1.4433756729740643,1.4433756729740643,0.0,0.0,2.356194490192345,0
1.800000000000001,2,7.469976620376885,22.530023379623113,7.469976620376885,2.6702449950020206,-2.67024499500202,2.6702449950020206,1.4433756729740643,-1.4433756729740643,1.4433756729740643,0.0,0.0,-0.7853981633974482,0
1.800000000000001,3,7.469976620376885,7.469976620376885,22.530023379623113,2.6702449950020206,2.6702449950020206,-2.67024499500202,1.4433756729740643,1.4433756729740643,-1.4433756729740643,0.0,0.0,0.7853981633974483,0
1.800000000000001,4,22.530023379623113,22.530023379623113,7.469976620376885,-2.67024499500202,-2.67024499500202,2.6702449950020206,-1.4433756729740643,-1.4433756729740643,1.4433756729740643,0.0,0.0,-2.356194490192345,0
1.800000000000001,5,22.530023379623113,7.469976620376885,22.530023379623113,-2.67024499500202,2.6702449950020206,-2.67024499500202,-1.4433756729740643,1.4433756729740643,-1.4433756729740643,0.0,0.0,2.356194490192345,0
1.800000000000001,6,7.469976620376885,22.530023379623113,22.530023379623113,2.6702449950020206,-2.67024499500202,-2.67024499500202,1.4433756729740643,-1.4433756729740643,-1.4433756729740643,0.0,0.0,-0.7853981633974482,0
1.800000000000001,7,22.530023379623113,22.530023379623113,22.530023379623113,-2.6702449950020206,-2.6702449950020206,-2.6702449950020206,-1.4433756729740643,-1.4433756729740643,-1.4433756729740643,0.0,0.0,-2.356194490192345,0
1.800000000000001,8,22.0,15.0,15.0,0.0,0.0,0.0,0.0,0.0,0.0,0.0,0.0,0.0,0
1.850000000000001,0,7.605293089718204,7.605293089718204,7.605293089718204,2.742413778650724,2.742413778650724,2.742413778650724,1.4433756729740643,1.4433756729740643,1.4433756729740643,0.0,0.0,0.7853981633974483,0
1.850000000000001,1,22.394706910281794,7.605293089718204,7.605293089718204,-2.7424137786507234,2.742413778650724,2.742413778650724,-1.4433756729740623,1.4433756729740654,1.4433756729740654,0.0,0.0,2.356194490192345,0
1.850000000000001,2,7.605293089718204,22.394706910281794,7.605293089718204,2.742413778650724,-2.7424137786507234,2.742413778650724,1.4433756729740654,-1.4433756729740623,1.4433756729740654,0.0,0.0,-0.7853981633974482,0
1.850000000000001,3,7.605293089718204,7.605293089718204,22.394706910281794,2.742413778650724,2.742413778650724,-2.7424137786507234,1.4433756729740654,1.4433756729740654,-1.4433756729740623,0.0,0.0,0.7853981633974483,0
1.850000000000001,4,22.394706910281794,22.394706910281794,7.605293089718204,-2.7424137786507234,-2.7424137786507234,2.742413778650724,-1.4433756729740643,-1.4433756729740643,1.4433756729740643,0.0,0.0,-2.356194490192345,0
1.850000000000001,5,22.394706910281794,7.605293089718204,22.394706910281794,-2.7424137786507234,2.742413778650724,-2.7424137786507234,-1.4433756729740643,1.4433756729740643,-1.4433756729740643,0.0,0.0,2.356194490192345,0
1.850000000000001,6,7.605293089718204,22.394706910281794,22.394706910281794,2.742413778650724,-2.7424137786507234,-2.7424137786507234,1.4433756729740643,-1.4433756729740643,-1.4433756729740643,0.0,0.0,-0.7853981633974482,0
1.850000000000001,7,22.394706910281794,22.394706910281794,22.394706910281794,-2.742413778650724,-2.742413778650724,-2.742413778650724,-1.4433756729740643,-1.4433756729740643,-1.4433756729740643,0.0,0.0,-2.356194490192345,0
1.850000000000001,8,22.0,15.0,15.0,0.0,0.0,0.0,0.0,0.0,0.0,0.0,0.0,0.0,0
1.900000000000001,0,7.744217998241958,7.744217998241958,7.744217998241958,2.814582562299427,2.814582562299427,2.814582562299427,1.4433756729740643,1.4433756729740643,1.4433756729740643,0.0,0.0,0.7853981633974483,0
1.900000000000001,1,22.25578200175804,7.744217998241958,7.744217998241958,-2.8145825622994267,2.814582562299427,2.814582562299427,-1.4433756729740643,1.4433756729740643,1.4433756729740643,0.0,0.0,2.356194490192345,0
1.900000000000001,2,7.744217998241958,22.25578200175804,7.744217998241958,2.814582562299427,-2.8145825622994267,2.814582562299427,1.4433756729740643,-1.4433756729740643,1.4433756729740643,0.0,0.0,-0.7853981633974483,0
1.900000000000001,3,7.744217998241958,7.744217998241958,22.25578200175804,2.814582562299427,2.814582562299427,-2.8145825622994267,1.4433756729740643,1.4433756729740643,-1.4433756729740643,0.0,0.0,0.7853981633974483,0
1.900000000000001,4,22.25578200175804,22.25578200175804,7.744217998241958,-2.8145825622994267,-2.8145825622994267,2.814582562299427,-1.4433756729740643,-1.4433756729740643,1.4433756729740643,0.0,0.0,-2.356194490192345,0
1.900000000000001,5,22.25578200175804,7.744217998241958,22.25578200175804,-2.8145825622994267,2.814582562299427,-2.8145825622994267,-1.4433756729740643,1.4433756729740643,-1.4433756729740643,0.0,0.0,2.356194490192345,0
1.900000000000001,6,7.744217998241958,22.25578200175804,22.25578200175804,2.814582562299427,-2.8145825622994267,-2.8145825622994267,1.4433756729740643,-1.4433756729740643,-1.4433756729740643,0.0,0.0,-0.7853981633974483,0
1.900000000000001,7,22.25578200175804,22.25578200175804,22.25578200175804,-2.814582562299427,-2.814582562299427,-2.814582562299427,-1.4433756729740643,-1.4433756729740643,-1.4433756729740643,0.0,0.0,-2.356194490192345,0
1.900000000000001,8,22.0,15.0,15.0,0.0,0.0,0.0,0.0,0.0,0.0,0.0,0.0,0.0,0
1.950000000000001,0,7.886751345948147,7.886751345948147,7.886751345948147,2.8867513459481287,2.8867513459481287,2.8867513459481287,1.44337567297403,1.44337567297403,1.44337567297403,0.0,0.0,0.7853981633974483,0
1.950000000000001,1,22.11324865405185,7.886751345948147,7.886751345948147,-2.8867513459481287,2.886751345948129,2.886751345948129,-1.4433756729740388,1.4433756729740388,1.4433756729740388,0.0,0.0,2.356194490192345,0
1.950000000000001,2,7.886751345948147,22.11324865405185,7.886751345948147,2.886751345948129,-2.8867513459481287,2.886751345948129,1.4433756729740388,-1.4433756729740388,1.4433756729740388,0.0,0.0,-0.7853981633974482,0
1.950000000000001,3,7.886751345948147,7.886751345948147,22.11324865405185,2.886751345948129,2.886751345948129,-2.8867513459481287,1.4433756729740388,1.4433756729740388,-1.4433756729740388,0.0,0.0,0.7853981633974483,0
1.950000000000001,4,22.11324865405185,22.11324865405185,7.886751345948147,-2.8867513459481287,-2.8867513459481287,2.886751345948129,-1.4433756729740388,-1.4433756729740388,1.4433756729740388,0.0,0.0,-2.356194490192345,0
1.950000000000001,5,22.11324865405185,7.886751345948147,22.11324865405185,-2.8867513459481287,2.886751345948129,-2.8867513459481287,-1.4433756729740388,1.4433756729740388,-1.4433756729740388,0.0,0.0,2.356194490192345,0
1.950000000000001,6,7.886751345948147,22.11324865405185,22.11324865405185,2.886751345948129,-2.8867513459481287,-2.8867513459481287,1.4433756729740388,-1.4433756729740388,-1.4433756729740388,0.0,0.0,-0.7853981633974482,0
1.950000000000001,7,22.11324865405185,22.11324865405185,22.11324865405185,-2.8867513459481287,-2.8867513459481287,-2.8867513459481287,-1.44337567297403,-1.44337567297403,-1.44337567297403,0.0,0.0,-2.356194490192345,0
1.950000000000001,8,22.0,15.0,15.0,0.0,0.0,0.0,0.0,0.0,0.0,0.0,0.0,0.0,0
2.000000000000001,0,8.031088913245553,8.031088913245553,8.031088913245553,2.8867513459481287,2.8867513459481287,2.8867513459481287,8.881784197001252e-15,8.881784197001252e-15,8.881784197001252e-15,0.0,0.0,0.7853981633974483,0
2.000000000000001,1,21.968911086754446,8.031088913245553,8.031088913245553,-2.8867513459481287,2.8867513459481287,2.8867513459481287,-8.881784197001252e-15,0.0,0.0,0.0,0.0,2.356194490192345,0
2.000000000000001,2,8.031088913245553,21.968911086754446,8.031088913245553,2.8867513459481287,-2.8867513459481287,2.8867513459481287,0.0,-8.881784197001252e-15,0.0,0.0,0.0,-0.7853981633974483,0
2.000000000000001,3,8.031088913245553,8.031088913245553,21.968911086754446,2.8867513459481287,2.8867513459481287,-2.8867513459481287,0.0,0.0,-8.881784197001252e-15,0.0,0.0,0.7853981633974483,0
2.000000000000001,4,21.968911086754446,21.968911086754446,8.031088913245553,-2.8867513459481287,-2.8867513459481287,2.8867513459481287,-8.881784197001252e-15,-8.881784197001252e-15,0.0,0.0,0.0,-2.356194490192345,0
2.000000000000001,5,21.968911086754446,8.031088913245553,21.968911086754446,-2.8867513459481287,2.8867513459481287,-2.8867513459481287,-8.881784197001252e-15,0.0,-8.881784197001252e-15,0.0,0.0,2.356194490192345,0
2.000000000000001,6,8.031088913245553,21.968911086754446,21.968911086754446,2.8867513459481287,-2.8867513459481287,-2.8867513459481287,0.0,-8.881784197001252e-15,-8.881784197001252e-15,0.0,0.0,-0.7853981633974483,0
2.000000000000001,7,21.968911086754446,21.968911086754446,21.968911086754446,-2.8867513459481287,-2.8867513459481287,-2.8867513459481287,-8.881784197001252e-15,-8.881784197001252e-15,-8.881784197001252e-15,0.0,0.0,-2.356194490192345,0
2.000000000000001,8,22.003124999999876,14.999999999999979,14.999999999999979,0.1249999999950454,-8.322537103921946e-13,-8.322537103921946e-13,2.4999999999009077,-1.664507420784389e-11,-1.664507420784389e-11,0.0,0.0,-6.65802968340146e-12,0
2.0500000000000007,0,8.175426480542958,8.175426480542958,8.175426480542958,2.8867513459481287,2.8867513459481287,2.8867513459481287,0.0,0.0,0.0,0.0,0.0,0.7853981633974483,0
2.0500000000000007,1,21.82144851945704,8.172301480542957,8.172301480542957,-3.0117513459481287,2.7617513459481287,2.7617513459481287,-2.5,-2.5,-2.5,0.0,0.0,2.399468727493187,0
2.0500000000000007,2,8.175426480542958,21.82457351945704,8.175426480542958,2.8867513459481287,-2.8867513459481287,2.8867513459481287,0.0,0.0,0.0,0.0,0.0,-0.7853981633974483,0
2.0500000000000007,3,8.175426480542958,8.175426480542958,21.82457351945704,2.8867513459481287,2.8867513459481287,-2.8867513459481287,0.0,0.0,0.0,0.0,0.0,0.7853981633974483,0
2.0500000000000007,4,21.82144851962286,21.82769851945704,8.172301480542957,-3.011751339315445,-2.7617513459481287,2.7617513459481287,-2.4999998673463293,2.5,-2.5,0.0,0.0,-2.399468726396175,0
2.0500000000000007,5,21.82144851945704,8.172301480542957,21.82769851945704,-3.0117513459481287,2.7617513459481287,-2.7617513459481287,-2.5,-2.5,2.5,0.0,0.0,2.399468727493187,0
2.0500000000000007,6,8.175426480542958,21.82457351945704,21.82457351945704,2.8867513459481287,-2.8867513459481287,-2.8867513459481287,0.0,0.0,0.0,0.0,0.0,-0.7853981633974483,0
2.0500000000000007,7,21.8214485194649,21.82769851945704,21.82769851945704,-3.011751345633729,-2.7617513459481287,-2.7617513459481287,-2.4999999937120103,2.5,2.5,0.0,0.0,-2.3994687274411874,0
2.0500000000000007,8,22.01249999999963,14.999999993389835,14.999999979510667,0.2499999999950454,-2.6440495320852483e-07,-8.195716893488231e-07,2.5,-5.288082419096288e-06,-1.6391417141902254e-05,0.0,0.0,-1.0576198128546653e-06,0
2.1000000000000005,0,8.319764047840364,8.319764047840364,8.319764047840364,2.8867513459481287,2.8867513459481287,2.8867513459481287,0.0,0.0,0.0,0.0,0.0,0.7853981633974483,0
2.1000000000000005,1,21.66773595215963,8.307264047840363,8.307264047840363,-3.1367513459481287,2.6367513459481287,2.6367513459481287,-2.5,-2.5,-2.5,0.0,0.0,2.442581493309333,0
2.1000000000000005,2,8.319764047840364,21.680235952159634,8.319764047840364,2.8867513459481287,-2.8867513459481287,2.8867513459481287,0.0,0.0,0.0,0.0,0.0,-0.7853981633974483,0
2.1000000000000005,3,8.319764047840364,8.319764047840364,21.680235952159634,2.8867513459481287,2.8867513459481287,-2.8867513459481287,0.0,0.0,0.0,0.0,0.0,0.7853981633974483,0
2.1000000000000005,4,21.667735952657086,21.692735952159634,8.307264047840363,-3.136751339315445,-2.6367513459481287,2.6367513459481287,-2.5,2.4999999999999996,-2.5,0.0,0.0,-2.44258149226782,0
2.1000000000000005,5,21.66773595215963,8.307264047840363,21.692735952159634,-3.1367513459481287,2.6367513459481287,-2.6367513459481287,-2.5,-2.5,2.5,0.0,0.0,2.442581493309333,0
2.1000000000000005,6,8.319764047840364,21.680235952159634,21.680235952159634,2.8867513459481287,-2.8867513459481287,-2.8867513459481287,0.0,0.0,0.0,0.0,0.0,-0.7853981633974483,0
2.1000000000000005,7,21.667735952183214,21.692735952159634,21.692735952159634,-3.136751345633729,-2.6367513459481287,-2.6367513459481287,-2.5,2.4999999999999996,2.4999999999999996,0.0,0.0,-2.4425814932599637,0
2.1000000000000005,8,22.02812499999938,15.000002821612297,14.999997097093935,0.3749999999950454,0.00011339330345284604,-0.00011447709758877335,2.5,0.002273154168121091,-0.0022731505179884905,0.0,0.0,0.0003023821333288187,0
2.1500000000000004,0,8.46410161513777,8.46410161513777,8.46410161513777,2.8867513459481287,2.8867513459481287,2.8867513459481287,0.0,0.0,0.0,0.0,0.0,0.7853981633974483,0
2.1500000000000004,1,21.507773384862226,8.435976615137768,8.435976615137768,-3.2617513459481287,2.5117513459481287,2.5117513459481287,-2.5,-2.5,-2.5,0.0,0.0,2.4853749022305704,0
2.1500000000000004,2,8.46410161513777,21.53589838486223,8.46410161513777,2.8867513459481287,-2.8867513459481287,2.8867513459481287,0.0,0.0,0.0,0.0,0.0,-0.7853981633974483,0
2.1500000000000004,3,8.46410161513777,8.46410161513777,21.53589838486223,2.8867513459481287,2.8867513459481287,-2.8867513459481287,0.0,0.0,0.0,0.0,0.0,0.7853981633974483,0
2.1500000000000004,4,21.507773385691312,21.56402338386756,8.435976616132578,-3.261751339315445,-2.5117513857348377,2.51175138574049,-2.5,2.4999992042658192,-2.499999204152768,0.0,0.0,-2.4853748935903344,0
2.1500000000000004,5,21.507773384862226,8.435976615137768,21.564023384862228,-3.2617513459481287,2.5117513459481287,-2.5117513459481287,-2.5,-2.5,2.5,0.0,0.0,2.4853749022305704,0
2.1500000000000004,6,8.46410161513777,21.53589838486223,21.53589838486223,2.8867513459481287,-2.8867513459481287,-2.8867513459481287,0.0,0.0,0.0,0.0,0.0,-0.7853981633974483,0
2.1500000000000004,7,21.507773384901526,21.564023384862228,21.564023384862228,-3.261751345633729,-2.5117513459481287,-2.5117513459481287,-2.5,2.5,2.5,0.0,0.0,-2.4853749021839753,0
2.1500000000000004,8,22.049999999999134,15.000008490772633,14.999991373751048,0.4999999999950454,0.00011337310996634758,-0.00011445661788717233,2.5,-4.038697299692395e-07,4.0959403202048064e-07,0.0,0.0,0.00022674621604897689,0
2.2,0,8.608439182435175,8.608439182435175,8.608439182435175,2.8867513459481287,2.8867513459481287,2.8867513459481287,0.0,0.0,0.0,0.0,0.0,0.7853981633974483,0
2.2,1,21.341560817898586,8.558439182435174,8.558439182435174,-3.3867513325974445,2.3867513459481287,2.3867513459481287,-2.499999732986314,-2.5,-2.5,0.0,0.0,2.5276980423385584,0
2.2,2,8.608439182435175,21.391560817564823,8.608439182435175,2.8867513459481287,-2.8867513459481287,2.8867513459481287,0.0,0.0,0.0,0.0,0.0,-0.7853981633974483,0
2.2,3,8.608439182435175,8.608439182435175,21.391560817564823,2.8867513459481287,2.8867513459481287,-2.8867513459481287,0.0,0.0,0.0,0.0,0.0,0.7853981633974483,0
2.2,4,21.34156081872554,21.441560814580818,8.558439185419601,-3.386751339315445,-2.3867513857348377,2.38675138574049,-2.5,2.5,-2.5,0.0,0.0,-2.5276980354232093,0
2.2,5,21.34156081756482,8.558439182521576,21.441560817478067,-3.3867513459481287,2.3867513494042103,-2.386751349418391,-2.5,-2.499999930878366,2.4999999305947513,0.0,0.0,2.52769804351292,0
2.2,6,8.608439182435175,21.391560817564823,21.391560817564823,2.8867513459481287,-2.8867513459481287,-2.8867513459481287,0.0,0.0,0.0,0.0,0.0,-0.7853981633974483,0
2.2,7,21.34156081761984,21.441560817564824,21.441560817564824,-3.386751345633729,-2.3867513459481287,-2.3867513459481287,-2.5,2.5,2.5,0.0,0.0,-2.527698044151046,0
2.2,8,22.078124999618883,15.000014158066852,14.999985864131661,0.6249999847948976,0.00011331865881641185,-0.0001059281575823602,2.4999996959970443,-1.0890229987145738e-06,0.00017056920609624245,0.0,0.0,0.00018130985653044596,0
2.25,0,8.75277674973258,8.75277674973258,8.75277674973258,2.8867513459481287,2.8867513459481287,2.8867513459481287,8.881784197001252e-15,8.881784197001252e-15,8.881784197001252e-15,0.0,0.0,0.7853981633974483,0
2.25,1,21.169098251268714,8.67465174973258,8.67465174973258,-3.5117513325974445,2.2617513459481287,2.2617513459481287,-2.5,-2.5,-2.5,0.0,0.0,2.5694099982871426,0
2.25,2,8.75277674973258,21.247223250267417,8.75277674973258,2.8867513459481287,-2.8867513459481287,2.8867513459481287,8.881784197001252e-15,-8.881784197001252e-15,8.881784197001252e-15,0.0,0.0,-0.7853981633974483,0
2.25,3,8.75277674973258,8.75277674973258,21.247223250267417,2.8867513459481287,2.8867513459481287,-2.8867513459481287,8.881784197001252e-15,8.881784197001252e-15,-8.881784197001252e-15,0.0,0.0,0.7853981633974483,0
2.25,4,21.169098251759767,21.325348245294077,8.674651754706625,-3.511751339315445,-2.2617513857348377,2.26175138574049,-2.5,2.5,-2.5,0.0,0.0,-2.5694099911500965,0
2.25,5,21.16909825026741,8.674651749991787,21.32534825000715,-3.5117513459481287,2.2617513494042103,-2.261751349418391,-2.5,-2.5,2.5,0.0,0.0,2.5694099993221675,0
2.25,6,8.75277674973258,21.247223250267417,21.247223250267417,2.8867513459481287,-2.8867513459481287,-2.8867513459481287,8.881784197001252e-15,-8.881784197001252e-15,-8.881784197001252e-15,0.0,0.0,-0.7853981633974483,0
2.25,7,21.169098250338152,21.325348250267417,21.325348250267417,-3.511751345633729,-2.2617513459481287,-2.2617513459481287,-2.5,2.5,2.5,0.0,0.0,-2.5694099999770197,0
2.25,8,22.112499998858627,15.000019821267578,14.999980567315577,0.7499999847948976,0.00011320937022203577,-0.00010594448577265859,2.5,-2.1857718875215466e-06,-3.265638059677071e-07,0.0,0.0,0.00015094582887649447,0
2.3,0,8.897114317029986,8.897114317029986,8.897114317029986,2.8867513459481287,2.8867513459481287,2.8867513459481287,8.881784197001252e-15,8.881784197001252e-15,8.881784197001252e-15,0.0,0.0,0.7853981633974483,0
2.3,1,20.99038568463884,8.784614317029986,8.784614317029986,-3.6367513325974445,2.1367513459481287,2.1367513459481287,-2.5,-2.5,-2.5,0.0,0.0,2.6103823411884695,0
2.3,2,8.897114317029986,21.10288568297001,8.897114317029986,2.8867513459481287,-2.8867513459481287,2.8867513459481287,8.881784197001252e-15,-8.881784197001252e-15,8.881784197001252e-15,0.0,0.0,-0.7853981633974483,0
2.3,3,8.897114317029986,8.897114317029986,21.10288568297001,2.8867513459481287,2.8867513459481287,-2.8867513459481287,8.881784197001252e-15,8.881784197001252e-15,-8.881784197001252e-15,0.0,0.0,0.7853981633974483,0
2.3,4,20.990385684793996,21.215385676007337,8.78461432399365,-3.636751339315445,-2.1367513857348377,2.13675138574049,-2.5,2.5,-2.5,0.0,0.0,-2.6103823338625864,0
2.3,5,20.990385682970004,8.784614317461996,21.21538568253623,-3.6367513459481287,2.1367513494042103,-2.136751349418391,-2.5,-2.5,2.5,0.0,0.0,2.6103823420854164,0
2.3,6,8.897114317029986,21.10288568297001,21.10288568297001,2.8867513459481287,-2.8867513459481287,-2.8867513459481287,8.881784197001252e-15,-8.881784197001252e-15,-8.881784197001252e-15,0.0,0.0,-0.7853981633974483,0
2.3,7,20.990385683056466,21.215385682970012,21.215385682970012,-3.636751345633729,-2.1367513459481287,-2.1367513459481287,-2.5,2.5,2.5,0.0,0.0,-2.610382342754107,0
2.3,8,22.153124998098374,15.00002546175062,14.999975312382977,0.8749999847948976,0.00011240995146778789,-0.00010425281814048184,2.5,-1.5988375084957668e-05,3.38333526435351e-05,0.0,0.0,0.000128468517488862,0
2.3499999999999996,0,9.041451884327392,9.041451884327392,9.041451884327392,2.8867513459481287,2.8867513459481287,2.8867513459481287,0.0,0.0,0.0,0.0,0.0,0.7853981633974483,0
2.3499999999999996,1,20.80542311854934,8.888326884327391,8.888326884327391,-3.761751310982624,2.0117513459481287,2.0117513459481287,-2.4999995677035836,-2.5,-2.5,0.0,0.0,2.6505010285496953,0
2.3499999999999996,2,9.041451884327392,20.958548115672606,9.041451884327392,2.8867513459481287,-2.8867513459481287,2.8867513459481287,0.0,0.0,0.0,0.0,0.0,-0.7853981633974483,0
2.3499999999999996,3,9.041451884327392,9.041451884327392,20.958548115672606,2.8867513459481287,2.8867513459481287,-2.8867513459481287,0.0,0.0,0.0,0.0,0.0,0.7853981633974483,0
2.3499999999999996,4,20.805423117828223,21.111673106720595,8.888326893280674,-3.761751339315445,-2.0117513857348377,2.01175138574049,-2.5,2.5,-2.5,0.0,0.0,-2.650501023457403,0
2.3499999999999996,5,20.805423115672596,8.888326886479677,21.111673113515593,-3.7617513459481287,2.0117514113030595,-2.0117514114070625,-2.5,-2.499998762023017,2.4999987602265668,0.0,0.0,2.650501018905344,0
2.3499999999999996,6,9.041451884327392,20.958548115672606,20.958548115672606,2.8867513459481287,-2.8867513459481287,-2.8867513459481287,0.0,0.0,0.0,0.0,0.0,-0.7853981633974483,0
2.3499999999999996,7,20.80542311577478,21.111673115672605,21.111673115672605,-3.761751345633729,-2.0117513459481287,-2.0117513459481287,-2.5,2.5,2.5,0.0,0.0,-2.6505010323803213,0
2.3499999999999996,8,22.199999997338118,15.000030938559828,14.999970181129655,0.9999999847948976,0.00010666241681738421,-0.00010099731472495502,2.5,-0.0001149506930080735,6.511006831053627e-05,0.0,0.0,0.00010666241803470233,0
2.3999999999999995,0,9.185789451624798,9.185789451624798,9.185789451624798,2.8867513459481287,2.8867513459481287,2.8867513459481287,8.881784197001252e-15,8.881784197001252e-15,8.881784197001252e-15,0.0,0.0,0.7853981633974483,0
2.3999999999999995,1,20.614210553000206,8.985789451624797,8.985789451624797,-3.886751310982624,1.8867513459481287,1.8867513459481287,-2.5,-2.5,-2.5,0.0,0.0,2.689667658910005,0
2.3999999999999995,2,9.185789451624798,20.8142105483752,9.185789451624798,2.886751345948129,-2.8867513459481287,2.886751345948129,8.881784197001252e-15,0.0,8.881784197001252e-15,0.0,0.0,-0.7853981633974482,0
2.3999999999999995,3,9.185789451624798,9.185789451624798,20.8142105483752,2.886751345948129,2.886751345948129,-2.8867513459481287,8.881784197001252e-15,8.881784197001252e-15,0.0,0.0,0.0,0.7853981633974483,0
2.3999999999999995,4,20.61421055086245,21.014210537433854,8.985789462567697,-3.886751339315445,-1.8867513857348377,1.88675138574049,-2.5,2.5,-2.5,0.0,0.0,-2.6896676534894306,0
2.3999999999999995,5,20.61421054837519,8.98578945704483,21.01421054294524,-3.8867513459481287,1.8867514113030595,-1.8867514114070625,-2.5,-2.5,2.5,0.0,0.0,2.6896676488360503,0
2.3999999999999995,6,9.185789451624798,20.8142105483752,20.8142105483752,2.886751345948129,-2.8867513459481287,-2.8867513459481287,8.881784197001252e-15,0.0,0.0,0.0,0.0,-0.7853981633974482,0
2.3999999999999995,7,20.61421054849309,21.0142105483752,21.0142105483752,-3.886751345633729,-1.8867513459481287,-1.8867513459481287,-2.5,2.5,2.5,0.0,0.0,-2.6896676624123987,0
2.3999999999999995,8,22.253124996577863,15.000036489870377,14.999965142555931,1.1249999847948975,0.00011539000511211438,-0.0001005456342066097,2.5,0.00017455176589460333,9.03361036690668e-06,0.0,0.0,0.00010256889445958765,0
2.4499999999999993,0,9.330127018922203,9.330127018922203,9.330127018922203,2.8867513459481287,2.8867513459481287,2.8867513459481287,0.0,0.0,0.0,0.0,0.0,0.7853981633974483,0
2.4499999999999993,1,20.416747987451075,9.077002018922203,9.077002018922203,-4.011751310982624,1.7617513459481287,1.7617513459481287,-2.5,-2.5,-2.5,0.0,0.0,2.727800064796977,0
2.4499999999999993,2,9.330127018922203,20.669872981077795,9.330127018922203,2.8867513459481287,-2.8867513459481287,2.8867513459481287,-8.881784197001252e-15,0.0,-8.881784197001252e-15,0.0,0.0,-0.7853981633974483,0
2.4499999999999993,3,9.330127018922203,9.330127018922203,20.669872981077795,2.8867513459481287,2.8867513459481287,-2.8867513459481287,-8.881784197001252e-15,-8.881784197001252e-15,0.0,0.0,0.0,0.7853981633974483,0
2.4499999999999993,4,20.416747984188817,20.92299796814711,9.07700203185472,-4.011751327629868,-1.7617513857348377,1.76175138574049,-2.499999766288461,2.5,-2.5,0.0,0.0,-2.7278000580105073,0
2.4499999999999993,5,20.416747981475428,9.07700202825247,20.922997971731817,-4.011751330042436,1.7617514370025704,-1.7617514371297613,-2.499999681886147,-2.4999994860097816,2.499999485546023,0.0,0.0,2.7278000475185853,0
2.4499999999999993,6,9.330127018922203,20.669872981077795,20.669872981077795,2.886751345948129,-2.8867513459481287,-2.8867513459481287,0.0,0.0,0.0,0.0,0.0,-0.7853981633974482,0
2.4499999999999993,7,20.416747981211405,20.922997981077796,20.922997981077796,-4.011751345633729,-1.7617513459481287,-1.7617513459481287,-2.5,2.4999999999999996,2.4999999999999996,0.0,0.0,-2.727800067976834,0
2.4499999999999993,8,22.31249999581761,15.000042254740533,14.999960119562536,1.2499999847948975,0.00011520480115088217,-0.00010037410159561289,2.5,-3.7040792246440274e-06,3.430652219936184e-06,0.0,0.0,9.216384178084237e-05,0
2.499999999999999,0,9.474464586219609,9.474464586219609,9.474464586219609,2.8867513459481287,2.8867513459481287,2.8867513459481287,0.0,0.0,0.0,0.0,0.0,0.7853981633974483,0
2.499999999999999,1,20.213035425620543,9.161964586219609,9.161964586219609,-4.136751162238672,1.6367513459481287,1.6367513459481287,-2.4999970251209596,-2.5,-2.5,0.0,0.0,2.7648323300973456,0
2.499999999999999,2,9.474464586219609,20.52553541378039,9.474464586219609,2.8867513459481287,-2.8867513459481287,2.8867513459481287,0.0,0.0,0.0,0.0,0.0,-0.7853981633974483,0
2.499999999999999,3,9.474464586219609,9.474464586219609,20.52553541378039,2.8867513459481287,2.8867513459481287,-2.8867513459481287,0.0,0.0,0.0,0.0,0.0,0.7853981633974483,0
2.499999999999999,4,20.213035417807323,20.83803539886037,9.161964601141744,-4.136751327629868,-1.6367513857348377,1.63675138574049,-2.5,2.4999999999999996,-2.5,0.0,0.0,-2.764832335459024,0
2.499999999999999,5,20.213035414973305,9.161964600102598,20.83803539987533,-4.136751330042436,1.6367514370025704,-1.6367514371297613,-2.5,-2.5,2.4999999999999996,0.0,0.0,2.764832324942826,0
2.499999999999999,6,9.474464586219609,20.52553541378039,20.52553541378039,2.8867513459481287,-2.8867513459481287,-2.8867513459481287,-8.881784197001252e-15,0.0,0.0,0.0,0.0,-0.7853981633974483,0
2.499999999999999,7,20.213035413929717,20.83803541378039,20.83803541378039,-4.136751345633729,-1.6367513459481287,-1.6367513459481287,-2.5,2.5,2.5,0.0,0.0,-2.7648323452639367,0
2.499999999999999,8,22.378124995057355,15.000048012704442,14.999955101664955,1.3749999847948975,0.00011511375522367828,-0.00010034180161238835,2.5,-1.8209185440777425e-06,6.459996644908927e-07,0.0,0.0,8.371909543832432e-05,0
2.549999999999999,0,9.618802153517015,9.618802153517015,9.618802153517015,2.8867513459481287,2.8867513459481287,2.8867513459481287,8.881784197001252e-15,8.881784197001252e-15,8.881784197001252e-15,0.0,0.0,0.7853981633974483,0
2.549999999999999,1,20.00307286750861,9.240677153517014,9.240677153517014,-4.261751162238672,1.5117513459481287,1.5117513459481287,-2.5,-2.5,-2.5,0.0,0.0,2.8007143502399465,0
2.549999999999999,2,9.618802153517015,20.381197846482983,9.618802153517015,2.886751345948129,-2.8867513459481287,2.886751345948129,8.881784197001252e-15,0.0,8.881784197001252e-15,0.0,0.0,-0.7853981633974482,0
2.549999999999999,3,9.618802153517015,9.618802153517015,20.381197846482983,2.886751345948129,2.886751345948129,-2.8867513459481287,8.881784197001252e-15,8.881784197001252e-15,0.0,0.0,0.0,0.7853981633974483,0
2.549999999999999,4,20.003072851425827,20.75932282957363,9.240677170428768,-4.261751327629868,-1.5117513857348377,1.51175138574049,-2.5,2.5,-2.5,0.0,0.0,-2.8007143541752773,0
2.549999999999999,5,20.00307284847118,9.240677171952726,20.759322828018842,-4.261751330042436,1.5117514370025704,-1.5117514371297613,-2.5,-2.5,2.5,0.0,0.0,2.8007143436684303,0
2.549999999999999,6,9.618802153517015,20.381197846482983,20.381197846482983,2.886751345948129,-2.8867513459481287,-2.8867513459481287,8.881784197001252e-15,0.0,0.0,0.0,0.0,-0.7853981633974482,0
2.549999999999999,7,20.00307284664803,20.759322846482984,20.759322846482984,-4.261751345633729,-1.5117513459481287,-1.5117513459481287,-2.5,2.5,2.5,0.0,0.0,-2.8007143637986744,0
2.549999999999999,8,22.4499999942971,15.000054180056393,14.999949547830322,1.4999999847948975,0.00013158032288589287,-0.0001218115837329734,2.5,0.00032933135324429165,-0.00042939564241170115,0.0,0.0,8.772021592146093e-05,0
2.5999999999999988,0,9.76313972081442,9.76313972081442,9.76313972081442,2.8867513459481287,2.8867513459481287,2.8867513459481287,0.0,0.0,0.0,0.0,0.0,0.7853981633974483,0
2.5999999999999988,1,19.786860309396676,9.31313972081442,9.31313972081442,-4.386751162238672,1.3867513459481287,1.3867513459481287,-2.5,-2.5,-2.5,0.0,0.0,2.8354108590012235,0
2.5999999999999988,2,9.76313972081442,20.236860279185578,9.76313972081442,2.8867513459481287,-2.8867513459481287,2.8867513459481287,-8.881784197001252e-15,0.0,-8.881784197001252e-15,0.0,0.0,-0.7853981633974483,0
2.5999999999999988,3,9.76313972081442,9.76313972081442,20.236860279185578,2.8867513459481287,2.8867513459481287,-2.8867513459481287,-8.881784197001252e-15,-8.881784197001252e-15,0.0,0.0,0.0,0.7853981633974483,0
2.5999999999999988,4,19.786860292952074,20.68686026028689,9.313139739715792,-4.3867510113202375,-1.3867513857348377,1.38675138574049,-2.49999367380739,2.5,-2.5,0.0,0.0,-2.8354108408679584,0
2.5999999999999988,5,19.78686028196906,9.313139743802854,20.686860256162355,-4.386751330042436,1.3867514370025704,-1.3867514371297613,-2.5,-2.4999999999999996,2.5,0.0,0.0,2.835410851124164,0
2.5999999999999988,6,9.76313972081442,20.236860279185578,20.236860279185578,2.8867513459481287,-2.8867513459481287,-2.8867513459481287,-8.881784197001252e-15,0.0,0.0,0.0,0.0,-0.7853981633974483,0
2.5999999999999988,7,19.786860279366344,20.68686027744608,20.68686027744566,-4.386751345633729,-1.3867514155279514,-1.3867514155448266,-2.5,2.499998608403542,2.499998608066042,0.0,0.0,-2.8354108565962144,0
2.5999999999999988,8,22.528124993536846,15.000060747312776,14.999943468188869,1.6249999847948975,0.00013110993242399492,-0.00012137407441689758,2.5,-9.407809237959008e-06,8.750186321516458e-06,0.0,0.0,8.068303591771754e-05,0
2.6499999999999986,0,9.907477288111826,9.907477288111826,9.907477288111826,2.8867513459481287,2.8867513459481287,2.8867513459481287,0.0,0.0,0.0,0.0,0.0,0.7853981633974483,0
2.6499999999999986,1,19.570647751284742,9.379352288111825,9.379352288111825,-4.261751162238672,1.2617513459481287,1.2617513459481287,2.5,-2.4999999999999996,-2.4999999999999996,0.0,0.0,2.8537507146968832,0
2.6499999999999986,2,9.907477288111826,20.092522711888172,9.907477288111826,2.8867513459481287,-2.8867513459481287,2.8867513459481287,0.0,0.0,0.0,0.0,0.0,-0.7853981633974483,0
2.6499999999999986,3,9.907477288111826,9.907477288111826,20.092522711888172,2.8867513459481287,2.8867513459481287,-2.8867513459481287,0.0,0.0,0.0,0.0,0.0,0.7853981633974483,0
2.6499999999999986,4,19.57064774238606,20.620647691000148,9.379352309002815,-4.2617510113202375,-1.2617513857348377,1.26175138574049,2.5,2.5,-2.5,0.0,0.0,-2.8537506964741044,0
2.6499999999999986,5,19.570647715466936,9.379352315652982,20.62064768430587,-4.261751330042436,1.2617514370025704,-1.2617514371297613,2.5,-2.5,2.5,0.0,0.0,2.8537507057710996,0
2.6499999999999986,6,9.907477288111826,20.092522711888172,20.092522711888172,2.8867513459481287,-2.8867513459481287,-2.8867513459481287,0.0,0.0,0.0,0.0,0.0,-0.7853981633974483,0
2.6499999999999986,7,19.570647712084657,20.620647706669683,20.62064770666842,-4.261751345633729,-1.2617514155279514,-1.2617514155448266,2.5,2.5,2.5,0.0,0.0,-2.8537507113997713,0
2.6499999999999986,8,22.61249999277659,15.000067265188271,14.999937436164235,1.7499999847948975,0.00012960508732941798,-0.00011990691097496293,2.5,-3.009690189153896e-05,2.9343268838692878e-05,0.0,0.0,7.406005041060117e-05,0
2.6999999999999984,0,10.048689855409231,10.054939855409232,10.054939855409232,2.720254139091629,2.9664977177435063,2.9664977177435063,-2.5,2.5,2.5,0.0,0.0,0.8286724006982907,0
2.6999999999999984,1,19.36068519317281,9.439314855409231,9.439314855409231,-4.136751162238672,1.1367513459481287,1.1367513459481287,2.5,-2.4999999999999996,-2.4999999999999996,0.0,0.0,2.8734186555152217,0
2.6999999999999984,2,10.048689855409231,19.945060144590766,10.054939855409232,2.720254139091629,-2.9664977177435063,2.9664977177435063,-2.5,-2.5,2.5,0.0,0.0,-0.8286724006982907,0
2.6999999999999984,3,10.048689855409231,10.054939855409232,19.945060144590766,2.720254139091629,2.9664977177435063,-2.9664977177435063,-2.5,2.5,-2.5,0.0,0.0,0.8286724006982907,0
2.6999999999999984,4,19.36068519182005,20.560685121713405,9.439314878289839,-4.1367510113202375,-1.1367513857348377,1.13675138574049,2.5,2.5,-2.5,0.0,0.0,-2.8734186372513784,0
2.6999999999999984,5,19.360685148964816,9.43931488750311,20.56068511244938,-4.136751330042436,1.1367514370025704,-1.1367514371297613,2.5,-2.5,2.5,0.0,0.0,2.873418645413658,0
2.6999999999999984,6,10.048689855409231,19.945060144590766,19.945060144590766,2.720254139091629,-2.9664977177435063,-2.9664977177435063,-2.5,-2.5,-2.5,0.0,0.0,-0.8286724006982907,0
2.6999999999999984,7,19.36068514480297,20.560685135893287,20.56068513589118,-4.136751345633729,-1.1367514155279514,-1.1367514155448266,2.5,2.5,2.5,0.0,0.0,-2.873418651203339,0
2.6999999999999984,8,22.70312499201634,15.000074104395228,14.99993144666387,1.8749999847948975,0.00014396319091019126,-0.00011967310363379682,2.5,0.00028716207161546555,4.6761468233222665e-06,0.0,0.0,7.678036895719796e-05,0
2.7499999999999982,0,10.181577562363811,10.200139741296407,10.200139741296407,2.595254139091629,2.8414977177435063,2.8414977177435063,-2.5,-2.5,-2.5,0.0,0.0,0.83065963762771,0
2.7499999999999982,1,19.156972623197547,9.49302743626857,9.49302743626863,-4.011751636771973,1.01175188842539,1.011751888427766,2.4999905093339625,-2.499989150454774,-2.499989150407253,0.0,0.0,2.894547259354347,0
2.7499999999999982,2,10.181577562363811,19.799860258703593,10.200139741296407,2.595254139091629,-2.8414977177435063,2.8414977177435063,-2.5,2.5,-2.5,0.0,0.0,-0.83065963762771,0
2.7499999999999982,3,10.181577562363811,10.200139741296407,19.799860258703593,2.595254139091629,2.8414977177435063,-2.8414977177435063,-2.5,-2.5,2.5,0.0,0.0,0.83065963762771,0
2.7499999999999982,4,19.15697264125404,20.506972552426664,9.493027447576862,-4.0117510113202375,-1.0117513857348377,1.01175138574049,2.5,2.5,-2.5,0.0,0.0,-2.8945473401981747,0
2.7499999999999982,5,19.156972582462696,9.493027459353238,20.506972540592894,-4.011751330042436,1.0117514370025704,-1.0117514371297613,2.5,-2.5,2.5,0.0,0.0,2.8945473470211502,0
2.7499999999999982,6,10.181577562363811,19.799860258703593,19.799860258703593,2.595254139091629,-2.8414977177435063,-2.8414977177435063,-2.5,2.5,2.5,0.0,0.0,-0.83065963762771,0
2.7499999999999982,7,19.156972577521287,20.50697256511689,20.50697256511394,-4.011751345633729,-1.0117514155279514,-1.0117514155448266,2.5,2.5,2.5,0.0,0.0,-2.894547352975502,0
2.7499999999999982,8,22.799999991256083,15.000081169037609,14.999925750517578,1.9999999847948975,0.0001386225042850138,-0.00010817274807697762,2.5,-0.00010681373250354971,0.00023000711113638396,0.0,0.0,6.931125255845768e-05,0
2.799999999999998,0,10.308215278889572,10.339089635431648,10.339089635431646,2.470254521938775,2.716498047666095,2.7164980476660383,-2.499992343057077,-2.499993401548225,-2.4999934015493617,0.0,0.0,0.8328380147835707,0
2.799999999999998,1,18.95951004135895,9.540490030689838,9.540490030690018,-3.886751636771973,0.88675188842539,0.8867518884277661,2.5,-2.5,-2.5,0.0,0.0,2.917284593302043,0
2.799999999999998,2,10.308215269318392,19.660910372816417,10.339089627183583,2.470254139091629,-2.7164977177435063,2.7164977177435063,-2.5,2.5,-2.5,0.0,0.0,-0.8328380314738849,0
2.799999999999998,3,10.308215269318392,10.339089627183583,19.660910372816417,2.470254139091629,2.7164977177435063,-2.7164977177435063,-2.5,-2.5,2.5,0.0,0.0,0.8328380314738849,0
2.799999999999998,4,18.959510090688028,20.459509983139924,9.540490016863886,-3.8867510113202375,-0.8867513857348377,0.8867513857404901,2.5,2.5,-2.5,0.0,0.0,-2.917284681340699,0
2.799999999999998,5,18.959510015960575,9.540490031203365,20.459509968736405,-3.8867513300424363,0.8867514370025704,-0.8867514371297613,2.5,-2.5,2.5,0.0,0.0,2.917284686585875,0
2.799999999999998,6,10.308215269318392,19.660910372816417,19.660910372816417,2.470254139091629,-2.7164977177435063,-2.7164977177435063,-2.5,2.5,2.5,0.0,0.0,-0.8328380314738849,0
2.799999999999998,7,18.9595100102396,20.459509994340493,20.4595099943367,-3.886751345633729,-0.8867514155279514,-0.8867514155448266,2.5,2.5,2.5,0.0,0.0,-2.9172846927075073,0
2.799999999999998,8,22.90312499049583,15.000088079545868,14.999920360633567,2.1249999847948975,0.00013779782606462525,-0.00010742261236813541,2.5,-1.6493564407770828e-05,1.5002714176844163e-05,0.0,0.0,6.484603616822065e-05,0
2.849999999999998,0,10.42860300498651,10.471789537814953,10.471789537814947,2.345254521938775,2.591498047666095,2.5914980476660383,-2.5,-2.5,-2.5,0.0,0.0,0.8352365156807671,0
2.849999999999998,1,18.76829745952035,9.581702625111108,9.581702625111406,-3.761751636771973,0.76175188842539,0.7617518884277661,2.5,-2.5,-2.5,0.0,0.0,2.941795126965498,0
2.849999999999998,2,10.428602976272973,19.528210486929243,10.471789513070757,2.345254139091629,-2.5914977177435063,2.5914977177435063,-2.5,2.5,-2.5,0.0,0.0,-0.8352365335584498,0
2.849999999999998,3,10.428602993820853,10.471789528049793,19.528210471858586,2.3452548410068133,2.591498316904955,-2.591498320569832,-2.4999859616963187,-2.4999880167710287,2.4999879434734864,0.0,0.0,0.8352364996829587,0
2.849999999999998,4,18.768297540122017,20.418297413853182,9.58170258615091,-3.7617510113202375,-0.7617513857348377,0.7617513857404901,2.5,2.5,-2.4999999999999996,0.0,0.0,-2.941795222991176,0
2.849999999999998,5,18.768297449458455,9.581702603053493,20.418297396879918,-3.7617513300424363,0.7617514370025704,-0.7617514371297613,2.5,-2.5,2.5,0.0,0.0,2.9417952263806613,0
2.849999999999998,6,10.428602976272973,19.528210486929243,19.528210486929243,2.345254139091629,-2.5914977177435063,-2.5914977177435063,-2.5,2.5,2.5,0.0,0.0,-0.8352365335584498,0
2.849999999999998,7,18.768297442957916,20.418297423564095,20.41829742355946,-3.761751345633729,-0.7617514155279514,-0.7617514155448266,2.5,2.5,2.4999999999999996,0.0,0.0,-2.9417952326707044,0
2.849999999999998,8,23.012499989735574,15.000094946265813,14.999915010339814,2.2499999847948975,0.00013687097173122116,-0.00010658913777977796,2.5,-1.853708666808191e-05,1.66694917671489e-05,0.0,0.0,6.083154332770744e-05,0
2.8999999999999977,0,10.542740731083448,10.598239440198256,10.598239440198249,2.220254521938775,2.466498047666095,2.4664980476660383,-2.5,-2.5,-2.5,0.0,0.0,0.8378902275011553,0
2.8999999999999977,1,18.583334877681754,9.616665219532376,9.616665219532793,-3.636751636771973,0.63675188842539,0.6367518884277661,2.5,-2.5,-2.5,0.0,0.0,2.968261518532788,0
2.8999999999999977,2,10.542740683227555,19.401760601042067,10.598239398957931,2.220254139091629,-2.4664977177435063,2.4664977177435063,-2.5,2.5,-2.5,0.0,0.0,-0.8378902467308751,0
2.8999999999999977,3,10.542740735871194,10.598239443895041,19.401760555830094,2.2202548410068133,2.466498316904955,-2.466498320569832,-2.5,-2.5,2.5,0.0,0.0,0.837890210321511,0
2.8999999999999977,4,18.583334989556004,20.38333484456644,9.616665155437934,-3.6367510113202375,-0.6367513857348377,0.6367513857404901,2.5,2.5,-2.5,0.0,0.0,-2.9682616234304335,0
2.8999999999999977,5,18.583334882956333,9.616665174903622,20.383334825023432,-3.6367513300424363,0.6367514370025704,-0.6367514371297613,2.5,-2.4999999999999996,2.5,0.0,0.0,2.9682616246407867,0
2.8999999999999977,6,10.542740683227555,19.401760601042067,19.401760601042067,2.220254139091629,-2.4664977177435063,-2.4664977177435063,-2.5,2.5,2.5,0.0,0.0,-0.8378902467308751,0
2.8999999999999977,7,18.58333487567623,20.383334852787698,20.38333485278222,-3.636751345633729,-0.6367514155279514,-0.6367514155448266,2.5,2.4999999999999996,2.4999999999999996,0.0,0.0,-2.968261631098344,0
2.8999999999999977,8,23.12812498897532,15.000101763991946,14.999909703885917,2.3749999847948975,0.0001358380735574432,-0.00010566901812989375,2.5,-2.0657963475559286e-05,1.840239299768431e-05,0.0,0.0,5.719497864378017e-05,0
2.9499999999999975,0,10.650628457180387,10.71843934258156,10.71843934258155,2.095254521938775,2.341498047666095,2.3414980476660383,-2.5,-2.5,-2.5,0.0,0.0,0.8408421282979521,0
2.9499999999999975,1,18.404622295843154,9.645377813953644,9.64537781395418,-3.511751636771973,0.51175188842539,0.5117518884277661,2.5,-2.5,-2.4999999999999996,0.0,0.0,2.9968857098037067,0
2.9499999999999975,2,10.650628390182135,19.281560715154892,10.718439284845106,2.095254139091629,-2.3414977177435063,2.3414977177435063,-2.5,2.5,-2.5,0.0,0.0,-0.8408421490788921,0
2.9499999999999975,3,10.650628479059987,10.718439360688745,19.281560638849562,2.0952548865449945,2.3414983548432446,-2.3414983586515166,-2.4999990892363786,-2.499999241234204,2.499999238366314,0.0,0.0,0.8408421070160019,0
2.9499999999999975,4,18.404622438989993,20.3546222752797,9.645377724724957,-3.5117510113202375,-0.5117513857348377,0.5117513857404901,2.5,2.5,-2.5,0.0,0.0,-2.99688582455798,0
2.9499999999999975,5,18.404622316454212,9.64537774675375,20.354622253166944,-3.5117513300424363,0.5117514370025704,-0.5117514371297613,2.5,-2.4999999999999996,2.5,0.0,0.0,2.9968858232134825,0
2.9499999999999975,6,10.650628390182135,19.281560715154892,19.281560715154892,2.095254139091629,-2.3414977177435063,-2.3414977177435063,-2.5,2.5,2.5,0.0,0.0,-0.8408421490788921,0
2.9499999999999975,7,18.404622308394543,20.354622282011302,20.35462228200498,-3.511751345633729,-0.5117514155279514,-0.5117514155448266,2.5,2.5,2.5,0.0,0.0,-2.9968858298349286,0
2.9499999999999975,8,23.249999988215066,15.000108905680113,14.999904393816168,2.4999999847948975,0.0001498294531299184,-0.00010673377181458744,2.5,0.0002798275914495044,-2.129507369387368e-05,0.0,0.0,5.993178154472022e-05,0
2.9999999999999973,0,10.752266183277325,10.832389244964864,10.832389244964851,1.970254521938775,2.216498047666095,2.2164980476660383,-2.5,-2.5,-2.5,0.0,0.0,0.8441454083570314,0
2.9999999999999973,1,18.232159714004556,9.667840408374913,9.667840408375568,-3.386751636771973,0.38675188842539,0.3867518884277661,2.5,-2.5,-2.5,0.0,0.0,3.02788967173811,0
2.9999999999999973,2,10.752266097136715,19.16761082926772,10.83238917073228,1.970254139091629,-2.2164977177435063,2.2164977177435063,-2.5,2.5,-2.5,0.0,0.0,-0.8441454309327886,0
2.9999999999999973,3,10.752266223387236,10.832389278430906,19.167610720916986,1.9702548865449945,2.2164983548432446,-2.2164983586515166,-2.5,-2.5,2.5,0.0,0.0,0.84414538528288,0
2.9999999999999973,4,18.232159888423983,20.332159705992957,9.667840294011981,-3.3867510113202375,-0.3867513857348377,0.38675138574049006,2.5,2.5,-2.5,0.0,0.0,-3.0278897974382804,0
2.9999999999999973,5,18.232159749952093,9.667840318603877,20.332159681310458,-3.3867513300424363,0.3867514370025704,-0.38675143712976134,2.5,-2.5,2.5,0.0,0.0,3.0278897931038338,0
2.9999999999999973,6,10.752266097136715,19.16761082926772,19.16761082926772,1.970254139091629,-2.2164977177435063,-2.2164977177435063,-2.5,2.5,2.5,0.0,0.0,-0.8441454309327886,0
2.9999999999999973,7,18.23215974111286,20.332159711234905,20.33215971122774,-3.386751345633729,-0.38675141552795145,-0.3867514155448266,2.5,2.4999999999999996,2.4999999999999996,0.0,0.0,-3.0278897998819274,0
2.9999999999999973,8,23.37812498745481,15.000116559925331,14.999898816780028,2.6249999847948975,0.00015634035556897743,-0.00011634767373806777,2.5,0.0001302180487811805,-0.00019227803846960656,0.0,0.0,5.955823096750876e-05,0
3.049999999999997,0,10.847653909374262,10.940089147348168,10.940089147348152,1.845254521938775,2.091498047666095,2.0914980476660383,-2.5,-2.5,-2.5,0.0,0.0,0.8478666907587177,0
3.049999999999997,1,18.06594713216596,9.684053002796182,9.684053002796956,-3.261751636771973,0.26175188842539,0.2617518884277661,2.5,-2.5,-2.5,0.0,0.0,3.0615153837828104,0
3.049999999999997,2,10.847653804091296,19.059910943380544,10.940089056619456,1.845254139091629,-2.0914977177435063,2.0914977177435063,-2.5,2.5,-2.5,0.0,0.0,-0.8478667154308919,0
3.049999999999997,3,10.847653967714486,10.940089196173068,19.05991080298441,1.8452548865449945,2.0914983548432446,-2.0914983586515166,-2.5,-2.5,2.5,0.0,0.0,0.8478666655954734,0
3.049999999999997,4,18.06594733785797,20.315947136706217,9.684052863299005,-3.2617510113202375,-0.2617513857348377,0.26175138574049006,2.5,2.5,-2.5,0.0,0.0,-3.061515521623917,0
3.049999999999997,5,18.065947166497526,9.684052910820695,20.31594708908821,-3.2617520081402076,0.26175225167016414,-0.26175225176016037,2.499986438044571,-2.499983706648126,2.499983707392019,0.0,0.0,3.0615152822087803,0
3.049999999999997,6,10.847653804091296,19.059910943380544,19.059910943380544,1.845254139091629,-2.0914977177435063,-2.0914977177435063,-2.5,2.5,2.5,0.0,0.0,-0.8478667154308919,0
3.049999999999997,7,18.065947173831173,20.31594714045851,20.315947140450497,-3.261751345633729,-0.26175141552795145,-0.2617514155448266,2.5,2.5,2.5,0.0,0.0,-3.061515520720749,0
3.049999999999997,8,23.512499986694557,15.000124464704347,14.9998928526846,2.7499999847948975,0.0001598508050955567,-0.00012221614342176475,2.5,7.02089905315853e-05,-0.00011736939367393978,0.0,0.0,5.81275657452207e-05,0
3.099999999999997,0,10.9367916354712,11.041539049731472,11.041539049731453,1.720254521938775,1.9664980476660952,1.9664980476660383,-2.5,-2.5,-2.5,0.0,0.0,0.8520905508068399,0
3.099999999999997,1,17.90598455032736,9.69401559721745,9.694015597218344,-3.136751636771973,0.13675188842539,0.1367518884277661,2.5,-2.5,-2.5,0.0,0.0,3.098023585038965,0
3.099999999999997,2,10.936791511045877,18.95846105749337,11.04153894250663,1.720254139091629,-1.9664977177435063,1.9664977177435063,-2.5,2.5,-2.5,0.0,0.0,-0.8520905779540393,0
3.099999999999997,3,10.936791712041735,11.04153911391523,18.958460885051835,1.7202548865449945,1.9664983548432446,-1.9664983586515166,-2.5,-2.5,2.5,0.0,0.0,0.8520905231825028,0
3.099999999999997,4,17.90598478729196,20.305984567419475,9.69401543258603,-3.1367510113202375,-0.1367513857348377,0.13675138574049006,2.5,2.5,-2.5,0.0,0.0,-3.098023736316845,0
3.099999999999997,5,17.905984566090517,9.694015523404202,20.3059844765002,-3.1367520081402076,0.13675225167016414,-0.13675225176016037,2.5,-2.5,2.5,0.0,0.0,3.098023474607546,0
3.099999999999997,6,10.936791529414734,18.958461042702613,18.958461042702613,1.7202548738459007,-1.9664983093737067,-1.966498309373718,-2.4999853049145657,2.499988167395992,2.4999881673957645,0.0,0.0,-0.852090515382417,0
3.099999999999997,7,17.905984606549488,20.30598456968211,20.305984569673257,-3.136751345633729,-0.13675141552795145,-0.13675141554482662,2.5,2.5,2.5,0.0,0.0,-3.098023731474464,0
3.099999999999997,8,23.6531249859343,15.000544004949255,14.999886787081486,2.8749999847948975,0.01662175899120104,-0.00012040798116139725,2.5,0.3292381637221096,3.616324520735019e-05,0.0,0.0,0.0057814170037572155,0
3.149999999999997,0,11.019679361568139,11.136738952114776,11.136738952114754,1.595254521938775,1.8414980476660952,1.8414980476660383,-2.5,-2.5,-2.5,0.0,0.0,0.8569259883695522,0
3.149999999999997,1,17.752271968488763,9.697728191638719,9.697728191639731,-3.011751636771973,0.011751888425389989,0.011751888427766088,2.5,-2.5,-2.5,0.0,0.0,3.137690662257271,0
3.149999999999997,2,11.019679218000459,18.863261171606194,11.136738828393804,1.595254139091629,-1.8414977177435063,1.8414977177435063,-2.5,2.5,-2.5,0.0,0.0,-0.8569260184745473,0
3.149999999999997,3,11.019679456368983,11.136739031657392,18.86326096711926,1.5952548865449945,1.8414983548432446,-1.8414983586515166,-2.5,-2.5,2.5,0.0,0.0,0.8569259578107021,0
3.149999999999997,4,17.752272236725947,20.302271998132735,9.697728001873053,-3.0117510113202375,-0.011751385734837694,0.011751385740490061,2.5,2.5,-2.5,0.0,0.0,-3.137690828354141,0
3.149999999999997,5,17.75227196568351,9.69772813598771,20.302271863912193,-3.0117520081402076,0.011752251670164138,-0.011752251760160384,2.5,-2.5,2.4999999999999996,0.0,0.0,3.137690542131118,0
3.149999999999997,6,11.019679273107029,18.86326112723393,18.863261127233926,1.5952548738459007,-1.8414983093737067,-1.841498309373718,-2.5,2.5,2.5,0.0,0.0,-0.8569259495306278,0
3.149999999999997,7,17.7522720392678,20.302271998905713,20.302271998896018,-3.011751345633729,-0.011751415527951448,-0.011751415544826616,2.5,2.5,2.5,0.0,0.0,-3.1376908188951127,0
3.149999999999997,8,23.799999985174047,15.004500092898816,14.999880980955401,2.9999999847948975,0.14162175899120105,-0.00011183706228863343,2.5,2.5,0.00017141837745527635,0.0,0.0,0.04717223254024438,0
3.1999999999999966,0,11.096317087665078,11.22568885449808,11.225688854498056,1.470254521938775,1.7164980476660952,1.7164980476660383,-2.5,-2.5,-2.5,0.0,0.0,0.8625159119154256,0
3.1999999999999966,1,17.604809386650164,9.695190786059987,9.695190786061119,-2.886751636771973,-0.11324811157461001,-0.11324811157223391,2.5,-2.5,-2.5,0.0,0.0,-3.1023824677043748,0
3.1999999999999966,2,11.096316924955039,18.77431128571902,11.22568871428098,1.470254139091629,-1.7164977177435063,1.7164977177435063,-2.5,2.5,-2.5,0.0,0.0,-0.8625159456048873,0
3.1999999999999966,3,11.096317200696232,11.225688949399553,18.774311049186686,1.4702548865449945,1.7164983548432446,-1.7164983586515166,-2.5,-2.5,2.5,0.0,0.0,0.8625158778087773,0
3.1999999999999966,4,17.604809686159935,20.304809428845992,9.695190571160076,-2.8867510113202375,0.1132486142651623,-0.11324861425950992,2.5,2.5,-2.4999999999999996,0.0,0.0,3.1023822853481424,0
3.1999999999999966,5,17.6048093652765,9.695190748571218,20.304809251324187,-2.8867520081402076,-0.11324774832983586,0.11324774823983962,2.5,-2.5,2.5,0.0,0.0,-3.1023825983817215,0
3.1999999999999966,6,11.096317016799324,18.774311211765244,18.77431121176524,1.4702548738459007,-1.7164983093737067,-1.716498309373718,-2.5,2.5,2.5,0.0,0.0,-0.8625158689885548,0
3.1999999999999966,7,17.604809471986115,20.304809428129317,20.304809428118777,-2.886751345633729,0.11324858447204855,0.11324858445517338,2.5,2.5,2.5,0.0,0.0,3.102382300189204,0
3.1999999999999966,8,23.953124984413794,15.014706180848377,14.999875600342182,3.1249999847948975,0.26662175899120105,-0.0001033874664701617,2.5,2.5,0.00016899191636943477,0.0,0.0,0.08511284130194832,0
3.2499999999999964,0,11.166704813762015,11.308388756881383,11.308388756881357,1.345254521938775,1.5914980476660952,1.5914980476660383,-2.5,-2.5,-2.5,0.0,0.0,0.8690514024169643,0
3.2499999999999964,1,17.463596804811566,9.686403380481256,9.686403380482506,-2.761751636771973,-0.23824811157461,-0.2382481115722339,2.5,-2.5,-2.5,0.0,0.0,-3.0555386727493565,0
3.2499999999999964,2,11.166704631909619,18.691611399831846,11.308388600168154,1.345254139091629,-1.5914977177435063,1.5914977177435063,-2.5,2.5,-2.5,0.0,0.0,-0.8690514405212323,0
3.2499999999999964,3,11.166704956943393,11.308388876361086,18.691611122055953,1.3452553633414466,1.5914987236181128,-1.5914987265777039,-2.499990464070956,-2.4999926245026343,2.4999926414762563,0.0,0.0,0.8690513034519708,0
3.2499999999999964,4,17.463597135593925,20.31359685955925,9.6864031404471,-2.7617510113202375,0.2382486142651623,-0.2382486142595099,2.5,2.5,-2.4999999999999996,0.0,0.0,3.0555384726826444,0
3.2499999999999964,5,17.46359676486949,9.686403361154726,20.31359663873618,-2.7617520081402076,-0.23824774832983586,0.23824774823983963,2.5,-2.5,2.5,0.0,0.0,-3.0555388148191938,0
3.2499999999999964,6,11.166704760491617,18.69161129629656,18.691611296296557,1.3452548738459007,-1.5914983093737067,-1.591498309373718,-2.5,2.5,2.5,0.0,0.0,-0.8690513545200192,0
3.2499999999999964,7,17.46359690470443,20.31359685735292,20.313596857341537,-2.761751345633729,0.23824858447204855,0.23824858445517338,2.5,2.5,2.4999999999999996,0.0,0.0,3.0555384937563317,0
3.2499999999999964,8,24.11249998365354,15.031162268797937,14.999789575827677,3.2499999847948975,0.39162175899120105,-0.003337593113717827,2.5,2.5,-0.0646841129449533,0.0,0.0,0.11992081662897049,0
3.2999999999999963,0,11.230842539858953,11.384838659264688,11.384838659264657,1.220254521938775,1.4664980476660952,1.4664980476660383,-2.5,-2.5,-2.5,0.0,0.0,0.8767938165553316,0
3.2999999999999963,1,17.32863422297297,9.671365974902525,9.671365974903894,-2.636751636771973,-0.36324811157461,-0.3632481115722339,2.5,-2.5,-2.5,0.0,0.0,-3.004690898045902,0
3.2999999999999963,2,11.2308423388642,18.61516151394467,11.38483848605533,1.220254139091629,-1.4664977177435063,1.4664977177435063,-2.5,2.5,-2.5,0.0,0.0,-0.8767938602011885,0
3.2999999999999963,3,11.230842725110465,11.384838812541991,18.615161185727068,1.2202553633414466,1.4664987236181128,-1.4664987265777039,-2.5,-2.5,2.5,0.0,0.0,0.8767937041590756,0
3.2999999999999963,4,17.328634585027913,20.32863429027251,9.671365709734124,-2.6367510113202375,0.3632486142651623,-0.36324861425950994,2.5,2.5,-2.5,0.0,0.0,3.0046906788794545,0
3.2999999999999963,5,17.32863416446248,9.671365973738233,20.328634026148173,-2.6367520081402076,-0.36324774832983586,0.36324774823983963,2.5,-2.5,2.5,0.0,0.0,-3.004691052283895,0
3.2999999999999963,6,11.230842504183912,18.615161380827875,18.61516138082787,1.2202548738459007,-1.4664983093737067,-1.466498309373718,-2.5,2.5,2.5,0.0,0.0,-0.8767937625056726,0
3.2999999999999963,7,17.328634337422745,20.328634286576523,20.328634286564295,-2.636751345633729,0.36324858447204855,0.3632485844551734,2.5,2.5,2.5,0.0,0.0,3.0046907071098983,0
3.2999999999999963,8,24.27187994380664,15.050567348243748,14.999624146834062,3.1251984213291273,0.38458141884127667,-0.0032795666309042705,-2.496031269315403,-0.1408068029984872,0.0011605296562711336,0.0,0.0,0.12244265354635925,0
3.349999999999996,0,11.288730265955891,11.455038561647992,11.455038561647958,1.095254521938775,1.3414980476660952,1.3414980476660383,-2.5,-2.5,-2.5,0.0,0.0,0.8861102431717838,0
3.349999999999996,1,17.19992164113437,9.650078569323794,9.650078569325283,-2.511751636771973,-0.48824811157461,-0.4882481115722339,2.5,-2.4999999999999996,-2.5,0.0,0.0,-2.9496014287139625,0
3.349999999999996,2,11.288730045818781,18.544961628057496,11.455038371942504,1.095254139091629,-1.3414977177435063,1.3414977177435063,-2.5,2.5,-2.5,0.0,0.0,-0.8861102939318404,0
3.349999999999996,3,11.288730493277537,11.455038748722897,18.544961249398185,1.0952553633414466,1.3414987236181128,-1.3414987265777039,-2.5,-2.5,2.5,0.0,0.0,0.8861101136704609,0
3.349999999999996,4,17.199922034461903,20.34992172098577,9.650078279021148,-2.5117510113202375,0.4882486142651623,-0.48824861425950994,2.5,2.5,-2.5,0.0,0.0,2.949601189223798,0
3.349999999999996,5,17.19992156405547,9.65007858632174,20.349921413560164,-2.5117520081402076,-0.48824774832983586,0.48824774823983963,2.5,-2.5,2.5,0.0,0.0,-2.949601595760423,0
3.349999999999996,6,11.288730247876206,18.54496146535919,18.544961465359187,1.0952548738459007,-1.3414983093737067,-1.341498309373718,-2.5,2.5,2.5,0.0,0.0,-0.8861101813398741,0
3.349999999999996,7,17.19992177014106,20.349921715800125,20.349921715787055,-2.511751345633729,0.48824858447204855,0.4882485844551734,2.5,2.5,2.5,0.0,0.0,2.9496012255840816,0
3.349999999999996,8,24.42502066973789,15.069606040031221,14.999461745211596,3.000430615920929,0.3769662526576953,-0.0032164982677995507,-2.495356108163964,-0.15230332367162772,0.0012613672620943924,0.0,0.0,0.12498252306625197,0
3.399999999999996,0,11.34036799205283,11.518988464031295,11.51898846403126,0.970254521938775,1.2164980476660952,1.2164980476660383,-2.5,-2.5,-2.5,0.0,0.0,0.8975327326880901,0
3.399999999999996,1,17.077459059295773,9.622541163745062,9.62254116374667,-2.386751636771973,-0.61324811157461,-0.6132481115722339,2.5,-2.5,-2.5,0.0,0.0,-2.890094481528415,0
3.399999999999996,2,11.340367776015505,18.481011724742675,11.518988275326869,0.9702550687772857,-1.216498414849283,1.2164984176311544,-2.499981406286865,2.499986057884466,-2.499986002247037,0.0,0.0,-0.8975326050824067,0
3.399999999999996,3,11.340368261444608,11.518988684903801,18.4810113130693,0.9702553633414466,1.2164987236181128,-1.2164987265777039,-2.5,-2.5,2.5,0.0,0.0,0.8975325808172652,0
3.399999999999996,4,17.07745948389589,20.37745915169903,9.622540848308171,-2.3867510113202375,0.6132486142651623,-0.6132486142595099,2.5,2.5,-2.5,0.0,0.0,2.8900942207932867,0
3.399999999999996,5,17.07745896364846,9.622541198905248,20.377458800972157,-2.3867520081402076,-0.6132477483298359,0.6132477482398396,2.5,-2.5,2.5,0.0,0.0,-2.890094661798085,0
3.399999999999996,6,11.340368052581445,18.481011446813532,18.48101144681856,0.9702573143636037,-1.2165024324526146,-1.216502432251332,-2.4999511896459383,2.4999175384218435,2.4999175424477222,0.0,0.0,-0.8975330867914387,0
3.399999999999996,7,17.077459182290834,20.37745913672837,20.37745913671438,-2.3867521683753132,0.6132482526577265,0.6132482526377335,2.4999835451683197,2.4999933637135596,2.499993363651202,0.0,0.0,2.8900944797622006,0
3.399999999999996,8,24.57192379507091,15.088251449919724,14.99930260685507,2.8756943973997737,0.3688501428824358,-0.0031490359932385146,-2.4947243704231092,-0.16232219550518956,0.0013492454912207232,0.0,0.0,0.1275681880437487,0
3.4499999999999957,0,11.385755718149769,11.5766883823156,11.576688366414562,0.845254521938775,1.091498683706125,1.0914980476660383,-2.5,-2.499987279199403,-2.5,0.0,0.0,0.911862400013531,0
3.4499999999999957,1,16.961246477457173,9.58875375816633,9.588753758168057,-2.261751636771973,-0.73824811157461,-0.7382481115722339,2.5,-2.5,-2.5,0.0,0.0,-2.826090078389979,0
3.4499999999999957,2,11.385755529454368,18.42331180400021,11.576688196208426,0.8452550687772857,-1.091498414849283,1.0914984176311544,-2.5,2.5,-2.5,0.0,0.0,-0.9118619675886844,0
3.4499999999999957,3,11.385756029611679,11.576688621084706,18.423311376740415,0.8452553633414466,1.0914987236181128,-1.0914987265777039,-2.5,-2.5,2.5,0.0,0.0,0.9118619358292731,0
3.4499999999999957,4,16.96124693332988,20.411246582412286,9.588753417595195,-2.2617510113202375,0.7382486142651623,-0.7382486142595099,2.5,2.5,-2.5,0.0,0.0,2.8260897959606255,0
3.4499999999999957,5,16.96124636324145,9.588753811488756,20.41124618838415,-2.2617520081402076,-0.7382477483298359,0.7382477482398396,2.5,-2.5,2.5,0.0,0.0,-2.826090271963921,0
3.4499999999999957,6,11.385755918299624,18.4233113251909,18.423311325205994,0.8452573143636037,-1.0915024324526146,-1.091502432251332,-2.5,2.5,2.5,0.0,0.0,-0.9118624633543492,0
3.4499999999999957,7,16.96124657387207,20.411246549361255,20.411246549346266,-2.2617521683753132,0.7382482526577265,0.7382482526377335,2.5,2.5,2.5,0.0,0.0,2.8260900913499256,0
3.4499999999999957,8,24.712590849295577,15.10647998804111,14.999146938678836,2.7509877715870488,0.36029138197299776,-0.00307769105607469,-2.494132516254501,-0.17117521818876064,0.00142689874327649,0.0,0.0,0.13022680419385557,0
3.4999999999999956,0,11.424893444246706,11.628138316500905,11.628138268797862,0.720254521938775,0.9664986837061249,0.9664980476660383,-2.5,-2.5,-2.5,0.0,0.0,0.9303611955209549,0
3.4999999999999956,1,16.851283895618575,9.548716352587599,9.548716352589445,-2.136751636771973,-0.86324811157461,-0.8632481115722339,2.5,-2.5,-2.5,0.0,0.0,-2.7576425827394524,0
3.4999999999999956,2,11.424893349614054,18.371861771123495,11.628138229455171,0.7202577376101803,-0.9665029002193835,0.9665029122386543,-2.4999466233421086,2.499910292597991,-2.4999101078500034,0.0,0.0,-0.9303611466670784,0
3.4999999999999956,3,11.42489379777875,11.628138557265611,18.371861440411532,0.7202553633414466,0.9664987236181128,-0.9664987265777039,-2.5,-2.5,2.5,0.0,0.0,0.9303606555836959,0
3.4999999999999956,4,16.85128438276387,20.451284013125544,9.548715986882218,-2.1367510113202375,0.8632486142651623,-0.8632486142595099,2.5,2.5,-2.5,0.0,0.0,2.757642278827933,0
3.4999999999999956,5,16.85128376283444,9.548716424072264,20.451283575796143,-2.1367520081402076,-0.8632477483298359,0.8632477482398396,2.5,-2.5,2.5,0.0,0.0,-2.757642789247895,0
3.4999999999999956,6,11.424893784017804,18.371861203568272,18.37186120359343,0.7202573143636037,-0.9665024324526146,-0.966502432251332,-2.5,2.5,2.5,0.0,0.0,-0.9303611963308496,0
3.4999999999999956,7,16.851283965453305,20.451283961994143,20.451283961978152,-2.1367521683753132,0.8632482526577265,0.8632482526377335,2.5,2.5,2.5,0.0,0.0,2.757642612385241,0
3.4999999999999956,8,24.847023267244577,15.124270692021817,14.998994924552896,2.6263089463730034,0.35133677725526036,-0.0030028739815061082,-2.4935765042809037,-0.1790920943547482,0.0014963414913716378,0.0,0.0,0.1329863187190691,0
3.5499999999999954,0,11.457781170343644,11.67333825068621,11.673338171181163,0.595254521938775,0.8414986837061249,0.8414980476660383,-2.5,-2.5,-2.5,0.0,0.0,0.9551383108956403,0
3.5499999999999954,1,16.74757131377998,9.502428947008868,9.502428947010833,-2.011751636771973,-0.98824811157461,-0.9882481115722339,2.5,-2.5,-2.5,0.0,0.0,-2.68497947814209,0
3.5499999999999954,2,11.457781236494563,18.326661626112525,11.673338375067104,0.5952577376101803,-0.8415029002193835,0.8415029122386543,-2.5,2.5,-2.5,0.0,0.0,-0.9551381263372748,0
3.5499999999999954,3,11.457781565945822,11.673338493446517,18.326661504082647,0.5952553633414466,0.8414987236181128,-0.8414987265777039,-2.5,-2.5,2.5,0.0,0.0,0.955137666834832,0
3.5499999999999954,4,16.747571832197856,20.49757144002798,9.502428559979482,-2.0117510113202375,0.9882484618321312,-0.988248461849998,2.5,2.4999969513393787,-2.4999969518097624,0.0,0.0,2.6849792148476888,0
3.5499999999999954,5,16.74757116242743,9.502429036655771,20.497570963208137,-2.0117520081402076,-0.9882477483298359,0.9882477482398396,2.5,-2.4999999999999996,2.4999999999999996,0.0,0.0,-2.684979696655314,0
3.5499999999999954,6,11.457781649735985,18.32666108194564,18.326661081980863,0.5952573143636037,-0.8415024324526146,-0.841502432251332,-2.5,2.5,2.5,0.0,0.0,-0.9551381994897327,0
3.5499999999999954,7,16.74757135703454,20.49757137462703,20.49757137461004,-2.0117521683753132,0.9882482526577265,0.9882482526377335,2.5,2.5,2.5,0.0,0.0,2.684979526219792,0
3.5499999999999954,8,24.97522239913398,15.141604723351676,14.998846729719737,2.5016563292032363,0.34202447593914476,-0.0029249193448253434,-2.49305234339534,-0.18624602632231235,0.0015590927336152972,0.0,0.0,0.13587677936492354,0
3.599999999999995,0,11.484418896440582,11.712288184871516,11.712288073564464,0.47025452193877504,0.7164986837061249,0.7164980476660383,-2.5,-2.5,-2.5,0.0,0.0,0.9899889922568367,0
3.599999999999995,1,16.65010873194138,9.449891541430137,9.44989154143222,-1.8867516367719732,-1.11324811157461,-1.113248111572234,2.5,-2.5,-2.5,0.0,0.0,-2.60853312798069,0
3.599999999999995,2,11.484419123375071,18.287711481101557,11.712288602558376,0.4702577376101803,-0.7165029002193835,0.7165061874122255,-2.5,2.5,-2.4999344965285744,0.0,0.0,-0.9899885549747569,0
3.599999999999995,3,11.484419334112895,11.712288429627423,18.287711567753764,0.4702553633414466,0.7164987236181128,-0.7164987265777039,-2.5,-2.5,2.5,0.0,0.0,0.9899881970395741,0
3.599999999999995,4,16.650109281631845,20.550108863119586,9.449891136886981,-1.8867510113202375,1.1132484618321312,-1.113248461849998,2.5,2.5,-2.5,0.0,0.0,2.6085328451949334,0
3.599999999999995,5,16.65010856202042,9.449891649239278,20.55010835062013,-1.8867520081402076,-1.1132477483298358,1.1132477482398397,2.5,-2.5,2.5,0.0,0.0,-2.608533356933084,0
3.599999999999995,6,11.484419515454164,18.28771096032301,18.287710960368297,0.47025731436360374,-0.7165024324526146,-0.716502432251332,-2.5,2.5,2.5,0.0,0.0,-0.9899886683639906,0
3.599999999999995,7,16.650108748615775,20.550108780756602,20.550108780737396,-1.8867521683753132,1.113247992525279,1.1132479924564178,2.5,2.499994797351047,2.4999947963736875,0.0,0.0,2.608533298098786,0
3.599999999999995,8,25.09718952019461,15.158464984298105,14.998702504154052,2.3770285132221005,0.33238596191798064,-0.002844103282551943,-2.4925563196227203,-0.19277028042328226,0.001616321245468013,0.0,0.0,0.13893170807704483,0
3.649999999999995,0,11.50480662253752,11.744988119056822,11.744987975947765,0.34525452193877504,0.5914986837061249,0.5914980476660383,-2.5,-2.5,-2.5,0.0,0.0,1.0424524574181273,0
3.649999999999995,1,16.558896150102782,9.391104135851405,9.391104135853608,-1.7617516367719732,-1.23824811157461,-1.238248111572234,2.5,-2.5,-2.5,0.0,0.0,-2.528956127527338,0
3.649999999999995,2,11.504807035869304,18.25501129417331,11.744988953926585,0.3452587621591044,-0.5915045769105594,0.5915078673161456,-2.499979509021518,2.499966466176482,-2.499966401921597,0.0,0.0,-1.0424514481383236,0
3.649999999999995,3,11.504807110109262,11.744988378621592,18.255011618634086,0.3452556765132477,0.5914992361487014,-0.5914992382094415,-2.4999937365639777,-2.499989749388229,2.499989767365248,0.0,0.0,1.0424514081210579,0
3.649999999999995,4,16.55889672987707,20.608896286211195,9.39110371379448,-1.7617510588707601,1.2382484618321312,-1.238248461849998,2.4999990489895465,2.5,-2.5,0.0,0.0,2.528955840133723,0
3.649999999999995,5,16.558895961613413,9.391104261822786,20.60889573803212,-1.7617520081402076,-1.2382477483298358,1.2382477482398397,2.5,-2.4999999999999996,2.5,0.0,0.0,-2.528956364703656,0
3.649999999999995,6,11.504807381172343,18.255010838700382,18.25501083875573,0.34525731436360374,-0.5915024324526146,-0.591502432251332,-2.5,2.5,2.5,0.0,0.0,-1.0424516953986862,0
3.649999999999995,7,16.55889614019701,20.608896180382867,20.60889618036022,-1.7617521683753132,1.238247992525279,1.2382479924564178,2.5,2.5,2.4999999999999996,0.0,0.0,2.5289563147145158,0
3.649999999999995,8,25.21292583951589,15.174835820848818,14.998562385168013,2.252424259629054,0.3224475001105724,-0.0027606561589619562,-2.4920850718609304,-0.19876923614816563,0.0016689424717997304,0.0,0.0,0.14218968428227138,0
3.699999999999995,0,11.51894434863446,11.771438053242129,11.771437878331067,0.22025452193877504,0.4664986837061249,0.4664980476660383,-2.5,-2.5,-2.5,0.0,0.0,1.129680865043568,0
3.699999999999995,1,16.473933568264183,9.326066730272673,9.326066730274995,-1.6367516367719732,-1.36324811157461,-1.363248111572234,2.5,-2.5,-2.5,0.0,0.0,-2.4471110088999253,0
3.699999999999995,2,11.518944973977257,18.228561065327785,11.771439347292391,0.2202587621591044,-0.46650457691055935,0.4665078673161456,-2.5,2.5,-2.5,0.0,0.0,-1.129678309769812,0
3.699999999999995,3,11.518944893934924,11.771438340429027,18.228561656723613,0.22025567651324768,0.46649923614870137,-0.4664992382094415,-2.5,-2.5,2.5,0.0,0.0,1.1296792984262207,0
3.699999999999995,4,16.473934176933533,20.6739337093028,9.32606629070198,-1.6367510588707601,1.3632484618321312,-1.363248461849998,2.5,2.4999999999999996,-2.5,0.0,0.0,2.4471107089248187,0
3.699999999999995,5,16.473933361206402,9.326066874406294,20.673933125444115,-1.6367520081402076,-1.3632477483298358,1.3632477482398397,2.5,-2.5,2.5,0.0,0.0,-2.447111251507624,0
3.699999999999995,6,11.518945246890523,18.22856071707775,18.228560606088923,0.22025731436360374,-0.4665024324526146,-0.46650687442095223,-2.5,2.5,2.4999111566075958,0.0,0.0,-1.1296790727826773,0
3.699999999999995,7,16.473933531778247,20.67393358000913,20.67393357998304,-1.6367521683753132,1.363247992525279,1.3632479924564178,2.5,2.5,2.5,0.0,0.0,2.4471112115624685,0
3.699999999999995,8,25.322432507999608,15.190702788412068,14.998426499466177,2.127842479719702,0.31223120241941454,-0.00267477191442981,-2.491635598187037,-0.2043259538231571,0.0017176848906429233,0.0,0.0,0.1456963030290976,0
3.7499999999999947,0,11.526832074731397,11.791637987427434,11.791637780714368,0.09525452193877504,0.3414986837061249,0.3414980476660383,-2.5,-2.5,-2.5,0.0,0.0,1.2987793107793377,0
3.7499999999999947,1,16.395220986425585,9.254779324693942,9.254779324696383,-1.5117516367719732,-1.48824811157461,-1.488248111572234,2.5,-2.5,-2.5,0.0,0.0,-2.364028838961729,0
3.7499999999999947,2,11.526832912085212,18.208360836482257,11.791639740658198,0.0952587621591044,-0.34150457691055935,0.3415078673161456,-2.5,2.5,-2.5,0.0,0.0,-1.2987722567212436,0
3.7499999999999947,3,11.526832677760586,11.79163830223646,18.208361694813142,0.09525567651324768,0.34149923614870137,-0.3414992382094415,-2.5,-2.5,2.5,0.0,0.0,1.298776592589997,0
3.7499999999999947,4,16.395221623989997,20.74522113239441,9.25477886760948,-1.5117510588707601,1.4882484618321312,-1.488248461849998,2.5,2.5,-2.4999999999999996,0.0,0.0,2.364028530188879,0
3.7499999999999947,5,16.395220760799393,9.254779486989802,20.745220512856108,-1.5117520081402076,-1.4882477483298358,1.4882477482398397,2.5,-2.5,2.5,0.0,0.0,-2.3640290837965092,0
3.7499999999999947,6,11.526833112608703,18.208360595455122,18.208360262367876,0.09525731436360374,-0.3415024324526146,-0.34150687442095223,-2.5,2.5,2.5,0.0,0.0,-1.2987745650211218,0
3.7499999999999947,7,16.39522092335948,20.745220979635395,20.74522097960586,-1.5117521683753132,1.488247992525279,1.4882479924564178,2.5,2.5,2.5,0.0,0.0,2.3640290547553096,0
3.7499999999999947,8,25.425710625445767,15.20605246418324,14.998294964791128,2.0032822181267513,0.30175582842754534,-0.0025866150875530044,-2.4912052318590168,-0.20950747983738363,0.001763136537536107,0.0,0.0,0.1495067244842755,0
3.7999999999999945,0,11.528469800828335,11.805766978685648,11.80581261436302,-0.02974547806122496,0.22366096662244625,0.22549529828006204,-2.5,-2.356754341673573,-2.3200549877195256,0.0,0.0,1.7030140492089858,0
3.7999999999999945,1,16.322758404461887,9.177241919115211,9.17724191911777,-1.3867516417759982,-1.61324811157461,-1.613248111572234,2.4999998999195014,-2.5,-2.5,0.0,0.0,-2.280838621723037,0
3.7999999999999945,2,11.528470850193166,18.19400859110181,11.805590134024005,-0.029741237840895607,-0.2325852383073884,0.21650786731614557,-2.5,2.178386772063419,-2.5,0.0,0.0,-1.6979785456038903,0
3.7999999999999945,3,11.528470545124835,11.805588373326886,18.194008035604515,-0.02974098194328746,0.2165036074683076,-0.23264713013576765,-2.4999331691307027,-2.499912573607875,2.1770421614734765,0.0,0.0,1.7073113615375375,0
3.7999999999999945,4,16.32275907104646,20.822758555486015,9.177241444516978,-1.3867510588707601,1.6132484618321312,-1.613248461849998,2.5,2.5,-2.5,0.0,0.0,2.2808383066100317,0
3.7999999999999945,5,16.322758160392382,9.17724209957331,20.8227579002681,-1.3867520081402076,-1.6132477483298358,1.6132477482398397,2.5,-2.5,2.4999999999999996,0.0,0.0,-2.2808388636256978,0
3.7999999999999945,6,11.528470978954076,18.19424482999687,18.194174239051613,-0.02974266054871444,-0.22312818587743405,-0.22593405822956947,-2.4999994982463636,2.3674849315036104,2.311456323827655,0.0,0.0,-1.703313669552217,0
3.7999999999999945,7,16.322758314940717,20.822758378836365,20.822758378804135,-1.3867521683753132,1.6132479755134905,1.6132479754745288,2.5,2.4999996597642324,2.4999996603622208,0.0,0.0,2.280838851130594,0
3.7999999999999945,8,25.522761246844777,15.220872294800206,14.998167891259628,1.8787426378336203,0.29103739625102915,-0.0024963261724040885,-2.4907916058626203,-0.21436864353032412,0.0018057783029783137,0.0,0.0,0.15368912476104718,0
3.8499999999999943,0,11.523857526925273,11.81382502701677,11.814784461291785,-0.15474547806122496,0.09866096662244625,0.13337857887054833,-2.5,-2.5,-1.8423343881902743,0.0,0.0,2.574005753545306,0
3.8499999999999943,1,16.256545822373088,9.09345451353648,9.09345451353916,-1.2617516417759982,-1.73824811157461,-1.738248111572234,2.5,-2.5,-2.5,0.0,0.0,-2.198678115136636,0
3.8499999999999943,2,11.523858788301121,18.184683280788605,11.813290527389812,-0.1547412378408956,-0.14042717422074918,0.09150786731614557,-2.5,1.8431612817327843,-2.5,0.0,0.0,-2.40465109306371,0
3.8499999999999943,3,11.52385849602767,11.8132885537003,18.18467872355522,-0.15474098194328745,0.0915036074683076,-0.1405253518360408,-2.5,-2.5,1.8424355659945366,0.0,0.0,2.607569562799577,0
3.8499999999999943,4,16.256546518102923,20.906545978577622,9.093454021424478,-1.2617510588707601,1.7382484618321312,-1.738248461849998,2.5,2.5,-2.4999999999999996,0.0,0.0,2.198677799722201,0
3.8499999999999943,5,16.256545559985373,9.093454712156817,20.906545287680093,-1.2617520081402076,-1.7382477483298358,1.7382477482398397,2.5,-2.4999999999999996,2.5,0.0,0.0,-2.198678352516282,0
3.8499999999999943,6,11.52385897040896,18.186213259346097,18.185180893978195,-0.15473768125595225,-0.09813464015339245,-0.13379974470707878,-2.499900414144756,2.499870914480832,1.8426862704498133,0.0,0.0,-2.576404933077901,0
3.8499999999999943,7,16.25654570652195,20.906545777612042,20.90654577757786,-1.2617521683753132,1.7382479755134905,1.7382479754745288,2.5,2.5,2.4999999999999996,0.0,0.0,2.1986783507559964,0
3.8499999999999943,8,25.613585387967753,15.235150471080953,14.99804538246127,1.7542230070854044,0.2800896549788671,-0.0024040257619316416,-2.490392614964317,-0.2189548254432401,0.0018460082094489331,0.0,0.0,0.1583295179024059,0
3.899999999999994,0,11.512995253022211,11.815633075347892,11.819522723616506,-0.27974547806122496,-0.02633903337755375,0.05615191411828077,-2.5,-2.5,-1.544533295045351,0.0,0.0,-3.047715840900905,0
3.899999999999994,1,16.196583240284287,9.003417107957748,9.003417107960546,-1.1367516417759982,-1.86324811157461,-1.863248111572234,2.5,-2.5,-2.5,0.0,0.0,-2.1186029482235,0
3.899999999999994,2,11.512996726409076,18.179593828786672,11.814740920755618,-0.2797412378408956,-0.06315090585663963,-0.033492132683854425,-2.5,1.545525367282191,-2.5,0.0,0.0,-2.9195667733416717,0
3.899999999999994,3,11.512996446930504,11.814738734073714,18.17958571171194,-0.27974098194328745,-0.0334963925316924,-0.06319512189520798,-2.5,-2.5,1.5466045988166566,0.0,0.0,-3.0224193138401114,0
3.899999999999994,4,16.196583965159384,20.99658340166923,9.003416598331977,-1.1367510588707601,1.8632484618321312,-1.863248461849998,2.5,2.5,-2.5,0.0,0.0,2.118602636660793,0
3.899999999999994,5,16.196582959578365,9.003417324740324,20.996582675092085,-1.1367520081402076,-1.8632477483298358,1.8632477482398397,2.5,-2.5,2.5,0.0,0.0,-2.118603178192029,0
3.899999999999994,6,11.51299708634616,18.18443152733843,18.1804248349896,-0.2797376812559522,0.026865359846607553,-0.05644261483658816,-2.5,2.5,1.5471425974098123,0.0,0.0,3.0458486028875953,0
3.899999999999994,7,16.196583098103186,20.996583176387716,20.99658317635159,-1.1367521683753132,1.8632479755134905,1.8632479754745288,2.5,2.5,2.5,0.0,0.0,2.118603186652795,0
3.899999999999994,8,25.698184030347843,15.248875823817693,14.997927536372437,1.629722688118271,0.26892445449072955,-0.002309817791373118,-2.4900063793426694,-0.22330400976275178,0.0018841594111704677,0.0,0.0,0.16353869158181042,0
3.949999999999994,0,11.495882986819879,11.811191135207533,11.820729576139758,-0.4047451700320877,-0.1513385722367402,-0.007877813188178998,-2.499993839417255,-2.4999907771837284,-1.2805945461291954,0.0,0.0,-2.7837772793722393,0
3.949999999999994,1,16.142870658195488,8.907129702379017,8.907129702381933,-1.0117516417759982,-1.98824811157461,-1.988248111572234,2.5,-2.4999999999999996,-2.5,0.0,0.0,-2.041511464501555,0
3.949999999999994,2,11.49588466451703,18.178038413012104,11.809941314121424,-0.4047412378408956,0.0009342748739057521,-0.15849213268385443,-2.5,1.2817036146109075,-2.5,0.0,0.0,3.1392843313157712,0
3.949999999999994,3,11.49588439783334,11.809938914447129,18.178030095092925,-0.40474098194328745,-0.1584963925316924,0.0009704571346644125,-2.5,-2.5,1.2833115805974478,0.0,0.0,-2.7683489410963014,0
3.949999999999994,4,16.142871412215847,21.092870824760837,8.907129175239477,-1.0117510588707601,1.9882484618321312,-1.988248461849998,2.5,2.5,-2.5,0.0,0.0,2.041511160422154,0
3.949999999999994,5,16.142870359171354,8.907129937323832,21.09287006250408,-1.0117520081402076,-1.9882477483298358,1.9882477482398397,2.5,-2.5,2.5,0.0,0.0,-2.041511684711871,0
3.949999999999994,6,11.495885202283363,18.18889979533076,18.179205302421842,-0.4047376812559522,0.15186535984660754,0.007661312126238939,-2.5,2.5,1.282078539256542,0.0,0.0,2.7826297982722354,0
3.949999999999994,7,16.142870489684423,21.09287057486571,21.092870574830652,-1.0117521683753132,1.988247963606252,1.9882479636880597,2.5,2.4999997618552303,2.4999997642706178,0.0,0.0,2.0415117049620943,0
3.949999999999994,8,25.77655812573945,15.262037736130276,14.997814446125052,1.50524112754597,0.25755203801260357,-0.002213792104076557,-2.489631211446019,-0.22744832956251917,0.001920513745931221,0.0,0.0,0.16946247407011103,0
3.999999999999994,0,11.472520766488795,11.800499262574938,11.81902481513344,-0.5297436432112439,-0.27633633306708494,-0.06031262706451944,-2.499969463583125,-2.499955216606895,-1.0486962775268087,0.0,0.0,-2.660782021605744,0
3.999999999999994,1,16.09540807610669,8.804592296800285,8.804592296803321,-0.8867516417759982,-2.11324811157461,-2.1132481115722337,2.5,-2.5,-2.5,0.0,0.0,-1.9680974203197716,0
3.999999999999994,2,11.472522602624984,18.179395886927722,11.79889170748723,-0.5297412378408957,0.05336468175079407,-0.2834921326838544,-2.5,1.0486081375377663,-2.5,0.0,0.0,3.0411940923527525,0
3.999999999999994,3,11.472522348736176,11.798889094820543,18.179389707346026,-0.5297409819432874,-0.2834963925316924,0.05341403298936076,-2.5,-2.5,1.048871517093927,0.0,0.0,-2.6502139546515404,0
3.999999999999994,4,16.09540885927231,21.195408247852445,8.804591752146976,-0.8867510588707601,2.113248461832131,-2.113248461849998,2.5,2.5,-2.5,0.0,0.0,1.9680971266465295,0
3.999999999999994,5,16.095407758764345,8.804592550859933,21.19540744899308,-0.8867520081402076,-2.1132477102261804,2.1132477113202124,2.5,-2.4999992379268945,2.4999992616074493,0.0,0.0,-1.9680976354918085,0
3.999999999999994,6,11.472523318220565,18.19961806332309,18.180897900793486,-0.5297376812559522,0.27686535984660754,0.06004262273956678,-2.5,2.5,1.0476262122665567,0.0,0.0,2.6599926912464285,0
3.999999999999994,7,16.095407881265658,21.195407973046024,21.195407973015055,-0.8867521683753132,2.113247963606252,2.1132479636880594,2.5,2.5,2.5,0.0,0.0,1.9680976571841204,0
3.999999999999994,8,25.848708600133577,15.274626068972427,14.997706200659952,1.380777848219185,0.245981275673443,-0.0021160264998930068,-2.4892655865356996,-0.23141524678321143,0.001955312083671001,0.0,0.0,0.17629740388773435,0
4.049999999999994,0,11.442908584328233,11.783557445921582,11.814951597311957,-0.6547436432112439,-0.40133633306708494,-0.10261608579483564,-2.5,-2.5,-0.846069174606324,0.0,0.0,-2.591693017096376,0
4.049999999999994,1,16.05419549401789,8.695804891221554,8.695804891224709,-0.7617516417759982,-2.23824811157461,-2.2382481115722337,2.5,-2.5,-2.5,0.0,0.0,-1.8988340770282912,0
4.049999999999994,2,11.442910587439505,18.18311748520917,11.781592168845721,-0.654739369578294,0.09549924950705435,-0.4084894129765641,-2.499962634747967,0.8426913551252055,-2.499945605854194,0.0,0.0,2.996755591864081,0
4.049999999999994,3,11.44291029963901,11.781589275193959,18.183116216285924,-0.6547409819432874,-0.4084963925316924,0.09564632460655648,-2.5,-2.5,0.8446458323439142,0.0,0.0,-2.5837808994441045,0
4.049999999999994,4,16.054196306328773,21.30419567094405,8.695804329054475,-0.7617510588707601,2.238248461832131,-2.238248461849998,2.5,2.5,-2.5,0.0,0.0,1.8988337959030634,0
4.049999999999994,5,16.054195158357334,8.695805165348624,21.30419483455909,-0.7617520081402076,-2.2382477102261804,2.2382477113202124,2.5,-2.5,2.5,0.0,0.0,-1.8988342784125287,0
4.049999999999994,6,11.442911476179079,18.21658627767801,18.184956385804313,-0.6547360004034417,0.40186321435023864,0.10229677769348344,-2.4999663829497907,2.4999570900726225,0.8450830990783333,0.0,0.0,2.5911030862417666,0
4.049999999999994,7,16.054195272846894,21.30419537122634,21.30419537119946,-0.7617521683753132,2.238247963606252,2.2382479636880594,2.5,2.5,2.5,0.0,0.0,1.8988343080426715,0
4.049999999999994,8,25.91463635739852,15.28663109717445,14.997602885287874,1.2563324423786373,0.2342198524074314,-0.00201658838316917,-2.488908116810957,-0.23522846532023176,0.001988762334476733,0.0,0.0,0.18431547051852237,0
4.099999999999993,0,11.407046402167671,11.760365629268227,11.80899352934308,-0.7797436432112439,-0.5263363330670849,-0.13570663296023397,-2.5,-2.5,-0.6618109433079664,0.0,0.0,-2.547834728087126,0
4.099999999999993,1,16.01923291192909,8.580767485642824,8.580767485646097,-0.6367516417759982,-2.36324811157461,-2.3632481115722337,2.5,-2.5,-2.5,0.0,0.0,-1.8339853767192642,0
4.099999999999993,2,11.407048644387348,18.188728599801966,11.75804273036927,-0.7797383525079339,0.1289453342047552,-0.5334881260814425,-2.499979658592797,0.668921693954017,-2.4999742620975667,0.0,0.0,2.9777058589058845,0
4.099999999999993,3,11.407048250541845,11.758039455567372,18.188728500190212,-0.7797409819432874,-0.5334963925316925,0.12884503156493637,-2.5,-2.5,0.6639741391675982,0.0,0.0,-2.5415516954633954,0
4.099999999999993,4,16.019233753377396,21.419233093688657,8.580766906334224,-0.6367510591844081,2.3632484479521705,-2.363248446960044,2.4999999937270405,2.499999722400786,-2.499999702200927,0.0,0.0,1.8339851111278442,0
4.099999999999993,5,16.019232557950325,8.580767779837315,21.419232220125103,-0.6367520081402076,-2.3632477102261804,2.3632477113202124,2.5,-2.5,2.5,0.0,0.0,-1.8339855639137754,0
4.099999999999993,6,11.407049676158906,18.239804438395524,18.19089835542002,-0.7797360004034417,0.5268632143502386,0.1353820069348742,-2.5,2.5,0.6617045848278154,0.0,0.0,2.5473661250004627,0
4.099999999999993,7,16.019232664428127,21.41923276940665,21.41923276938386,-0.6367521683753132,2.363247963606252,2.3632479636880594,2.5,2.5,2.5,0.0,0.0,1.8339856001943595,0
4.099999999999993,8,25.974342282606493,15.298043453986631,14.99750458217587,1.1319045659403495,0.22227442007981568,-0.0019155360969688516,-2.4885575287657553,-0.2389086465523142,0.002021045724006372,0.0,0.0,0.1939047251157203,0
4.149999999999993,0,11.364934220007108,11.730923812614872,11.801574313747274,-0.9047436432112439,-0.6513363330670849,-0.1610619908720755,-2.5,-2.5,-0.5071071582368305,0.0,0.0,-2.517627174836534,0
4.149999999999993,1,15.990520329840292,8.459480080064091,8.459480080067484,-0.5117516417759982,-2.48824811157461,-2.4882481115722337,2.5,-2.5,-2.5,0.0,0.0,-1.773635370264385,0
4.149999999999993,2,11.364936728728894,18.195808913754796,11.728243338726307,-0.9047382738302141,0.15426722390833,-0.6584875396371126,-2.4999984264456043,0.506437794071496,-2.4999882711134025,0.0,0.0,2.9727065401354844,0
4.149999999999993,3,11.364936208187082,11.72823964438194,18.19580419771918,-0.9047407122472203,-0.6584960548856057,0.1541828695938775,-2.4999946060786566,-2.4999932470782653,0.5067567605788224,0.0,0.0,-2.5124329727415624,0
4.149999999999993,4,15.990521200418176,21.540520516086268,8.459479483986222,-0.5117510591844081,2.4882484479521705,-2.488248446960044,2.5,2.5,-2.4999999999999996,0.0,0.0,1.7736351189538933,0
4.149999999999993,5,15.990519957543315,8.459480394326004,21.540519605691113,-0.5117520081402076,-2.4882477102261804,2.4882477113202124,2.5,-2.5,2.4999999999999996,0.0,0.0,-1.7736355433543358,0
4.149999999999993,6,11.364937883545851,18.2692724521504,18.19830191557833,-0.9047357041187414,0.6518573358447989,0.16076039939751108,-2.4999940743059925,2.499882429891205,0.5075678492527372,0.0,0.0,2.517243832718569,0
4.149999999999993,7,15.990520056009363,21.540520167586966,21.540520167568264,-0.5117521683753132,2.488247963606252,2.4882479636880594,2.5,2.5,2.5,0.0,0.0,1.7736355850443593,0
4.149999999999993,8,26.027827245099335,15.308854082519435,14.997411370773236,1.0074939337733437,0.21015072123233597,-0.0018129200083858983,-2.488212643340113,-0.24247397694959397,0.002052321771659067,0.0,0.0,0.20563904723334722,0
4.199999999999993,0,11.316572042855853,11.69523200296942,11.793058141188773,-1.0297434428389298,-0.7763360527510609,-0.17958491146795266,-2.4999959925537203,-2.499994393679519,-0.3704584119175429,0.0,0.0,-2.4955924917411205,0
4.199999999999993,1,15.968057747751493,8.33194267448536,8.331942674488872,-0.3867516417759982,-2.61324811157461,-2.6132481115722337,2.5,-2.5,-2.4999999999999996,0.0,0.0,-1.7177263129724134,0
4.199999999999993,2,11.316574815037383,18.20398701361862,11.69219396174445,-1.029738273830214,0.17285677064450253,-0.7834875396371126,-2.5,0.37179093472345026,-2.5,0.0,0.0,2.9752784883978824,0
4.199999999999993,3,11.31657417257472,11.69218984163766,18.203978181377963,-1.0297407122472202,-0.7834960548856057,0.17277647675734212,-2.5,-2.5,0.37187214326929235,0.0,0.0,-2.491172662740431,0
4.199999999999993,4,15.968058647458957,21.668057938483877,8.33194206163822,-0.3867510591844081,2.6132484479521705,-2.613248446960044,2.5,2.5,-2.4999999999999996,0.0,0.0,1.7177260761712325,0
4.199999999999993,5,15.968057357136304,8.331943008814694,21.668056991257124,-0.3867520081402076,-2.6132477102261804,2.6132477113202124,2.5,-2.5,2.5,0.0,0.0,-1.7177264724049799,0
4.199999999999993,6,11.31657611667785,18.304990284292156,18.206804070621075,-1.0297349706013468,0.7768559498254806,0.1793258023122668,-2.499985329652109,2.4999722796136323,0.37130805829511454,0.0,0.0,2.495266702995454,0
4.199999999999993,7,15.968057447590597,21.668057565767278,21.66805756575267,-0.38675216837531323,2.613247963606252,2.6132479636880594,2.5,2.5,2.5,0.0,0.0,1.7177265183650388,0
4.199999999999993,8,26.07509210133998,15.319054192801268,14.997323328188175,0.883100315852468,0.19785369004099873,-0.001708783393997118,-2.487872358417515,-0.24594062382674492,0.0020827322877756045,0.0,0.0,0.2204047129738672,0
4.249999999999993,0,11.261959870713905,11.653290200331865,11.783754053640138,-1.1547434428389298,-0.9013360527510609,-0.19257859047741624,-2.5,-2.5,-0.25987358018927154,0.0,0.0,-2.478823926634024,0
4.249999999999993,1,15.951845165662693,8.198155268906628,8.19815526891026,-0.2617516417759982,-2.73824811157461,-2.7382481115722337,2.5,-2.5,-2.5,0.0,0.0,-1.666097669573219,0
4.249999999999993,2,11.26196297301136,18.212951986299142,11.649894675668149,-1.1547354072106466,0.18574213657639557,-0.9084839034149053,-2.4999426676086514,0.2577073186378609,-2.4999272755558524,0.0,0.0,2.9821062311623887,0
4.249999999999993,3,11.261962136962358,11.649890038893378,18.215726198508733,-1.1547407122472202,-0.9084960548856057,0.2971442084735231,-2.5,-2.5,2.4873546343236193,0.0,0.0,-2.4749813274215073,0
4.249999999999993,4,15.951846094499738,21.801845360881487,8.198154639290216,-0.2617510591844081,2.7382484479521705,-2.738248446960044,2.5,2.5,-2.5,0.0,0.0,1.6660974471026149,0
4.249999999999993,5,15.951844756729296,8.198155623303384,21.801844376823137,-0.2617520081402076,-2.7382477102261804,2.7382477113202124,2.5,-2.5,2.5,0.0,0.0,-1.6660978160408626,0
4.249999999999993,6,11.261964368147781,18.34695808178343,18.21264536248472,-1.1547349706013468,0.9018559498254806,0.054325872233691175,-2.5,2.5,-2.4999986015715123,0.0,0.0,2.4785406555887497,0
4.249999999999993,7,15.951844839171832,21.80184496394759,21.80184496393707,-0.26175216837531323,2.738247963606252,2.7382479636880594,2.5,2.5,2.5,0.0,0.0,1.6660978652630805,0
4.249999999999993,8,26.11613769759105,15.328635223421045,14.997240529524253,0.7587235341903323,0.18538753475012312,-0.0016031631628501178,-2.487535633242712,-0.24932310581751238,0.0021124046229400047,0.0,0.0,0.23964582763529063,0
4.299999999999993,0,11.201097698571958,11.605098397694311,11.773925324094327,-1.2797434428389298,-1.026336052751061,-0.20057059135505492,-2.5,-2.5,-0.1598400175527736,0.0,0.0,-2.4656420377278843,0
4.299999999999993,1,15.941882583573893,8.058117863327897,8.058117863331647,-0.1367516417759982,-2.86324811157461,-2.8632481115722337,2.5,-2.5,-2.5,0.0,0.0,-1.618521077314044,0
4.299999999999993,2,11.201101202650827,18.22244202997945,11.601345480497402,-1.2797354072106466,0.19385961063601756,-1.0334839034149053,-2.5,0.16234948119243983,-2.5,0.0,0.0,2.9912515465985767,0
4.299999999999993,3,11.201100196148337,11.601340366082834,18.230791771480604,-1.279736920313689,-1.0334908575361368,0.30547871040124674,-2.4999241613293783,-2.4998960530106222,0.16669003855447362,0.0,0.0,-2.4622463867267377,0
4.299999999999993,4,15.941883541540518,21.941882783279095,8.058117216942213,-0.1367510591844081,2.8632484479521705,-2.863248446960044,2.5,2.5,-2.5,0.0,0.0,1.6185208687066375,0
4.299999999999993,5,15.941882156322286,8.058118237792074,21.941881762389148,-0.1367520081402076,-2.8632477102261804,2.8632477113202124,2.5,-2.4999999999999996,2.5,0.0,0.0,-1.6185212116564451,0
4.299999999999993,6,11.201102627490243,18.395175867768412,18.215558046476147,-1.2797346557001863,1.0268554895737325,0.06218148742330306,-2.4999937019767895,2.499990794965039,0.15711230379223773,0.0,0.0,2.465391719445021,0
4.299999999999993,7,15.941882230753066,21.941882362127906,21.941882362121476,-0.13675216837531323,2.863247963606252,2.8632479636880594,2.5,2.4999999999999996,2.5,0.0,0.0,1.6185212632748311,0
4.299999999999993,8,26.150964872457607,15.337588806911143,14.99716304818404,0.634363460471885,0.17275580485372455,-0.0014960904456738041,-2.487201474368948,-0.2526345979279712,0.002141454343526273,0.0,0.0,0.265881661001624,0
4.3499999999999925,0,11.133985526430012,11.550656595056758,11.763795105305062,-1.4047434428389298,-1.151336052751061,-0.20463816021550107,-2.5,-2.5,-0.08135137720892294,0.0,0.0,-2.455010682123775,0
4.3499999999999925,1,15.938170001485094,7.911830457749167,7.911830457753036,-0.01175164177599819,-2.98824811157461,-2.9882481115722337,2.5,-2.5,-2.5,0.0,0.0,-1.5747289256809782,0
4.3499999999999925,2,11.13398947473689,18.23223983585591,11.54654634578346,-1.4047337093468166,0.19805262442241356,-1.1584814851427692,-2.4999660427234014,0.0838602757279201,-2.499951634557277,0.0,0.0,3.0015264206979095,0
4.3499999999999925,3,11.133988350132652,11.546540823206026,18.24617725536834,-1.404736920313689,-1.1584908575361368,0.30994064510823877,-2.5,-2.5,0.08923869413984013,0.0,0.0,-2.4519693100438666,0
4.3499999999999925,4,15.938170988528347,22.08817020555341,7.911829794751134,-0.011751061302462812,2.9882484430205323,-2.9882484406831025,2.499999957638906,2.4999999013672327,-2.4999998744611656,0.0,0.0,1.574728730995697,0
4.3499999999999925,5,15.938169555915277,7.911830852280765,22.08816914795516,-0.011752008140207604,-2.9882477102261804,2.9882477113202124,2.5,-2.5,2.5,0.0,0.0,-1.5747290488089467,0
4.3499999999999925,6,11.133990894705233,18.449643641826423,18.218762142747284,-1.4047346557001863,1.1518554727467385,0.06598236342227133,-2.5,2.499999663460121,0.07601751997936536,0.0,0.0,2.45478647338822,0
4.3499999999999925,7,15.938169622334302,22.08816976030822,22.088169760305878,-0.011752168375313232,2.988247963606252,2.9882479636880594,2.5,2.4999999999999996,2.4999999999999996,0.0,0.0,1.5747291020964134,0
4.3499999999999925,8,26.17957445932773,15.345906738171058,14.997090956146089,0.5100200143329277,0.15996144554291025,-0.0013875910724002018,-2.4868689227791467,-0.255887186216286,0.0021699874654720463,0.0,0.0,0.30392090873768024,0
4.399999999999992,0,11.060623354288065,11.489964792419205,11.753537394230353,-1.5297434428389298,-1.276336052751061,-0.2056702827728968,-2.5,-2.5,-0.020642451147914968,0.0,0.0,-2.446256754193404,0
4.399999999999992,1,15.940707419396295,7.759293052170436,7.759293052174424,0.11324835822400181,-3.11324811157461,-3.1132481115722337,2.5,-2.5,-2.4999999999999996,0.0,0.0,-1.5344360874365555,0
4.399999999999992,2,11.060627789269548,18.242176750063305,11.48549727152632,-1.5297337093468166,0.19942394387340615,-1.2834814851427692,-2.5,0.027426389019851505,-2.5,0.0,0.0,3.0119585980411543,0
4.399999999999992,3,11.060626505014538,11.485491281746919,18.261713222853786,-1.5297368844109391,-1.2834908008281665,0.31149805430964667,-2.499999281945004,-2.4999988658405954,0.03114818402815812,0.0,0.0,-2.443503479397874,0
4.399999999999992,4,15.940708435463224,22.240707627704438,7.759292372716979,0.11324893869753719,3.1132484430205323,-3.1132484406831025,2.5,2.5,-2.5,0.0,0.0,1.5344359050978758,0
4.399999999999992,5,15.940706955472283,7.759293466866144,22.240706533446282,0.11324799042048411,-3.1132477063586492,3.1132477083247836,2.499999971213834,-2.499999922649379,2.4999999400914237,0.0,0.0,-1.5344362006934302,0
4.399999999999992,6,11.060629161920223,18.51036141546376,18.222077611749253,-1.5297346557001863,1.2768554727467385,0.06663639665643978,-2.5,2.5,0.013080664683368801,0.0,0.0,2.4460537729293415,0
4.399999999999992,7,15.940707013915537,22.240707158488533,22.24070715849028,0.11324783162468677,3.113247963606252,3.1132479636880594,2.5,2.5,2.5,0.0,0.0,1.5344362546342882,0
4.399999999999992,8,26.201967288742054,15.35358094534361,14.997024324220403,0.3856931622401119,0.14700684135921233,-0.0012776859550110513,-2.486537041856315,-0.25909208367395864,0.0021981023477830076,0.0,0.0,0.36415127621806836,0
4.449999999999992,0,10.981011182146117,11.42302298978165,11.743290848884264,-1.6547434428389298,-1.401336052751061,-0.20419153107060203,-2.5,-2.5,0.02957503404589535,0.0,0.0,-2.438924340803873,0
4.449999999999992,1,15.949494837307496,7.6005056465917065,7.6005056465958125,0.2382483582240018,-3.23824811157461,-3.2382481115722337,2.5,-2.5,-2.5,0.0,0.0,-1.49735542300243,0
4.449999999999992,2,10.981016103802206,18.2521166140311,11.41819819726918,-1.6547337093468166,0.19817061483834608,-1.4084814851427692,-2.5,-0.025066580701201064,-2.5,0.0,0.0,3.0224005026191962,0
4.449999999999992,3,10.981014729437486,11.418191834589637,18.2772638421309,-1.6547341386710859,-1.4084870854630955,0.31052671677497445,-2.4999450852029352,-2.499925692698581,-0.019426750693443795,0.0,0.0,-2.436410264324957,0
4.449999999999992,4,15.949495882226943,22.39949504953596,7.600504951114079,0.23824893185116758,3.238248430240379,-3.238248423432928,2.499999863072608,2.49999974439693,-2.4999996549965116,0.0,0.0,1.497355254016081,0
4.449999999999992,5,15.949494354993307,7.600506081548212,22.39949391886252,0.2382479904204841,-3.2382477063586492,3.2382477083247836,2.5,-2.5,2.5,0.0,0.0,-1.4973555268149874,0
4.449999999999992,6,10.981017429893498,18.577329187964715,18.225364341044685,-1.6547346253688333,1.4018554272914632,0.06483277516085667,-2.4999993933729394,2.499999090894495,-0.03607242991166208,0.0,0.0,2.4387389578360237,0
4.449999999999992,7,15.949494405496772,22.399494556668845,22.399494556674686,0.23824783162468677,3.238247963606252,3.2382479636880594,2.5,2.5,2.5,0.0,0.0,1.4973555814017505,0
4.449999999999992,8,26.218144190721684,15.36060346264112,14.996963222286809,0.2613829169450258,0.13389385054113248,-0.0011663913887524308,-2.486204905901722,-0.2622598163615969,0.0022258913251724127,0.0,0.0,0.4734008818146046,0
4.499999999999992,0,10.89514901000417,11.349831187144096,11.733158673884436,-1.7797434428389298,-1.526336052751061,-0.2010954689225374,-2.5,-2.5,0.061921242961292394,0.0,0.0,-2.432693821691522,0
4.499999999999992,1,15.964532255218696,7.435468241012976,7.435468241017201,0.3632483582240018,-3.36324811157461,-3.3632481115722337,2.5,-2.5,-2.5,0.0,0.0,-1.4632081548199574,0
4.499999999999992,2,10.895154420531648,18.261949925446434,11.344649123016037,-1.7797336214755457,0.1951618417751037,-1.5334814849829894,-2.4999982425745806,-0.06017546126484726,-2.499999996804407,0.0,0.0,3.0323711548430756,0
4.499999999999992,3,10.895153025062147,11.344642482066977,18.29272445915488,-1.7797340363425191,-1.5334870154433453,0.3078979641841473,-2.499997953428667,-2.499998599604995,-0.052575051816543816,0.0,0.0,-2.4303806383904774,0
4.499999999999992,4,15.964533328819503,22.56453247104798,7.435467529942433,0.3632489318511676,3.363248430240379,-3.363248423432928,2.5,2.5,-2.5,0.0,0.0,1.4632079963445492,0
4.499999999999992,5,15.96453175441725,7.435468696467872,22.564531304104317,0.3632479865371904,-3.3632476968549514,3.3632477013470536,2.499999922334126,-2.4999998099260443,2.4999998604453992,0.0,0.0,-1.4632082508954336,0
4.499999999999992,6,10.895155698625056,18.65054695932929,18.228516768666946,-1.7797346253688333,1.5268554272914632,0.06126432972970324,-2.5,2.5,-0.07136890862306859,0.0,0.0,2.432523247350264,0
4.499999999999992,7,15.964531797078006,22.56453195484916,22.56453195485909,0.36324783162468677,3.363247963606252,3.3632479636880594,2.5,2.5,2.5,0.0,0.0,1.463208304892218,0
4.499999999999992,8,26.228105997082793,15.366966404684405,14.99690771952005,0.13708933749933314,0.12062383119022142,-0.0010537192815949707,-2.485871588913853,-0.2654003870182211,0.0022534421431492013,0.0,0.0,0.7215940635272833,0
4.549999999999992,0,10.8030368577618,11.270389412364887,11.723207762850688,-1.9047426468559057,-1.651334938417312,-0.19694097242737785,-2.499984080339517,-2.4999777133250185,0.0830899299031911,0.0,0.0,-2.4273346904098565,0
4.549999999999992,1,15.985819673107496,7.264180835486221,7.264180835475299,0.4882483573280349,-3.488248109495588,-3.4882481101038407,2.4999999820806615,-2.4999999584195645,-2.499999970632139,0.0,0.0,-1.431730295315409,0
4.549999999999992,2,10.80304273945787,18.27160709948824,11.264850048766887,-1.9047336214755457,0.19112511989706374,-1.6584814849829894,-2.5,-0.08073443756079951,-2.5,0.0,0.0,3.0415852225896653,0
4.549999999999992,3,10.803041323424821,11.264843131487181,18.30802655009314,-1.9047340291504995,-1.6584870077484895,0.30418567334611646,-2.4999998561596053,-2.4999998461028845,-0.07424581676061676,0.0,0.0,-2.4251927701851,0
4.549999999999992,4,15.985820775291117,22.73581989236334,7.264180109050968,0.4882489270133904,3.48824842237406,-3.488248412225657,2.499999903244456,2.4999998426736227,-2.4999997758545844,0.0,0.0,1.431730147451261,0
4.549999999999992,5,15.98581915374411,7.264181311625125,22.73581868917167,0.4882479865371904,-3.4882476968549514,3.4882477013470536,2.5,-2.5,2.5,0.0,0.0,-1.4317303833306025,0
4.549999999999992,6,10.803043967356613,18.730014730693863,18.23146217363199,-1.9047346253688333,1.6518554272914632,0.05655186887209254,-2.5,2.5,-0.0942492171522139,0.0,0.0,2.4271766231067735,0
4.549999999999992,7,15.98581918839844,22.735819352437964,22.73581935264037,0.4882478211925913,3.488247939945953,3.488247947563116,2.499999791358091,2.499999526794017,2.499999677501132,0.0,0.0,1.4317304393871153,0
4.549999999999992,8,26.231853543766075,15.37266194196637,14.99685788460503,0.012812529832034306,0.10719766008837568,-0.0009396773192330197,-2.4855361533459766,-0.26852342203691487,0.00228083924723902,0.0,0.0,1.4518381718966105,0
4.599999999999992,0,10.704674725419004,11.18469766544402,11.71347945462103,-2.0297426468559054,-1.776334938417312,-0.19219135675890286,-2.5,-2.5,0.09499231336949969,0.0,0.0,-2.4226761251380946,0
4.599999999999992,1,16.013357090973898,7.086643430011442,7.086643429970107,0.5957833940307371,-3.5103448650558877,-3.5103448656468177,2.5,-2.5,-2.5,0.0,0.0,-1.402676195517614,0
4.599999999999992,2,10.704681105951815,18.281045669967675,11.178801044680382,-2.0297317187667003,0.1864176992803728,-1.7834786784771637,-2.49996194582309,-0.09414841233381877,-2.499943869883485,0.0,0.0,3.050006078033552,0
4.599999999999992,3,10.704679621967296,11.178793781099756,18.32312810424751,-2.0297340291504993,-1.7834870077484895,0.29987649282860956,-2.5,-2.5,-0.08618361035013773,0.0,0.0,-2.4206821168717925,0
4.599999999999992,4,16.013358221641788,22.913357313482045,7.086642688439685,0.5957838896501488,3.510344828222221,-3.51034481836284,2.5,2.5,-2.5,0.0,0.0,1.4026760565515046,0
4.599999999999992,5,16.01335655297002,7.086643927015635,22.91335607407429,0.595783103099033,-3.5103448865265685,3.5103448935536887,2.4999999192403175,-2.499999813393369,2.4999998682136106,0.0,0.0,-1.4026762770845014,0
4.599999999999992,6,10.704682236088171,18.815732502058438,18.234156325719727,-2.0297346253688335,1.7768554272914632,0.05121421463740158,-2.5,2.5,-0.10675308469381932,0.0,0.0,2.4225289717190264,0
4.599999999999992,7,16.013356579454246,22.913356749427116,22.913356750013154,0.5957829074472553,3.5103449028893325,3.5103449103973494,2.499999996941975,2.4999999934828656,2.4999999957017884,0.0,0.0,1.4026763320286975,0
4.599999999999992,8,26.229387673209484,15.377682277087342,14.99681378594528,-0.11144735209568618,0.0936157447505028,-0.000824269070744718,-2.4851976385544097,-0.27163830675745754,0.0023081649697660324,0.0,0.0,2.4429329920055713,0
4.6499999999999915,0,10.600062593076208,11.092755918523153,11.703991995810295,-2.1547426468559054,-1.901334938417312,-0.18730699567053283,-2.5,-2.5,0.09768722176740074,0.0,0.0,-2.418589443937021,0
4.6499999999999915,1,16.046271260675436,6.908001186758648,6.908001186687766,0.6942044430516457,-3.5012912037748234,-3.5012912043439632,2.5,-2.4999999999999996,-2.4999999999999996,0.0,0.0,-1.3750638362975771,0
4.6499999999999915,2,10.600069520013479,18.290249118446514,11.086502110756523,-2.1547317187667003,0.18172023987314198,-1.9084786784771637,-2.5,-0.09394918814461618,-2.5,0.0,0.0,3.0574563125246565,0
4.6499999999999915,3,10.600067938635956,11.086494444128617,18.33801434975102,-2.1547333041031185,-1.90848647109709,0.29557332731189556,-2.4999854990523853,-2.4999892669720083,-0.08606331033427983,0.0,0.0,-2.4167243249251062,0
4.6499999999999915,4,16.046272416124296,23.091999554893157,6.908000447521544,0.6942049190701128,3.50129116161696,-3.5012911521211447,2.5,2.5,-2.5,0.0,0.0,1.3750637031878714,0
4.6499999999999915,5,16.046270708124972,6.908001682689307,23.091998318751976,0.6942041636258183,-3.501291228376407,3.5012912351444014,2.5,-2.5,2.5,0.0,0.0,-1.3750639144258923,0
4.6499999999999915,6,10.60007050481973,18.90770027342301,18.23658132806588,-2.1547346253688335,1.9018554272914632,0.0457858792087026,-2.5,2.5,-0.10856670857397964,0.0,0.0,2.4184518030329993,0
4.6499999999999915,7,16.04627072482661,23.091998994571583,23.09199899553302,0.6942039757117504,3.5012912467737682,3.5012912540049266,2.5,2.5,2.5,0.0,0.0,1.375063967068191,0
4.6499999999999915,8,26.22070923679391,15.382019621433136,14.996775491867558,-0.23569010452729963,0.07987802908127413,-0.0007074940381459799,-2.484855048632269,-0.27475431338457335,0.002335500651974762,0.0,0.0,2.814830398320142,0
4.699999999999991,0,10.489200460733413,10.994564171602287,11.694733776536205,-2.2797426468559054,-2.026334938417312,-0.18302177529303998,-2.5,-2.5,0.08570440754985716,0.0,0.0,-2.4149755448815955,0
4.699999999999991,1,16.08410648282802,6.729811626569907,6.7298116264705685,0.7887024711249722,-3.491271144455504,-3.491271145003452,2.5,-2.4999999999999996,-2.5,0.0,0.0,-1.3486187891726382,0
4.699999999999991,2,10.489207934323257,18.29923328728749,10.987953176832665,-2.2797317088421796,0.17764651376590623,-2.033478678477164,-2.4999998015095866,-0.08147452214471497,-2.5,0.0,0.0,3.0638254982715787,0
4.699999999999991,3,10.48920627689504,10.987945123166673,18.3527021334432,-2.2797331655335635,-2.033486367380615,0.29193802037533173,-2.4999972286088994,-2.4999979256705087,-0.07270613873127646,0.0,0.0,-2.4132237647491586,0
4.699999999999991,4,16.084107662077802,23.270189112974005,6.729810889915487,0.7887029280245261,3.4912710976921923,-3.491271088549941,2.5,2.5,-2.5,0.0,0.0,1.34861866177905,0
4.699999999999991,5,16.084105916306264,6.729812121270487,23.270187880509198,0.7887022029220658,-3.4912711717659266,3.4912711782819237,2.5,-2.5,2.5,0.0,0.0,-1.3486188639448609,0
4.699999999999991,6,10.489208773677744,19.005918034403205,18.23874996661845,-2.2797346203105984,2.0268550119163398,0.040959662894005766,-2.499999898835294,2.4999916924975327,-0.09652432629393667,0.0,0.0,2.4148463681787047,0
4.699999999999991,7,16.084105923612196,23.270188556910274,23.27018855823327,0.7887020225554203,3.491271191915999,3.491271198877915,2.5,2.5,2.5,0.0,0.0,1.3486189143390528,0
4.699999999999991,8,26.205819097393427,15.385666171980395,14.996743070825321,-0.3599154714919378,0.06598399280910797,-0.00058934765135484,-2.4845073392927635,-0.2778807254433234,0.002362927735822797,0.0,0.0,2.9602742509102122,0
4.749999999999991,0,10.372088328390616,10.89012242468142,11.685657893695597,-2.4047426468559054,-2.151334938417312,-0.18001353833128883,-2.5,-2.5,0.06016473923502323,0.0,0.0,-2.4117569510333356,0
4.749999999999991,1,16.12666660638427,6.5521230693471315,6.5521230692203964,0.8793785870284615,-3.480423343287776,-3.4804233438151404,2.5,-2.5,-2.5,0.0,0.0,-1.3233117014455742,0
4.749999999999991,2,10.372096348881147,18.308047789781888,10.883154242908805,-2.4047317088421796,0.17493358601014966,-2.158478678477164,-2.5,-0.05425855511513149,-2.5,0.0,0.0,3.0689749959213946,0
4.749999999999991,3,10.37209461861836,10.88314580479764,18.36724436268097,-2.4047331655335635,-2.158486367380615,0.28975114913559213,-2.5,-2.5,-0.04373742479479151,0.0,0.0,-2.410105590828083,0
4.749999999999991,4,16.126667808479027,23.447877667858616,6.55212233548799,0.8793790253237953,3.4804232925800695,-3.480423283781253,2.5,2.5,-2.5,0.0,0.0,1.3233115796106405,0
4.749999999999991,5,16.126666026323928,6.552123563023532,23.447876439192903,0.8793783276491923,-3.480423371048114,3.480423381590664,2.499999897246208,-2.49999972692672,2.4999998156876937,0.0,0.0,-1.3233117733929987,0
4.749999999999991,6,10.372097047552021,19.11038578075535,18.240708992731964,-2.40473442471834,2.1518548421695463,0.03740138164664844,-2.499996088154835,2.4999966050641316,-0.07116562494714658,0.0,0.0,2.411635177338338,0
4.749999999999991,7,16.12666602473997,23.447877116506074,23.447877118177164,0.8793781567239443,3.4804233945625374,3.480423401262924,2.5,2.5,2.5,0.0,0.0,1.32331182116105,0
4.749999999999991,8,26.184718132064553,15.388614087917729,14.996716591603827,-0.4841231416629167,0.051932644684220985,-0.0004698212084490403,-2.4841534034195782,-0.2810269624977397,0.0023905288581159948,0.0,0.0,3.0347297404132343,0
4.799999999999991,0,10.24872619604782,10.779430678446865,11.676682278385154,-2.5297426468559054,-2.276334910964983,-0.1790110740864116,-2.5,-2.4999994509534162,0.020049284897545018,0.0,0.0,-2.4088722283348156,0
4.799999999999991,1,16.173760535735692,6.374976902182743,6.37497690202964,0.9663397167491441,-3.468875001229723,-3.4688750017371146,2.5,-2.5,-2.5,0.0,0.0,-1.299110085714898,0
4.799999999999991,2,10.248734763439037,18.319919469082397,10.772105308984946,-2.5297317088421796,0.29993358601014963,-2.283478678477164,-2.5,2.5,-2.5,0.0,0.0,3.023580176491875,0
4.799999999999991,3,10.248732960341682,10.772096486428609,18.381724954379017,-2.5297331655335635,-2.283486367380615,0.2894725187862851,-2.5,-2.5,-0.005572606986140503,0.0,0.0,-2.4073104410107162,0
4.799999999999991,4,16.17376175974522,23.62502383248762,6.374976171298927,0.9663401369798684,3.4688749471834375,-3.468874938717859,2.5,2.5,-2.5,0.0,0.0,1.2991099692680852,0
4.799999999999991,5,16.17375994270639,6.374977394471126,23.625022608272438,0.9663394680603493,-3.468875031050943,3.4688750411942144,2.5,-2.5,2.5,0.0,0.0,-1.299110154465899,0
4.799999999999991,6,10.248735326316103,19.221103522863828,18.242537651046433,-2.52973442471834,2.2768548421695463,0.035744950932035065,-2.5,2.5,-0.033128614292267544,0.0,0.0,2.408757053464059,0
4.799999999999991,7,16.173759932576168,23.625023286234203,23.62502328824031,0.9663393041798891,3.4688750557257086,3.468875062172331,2.5,2.4999999999999996,2.4999999999999996,0.0,0.0,1.2991102001456503,0
4.799999999999991,8,26.157407234912863,15.390855466765853,14.996696123529627,-0.6083127444047112,0.03772250924073729,-0.00034890175946009246,-2.483792054835888,-0.2842027088696739,0.002418388979778957,0.0,0.0,3.0796602553480845,0
4.849999999999991,0,10.119114063705023,10.662488932898615,11.667694117505901,-2.6547426468559054,-2.401334910964983,-0.1805153610837651,-2.5,-2.5,-0.03008573994707024,0.0,0.0,-2.406272019476189,0
4.849999999999991,1,16.22520252157315,6.198408152121257,6.198408151942784,1.0496971270197046,-3.456742392640258,-3.456742393128289,2.5,-2.5,-2.5,0.0,0.0,-1.2759791048184135,0
4.849999999999991,2,10.119123180224992,18.334961268439788,10.654806377253562,-2.654731619719581,0.3017383882854414,-2.4084785907781665,-2.4999982175480304,0.03609604550583567,-2.4999982460200525,0.0,0.0,3.02841774484805,0
4.849999999999991,3,10.119121302065004,10.654797168059577,18.396256317466072,-2.6547331655335635,-2.408486367380615,0.2917820046960304,-2.5,-2.5,0.04618971819490573,0.0,0.0,-2.404790629821915,0
4.849999999999991,4,16.225203766594213,23.801592579846794,6.198407424363034,1.0496975297435074,3.4567423358086584,-3.4567423276661042,2.5,2.5,-2.5,0.0,0.0,1.2759789935797388,0
4.849999999999991,5,16.22520191610941,6.198408642918579,23.80159136033215,1.0496968886913491,-3.4567424241923304,3.4567424339485626,2.5,-2.5,2.5,0.0,0.0,-1.275979170481146,0
4.849999999999991,6,10.119123605080185,19.338071264972307,18.24434513267766,-2.65473442471834,2.4018548421695463,0.03655431431688609,-2.5,2.5,0.016187267697020502,0.0,0.0,2.406162772854179,0
4.849999999999991,7,16.225201897785162,23.801592039020488,23.80159204134893,1.049696731638191,3.4567424498160184,3.456742456016655,2.5,2.5,2.5,0.0,0.0,1.2759792141400537,0
4.849999999999991,8,26.123887320180437,15.39238231966501,14.996681736687385,-0.7324838448923587,0.023351606725605434,-0.00022657193021681892,-2.48342200975295,-0.2874180503026371,0.002446596584865471,0.0,0.0,3.109723417591528,0
4.899999999999991,0,9.983251931362227,10.539297187350366,11.658551515909869,-2.7797426468559054,-2.526334910964983,-0.18518870275748636,-2.5,-2.5,-0.09346683347442553,0.0,0.0,-2.4039162463353962,0
4.899999999999991,1,16.280812377924136,6.022446032489244,6.02244603228637,1.1295651258929167,-3.444131430646484,-3.4441314311157645,2.5,-2.5,-2.5,0.0,0.0,-1.2538822596601666,0
4.899999999999991,2,9.983261599239013,18.350171060087003,10.531257447714653,-2.779731619719581,0.3066532776031852,-2.5334785907781665,-2.5,0.09829778635487625,-2.5,0.0,0.0,3.031719350073675,0
4.899999999999991,3,9.983259643788324,10.531247849690546,18.410981390882966,-2.7797331655335635,-2.533486367380615,0.2972209319797379,-2.5,-2.5,0.10877854567415045,0.0,0.0,-2.4025074110669262,0
4.899999999999991,4,16.280813643081387,23.977554696637227,6.022445307979729,1.1295655116795669,3.4441313715331203,-3.4441313637034043,2.5,2.5,-2.5,0.0,0.0,1.2538821534433386,0
4.899999999999991,5,16.280811760543976,6.022446521708963,23.977553482029577,1.1295648975878168,-3.4441314636288123,3.4441314730102093,2.5,-2.5,2.5,0.0,0.0,-1.2538823223463484,0
4.899999999999991,6,9.983261939564368,19.461288952591477,18.246266948834748,-2.779732195914334,2.526852662597395,0.04031833196672909,-2.4999554239198827,2.499956408556978,0.07528035299686006,0.0,0.0,2.4038123799384463,0
4.899999999999991,7,16.280811734367074,23.97755416151129,23.977554164149762,1.1295647471397643,3.4441314900093793,3.444131495971787,2.5,2.5,2.5,0.0,0.0,1.2538823640546124,0
4.899999999999991,8,26.084159325604276,15.39318654547262,14.99667350214711,-0.8566359381541967,0.008817425578752713,-0.00010280968083590855,-2.4830418652367587,-0.2906836229370544,0.0024752449876182074,0.0,0.0,3.1312999331809475,0
4.94999999999999,0,9.841139799019432,10.409855441802115,11.64908886049156,-2.9047426468559054,-2.651334910964983,-0.1933175139748942,-2.5,-2.5,-0.1625762243481563,0.0,0.0,-2.4017720114032124,0
4.94999999999999,1,16.340415634218783,5.84711446095692,5.847114460730582,1.2060599280816715,-3.4311382547763802,-3.4311382552275167,2.5,-2.5,-2.4999999999999996,0.0,0.0,-1.2327819827317295,0
4.94999999999999,2,9.841150018656245,18.365715729231308,10.401458518175744,-2.9047316035911157,0.3151334881689575,-2.6584785907781665,-2.4999996774306985,0.16960421131544454,-2.5,0.0,0.0,3.0335256050460586,0
4.94999999999999,3,9.841147985511645,10.401448531321515,18.426066929001202,-2.9047331655335635,-2.658486367380615,0.30620059274959843,-2.5,-2.5,0.1795932153972104,0.0,0.0,-2.400428978189619,0
4.94999999999999,4,16.340416918665365,24.152886265213883,5.847113739794559,1.2060602975078032,3.431138193837995,-3.4311381863109993,2.5,2.5,-2.4999999999999996,0.0,0.0,1.232781881346833,0
4.94999999999999,5,16.340415005423367,5.847114948527522,24.152885055680088,1.2060597094585803,-3.4311382889160837,3.431138297934768,2.5,-2.5,2.5,0.0,0.0,-1.2327820425550622,0
4.94999999999999,6,9.84115032976865,19.590756585721348,18.248463329028947,-2.904732195914334,2.651852662597395,0.04753687580124781,-2.5,2.5,0.1443708766903744,0.0,0.0,2.4016729940947936,0
4.94999999999999,7,16.340414971724062,24.152885736011758,24.152885738948353,1.2060595653907589,3.431138315879709,3.4311383216115923,2.5,2.5,2.5,0.0,0.0,1.2327820823845634,0
4.94999999999999,8,26.038224216104233,15.393259903277016,14.996671492205307,-0.9807684418475343,-0.005883113402930627,2.241200875330681e-05,-2.4826500738667514,-0.2940107796336668,0.002504433791784307,0.0,0.0,-3.1355942521404856,0
4.99999999999999,0,9.692777666676635,10.274163696253865,11.639122568760458,-3.0297426468559054,-2.776334910964983,-0.2053341552691213,-2.5,-2.5,-0.240332825884542,0.0,0.0,-2.3998120634783398,0
4.99999999999999,1,16.40384363050658,5.672432548578353,5.672432548200664,1.2792986719508626,-3.417849826362647,-3.4178498317476707,2.4999999069711194,-2.4999997117983335,-2.499999814833709,0.0,0.0,-1.2126401425484115,0
4.99999999999999,2,9.692788438476688,18.381784565158252,10.265409588636835,-3.0297316035911157,0.32761994890888124,-2.7834785907781665,-2.5,0.24972921479847565,-2.5,0.0,0.0,3.0338762270680477,0
4.99999999999999,3,9.692786327234966,10.265399212952483,18.44170199398317,-3.0297331655335635,-2.783486367380615,0.31920200652917213,-2.5,-2.5,0.2600282755914741,0.0,0.0,-2.3985289780978762,0
4.99999999999999,4,16.403844933540757,24.327568174905785,5.67243183047901,1.2792990257947987,3.417849766450533,-3.4178497592162413,2.5,2.4999999999999996,-2.5,0.0,0.0,1.2126400459872395,0
4.99999999999999,5,16.403842990896297,5.672433034081718,24.327566970576825,1.2792984628664517,-3.41784986385124,3.4178498725192124,2.5,-2.5,2.5,0.0,0.0,-1.2126401998063263,0
4.99999999999999,6,9.69278875859047,19.72647417962356,18.251117623005886,-3.0297306512128315,2.776851093490934,0.05863488327630349,-2.499969105969944,2.499968617870775,0.22196014950111365,0.0,0.0,2.399717491531069,0
4.99999999999999,7,16.4038429499936,24.327567651805744,24.327567655028933,1.2792983249530634,3.417849891241167,3.417849896750153,2.5,2.5,2.5,0.0,0.0,1.2126402378297276,0
4.99999999999999,8,25.98608298786993,15.392593982882296,14.996675780643939,-1.1048806875245163,-0.02075370238583122,0.00014912553649971318,-2.4822449135396387,-0.29741177965801185,0.0025342705549281272,0.0,0.0,-3.1228112029567545,0
5.04999999999999,0,9.538165534333839,10.132221950705615,11.625730860997,-3.1547426468559054,-2.901334910964983,-0.3303341552691213,-2.5,-2.5,-2.5,0.0,0.0,-2.3980136368207625,0
5.04999999999999,1,16.466804811494494,5.503632675917732,5.503632675272499,1.2391485675658482,-3.3341450800622026,-3.334145085378957,-0.8030020877002854,1.6740949260088933,1.6740949273742698,0.0,0.0,-1.2149623022134777,0
5.04999999999999,2,9.538176858297131,18.401290562603698,10.123110659097927,-3.1547316035911157,0.45261994890888124,-2.9084785907781665,-2.5,2.5,-2.5,0.0,0.0,2.9990917565376702,0
5.04999999999999,3,9.538174668958288,10.12309989458345,18.46078709430963,-3.1547331655335635,-2.908486367380615,0.44420200652917213,-2.5,-2.5,2.5,0.0,0.0,-2.3967853910290016,0
5.04999999999999,4,16.466806132072072,24.49636804460436,5.503631961139599,1.2391489154577833,3.334145021492418,-3.334145014360156,-0.80300220674031,-1.6740948991623041,1.6740948971217096,0.0,0.0,1.214962204798239,0
5.04999999999999,5,16.466804161510346,5.50363315956531,24.49636684552367,1.239148361695394,-3.33414511680508,3.3341451253545964,-0.8030020234211548,1.6740949409231907,-1.6740949432923182,0.0,0.0,-1.2149623600644992,0
5.04999999999999,6,9.538177226029829,19.868441734298106,18.2571743671697,-3.1547306512128315,2.901851093490934,0.1836348832763035,-2.5,2.5,2.5,0.0,0.0,2.3979231043723037,0
5.04999999999999,7,16.46680411377472,24.496367527676068,24.496367531172808,1.2391482262918552,3.3341451435717584,3.3341451490049034,-0.8030019732241653,-1.6740949533881748,-1.6740949549049904,0.0,0.0,1.2149623983685196,0
5.04999999999999,8,25.927736672929864,15.391180172751621,14.996686443011667,-1.2289719100781988,-0.03579870284120572,0.0002773691726259865,-2.4818244510736513,-0.3009000091074899,0.002564872722525466,0.0,0.0,-3.112471904238016,0
5.09999999999999,0,9.377303401991043,9.984030205157366,11.606089153233544,-3.2797426468559054,-3.026334910964983,-0.4553341552691213,-2.4999999999999996,-2.5,-2.5,0.0,0.0,-2.3963575652400095,0
5.09999999999999,1,16.52776018410585,5.339018447145328,5.339018446235978,1.1990663368883596,-3.250424070833957,-3.2504240760818837,-0.8016446135497745,1.6744201845649078,1.6744201859414658,0.0,0.0,-1.2173883870371476,0
5.09999999999999,2,9.377315278117575,18.427046560049142,9.974561729559017,-3.2797316035911157,0.5776199489088812,-3.0334785907781665,-2.5,2.5,-2.5,0.0,0.0,2.967262362057428,0
5.09999999999999,3,9.37731301068161,9.974550576214419,18.48612219463609,-3.2797331655335635,-3.033486367380615,0.5692020065291721,-2.5,-2.5,2.5,0.0,0.0,-2.395179675474276,0
5.09999999999999,4,16.527761521928547,24.66098227048191,5.339017735616093,1.1990666788011985,3.250424013609686,-3.2504240065801184,-0.8016447331316955,-1.6744201576546351,1.6744201556007496,0.0,0.0,1.2173882887304115,0
5.09999999999999,5,16.52775952390899,5.339018928974477,24.660981076539,1.1990661342504,-3.250424106828269,3.250424115258501,-0.801644548899876,1.6744201995362191,-1.674420201921908,0.0,0.0,-1.217388445507355,0
5.09999999999999,6,9.377315693469187,20.016659288972654,18.269481111333516,-3.2797306512128315,3.026851093490934,0.3086348832763035,-2.5,2.5,2.5,0.0,0.0,2.3962707422200324,0
5.09999999999999,7,16.52775946946608,24.660981759589642,24.660981763356133,1.1990660013624468,3.250424132971306,3.2504241383280887,-0.8016444985881677,-1.6744202120090426,-1.674420213536291,0.0,0.0,1.217388484105106,0
5.09999999999999,8,25.86318634430362,15.389009624807873,14.99670355693269,-1.3530412349714378,-0.05102321490872706,0.0004071876682848885,-2.481386497864779,-0.30449024135042685,0.0025963699131780395,0.0,0.0,-3.1039004913531048,0
5.14999999999999,0,9.210191269648247,9.829588459609116,11.580197445470088,-3.4047426468559054,-3.151334910964983,-0.5803341552691212,-2.5,-2.5,-2.5,0.0,0.0,-2.394827598071928,0
5.14999999999999,1,16.58671311534351,5.178590668265581,5.17859066709557,1.1590509126180772,-3.166687084355907,-3.1666870895344554,-0.800308485405649,1.674739729561001,1.6747397309485619,0.0,0.0,-1.2199272213590824,0
5.14999999999999,2,9.210203697938018,18.459052557494587,9.819762800020108,-3.4047316035911157,0.7026199489088812,-3.1584785907781665,-2.5,2.5,-2.5,0.0,0.0,2.938083752228495,0
5.14999999999999,3,9.21020135240493,9.819751257845388,18.51770729496255,-3.4047331655335635,-3.158486367380615,0.6942020065291721,-2.5,-2.4999999999999996,2.5,0.0,0.0,-2.3936961077976684,0
5.14999999999999,4,16.58671447011171,24.821410046534158,5.178589959912739,1.1590512485251938,3.1666870284802515,-3.166687021554032,-0.8003086055200943,-1.6747397025886945,1.6747397005217302,0.0,0.0,1.2199271221202241,0
5.14999999999999,5,16.58671244509602,5.178591148313799,24.821408857618184,1.1590507132308348,-3.166687119598869,3.1666871279090016,-0.8003084203913062,1.6747397445880012,-1.674739746989988,0.0,0.0,-1.219927280476777,0
5.14999999999999,6,9.210204160908544,20.1711268436472,18.288037855497333,-3.4047306512128315,3.151851093490934,0.4336348832763035,-2.4999999999999996,2.5,2.5,0.0,0.0,2.394744193188092,0
5.14999999999999,7,16.586712384071745,24.821409541541872,24.82140954557428,1.1590505828641466,3.1666871451178755,3.1666871503977823,-0.8003083699660047,-1.6747397570686142,-1.6747397586061292,0.0,0.0,1.2199273193824525,0
5.14999999999999,8,25.79243312186093,15.386073215375763,14.99672720244943,-1.4770876627361704,-0.06643316237565255,0.000538633001236168,-2.4809285552946534,-0.30819894933850994,0.0026289066590255905,0.0,0.0,-3.0966471678064944,0
5.1999999999999895,0,9.036829137305451,9.668896714060866,11.548055737706632,-3.5297426468559054,-3.276334910964983,-0.7053341552691212,-2.5,-2.4999999999999996,-2.5,0.0,0.0,-2.393409866356337,0
5.1999999999999895,1,16.643666920149872,5.022350131346176,5.022350129918985,1.1191012796364075,-3.0829343924203103,-3.082934397528939,-0.7989926596333929,1.6750538387119356,1.675053840110331,0.0,0.0,-1.2225886009652362,0
5.1999999999999895,2,9.036842117758463,18.49730855494003,9.658713870481199,-3.5297316035911157,0.8276199489088812,-3.2834785907781665,-2.5,2.5,-2.5,0.0,0.0,2.911281999938566,0
5.1999999999999895,3,9.03683969436628,9.658701939699768,18.555542393844295,-3.5297331560123903,-3.283486358444237,0.8192019487407938,-2.499999809576533,-2.499999821272434,2.499998844232434,0.0,0.0,-2.3923212667548666,0
5.1999999999999895,4,16.643668291562626,24.977650580693574,5.022349426097036,1.1191016095116204,3.0829343378962935,-3.0829343310740662,-0.7989927802714674,-1.67505381167916,1.675053809599318,0.0,0.0,1.2225885007500898,0
5.1999999999999895,5,16.643666240014735,5.022350609651098,24.97764939669337,1.1191010835178044,-3.0829344269092007,3.082934435098432,-0.79899259426061,1.6750538537933688,-1.6750538562114012,0.0,0.0,-1.222588660761183,0
5.1999999999999895,6,9.036842628347902,20.33184439832175,18.312844599661148,-3.5297306512128315,3.276851093490934,0.5586348832763035,-2.5,2.5,2.5,0.0,0.0,2.393329621260639,0
5.1999999999999895,7,16.6436661725353,24.977650081464912,24.977650085759382,1.1191009556780067,3.0829344518037898,3.0829344570063153,-0.7989925437227998,-1.675053866281719,-1.6750538678293414,0.0,0.0,1.2225886999901783,0
5.1999999999999895,8,25.715478179040588,15.382361501400457,14.996757462406663,-1.6011100500775715,-0.08203539663660737,0.000671765288073063,-2.480447746828019,-0.31204468521909645,0.0026626457367379,0.0,0.0,-3.0904008423745437,0
5.249999999999989,0,8.857217004962655,9.501954968512615,11.509664029943174,-3.6105542876246317,-3.3602104260328107,-0.8202948426607238,-2.5,-2.5,-2.5,0.0,0.0,-2.3920924621114756,0
5.249999999999989,1,16.698624863950954,4.870297615193999,4.870297613513137,1.0792164724068805,-2.9991662536667842,-2.9991662587049595,-0.7976961445905423,1.6753627750705196,1.675362776479587,0.0,0.0,-1.2253834333362057,0
5.249999999999989,2,8.857230537578905,18.541814552385475,9.49141494094229,-3.5919003241503775,0.9362427325486147,-3.349880834763874,-2.5,2.5,-2.5,0.0,0.0,2.886612222177764,0
5.249999999999989,3,8.85722803656566,9.491402621777555,18.599627491281336,-3.593005865760534,-3.3509180989336738,0.9282546756408658,-2.5,-2.5,2.5,0.0,0.0,-2.391043627072725,0
5.249999999999989,4,16.698626251706028,25.129703094153413,4.87029691297569,1.0792167962244303,2.9991662004973554,-2.9991661937797547,-0.7976962657438034,-1.675362747978759,1.6753627458862317,0.0,0.0,1.2253833320966687,0
5.249999999999989,5,16.698624174092043,4.870298091793395,25.129701914957494,1.0792162795745535,-2.9991662873989413,2.9991662954664804,-0.797696078865019,1.6753627902051913,-1.6753627926390302,0.0,0.0,-1.2253834938439103,0
5.249999999999989,6,8.85723109578726,20.498811952996295,18.343901343824964,-3.6260529294957102,3.3751576519510373,0.6782705779937217,-2.5,2.5,2.5,0.0,0.0,2.3920151466219375,0
5.249999999999989,7,16.698624100283933,25.129702600551727,25.129702605104377,1.0792161542672194,2.9991663116687284,2.9991663167933753,-0.7976960282157457,-1.675362802701224,-1.6753628042588038,0.0,0.0,1.2253835334129564,0
5.249999999999989,8,25.632322750620865,15.377864670884119,14.996794422886403,-1.7251070867113212,-0.09783782401693422,0.0008066539014601045,-2.479940732674995,-0.3160485476065368,0.0026977722677408323,0.0,0.0,-3.0849392847630437,0
5.299999999999989,0,8.673564290581423,9.330819447210974,11.465524287810137,-3.5948956409952224,-3.353978232896566,-0.9097006890233618,-2.5,-2.5,-2.5,0.0,0.0,-2.3908506019272546,0
5.299999999999989,1,16.75159016507516,4.722433885995776,4.72243388406478,1.0393955725613626,-2.915382914262105,-2.9153829192293004,-0.796417996910357,1.6756667880935918,1.675666789513178,0.0,0.0,-1.2283239026330095,0
5.299999999999989,2,8.674510521371385,18.591751689012906,9.320795899204096,-3.575504534836136,1.0208716596824048,-3.342691785944902,-2.4999999999999996,2.5,-2.4999999999999996,0.0,0.0,2.863474280213669,0
5.299999999999989,3,8.674452743277632,9.32073171683087,18.64916522506338,-3.5766647521758896,-3.3437800247696057,1.0132148816980282,-2.5,-2.5,2.5,0.0,0.0,-2.3898334954164415,0
5.299999999999989,4,16.751591568869035,25.2775668207271,4.722433186735251,1.0393958902958909,2.9153828624501426,-2.9153828558377937,-0.7964181185707901,-1.6756667609442546,1.675666758839225,0.0,0.0,1.2283238003165886,0
5.299999999999989,5,16.751589465657222,4.722434360927549,25.277565646223657,1.0393953830326783,-2.915382947234923,2.9153829551799912,-0.7964179308375051,1.6756668032803668,-1.6756668057297854,0.0,0.0,-1.2283239638890329,0
5.299999999999989,6,8.672803449312473,20.67069483559385,18.38093987272465,-3.6116772214259956,3.3701043148572607,0.7734239168871575,-2.5,2.5,2.5,0.0,0.0,2.3907811600018576,0
5.299999999999989,7,16.751589385647193,25.277566332615432,25.277566337422357,1.0393952602633307,2.915382970879527,2.9153829759258043,-0.7964178800777754,-1.6756668157840273,-1.675666817351421,0.0,0.0,1.2283240038163525,0
5.299999999999989,8,25.542968141783557,15.372572486228576,14.99683817370501,-1.8490772667809432,-0.11384956220477338,0.0009433788427978833,-2.4794036013924408,-0.32023476375678306,0.002734498826755575,0.0,0.0,-3.080099268161289,0
5.349999999999989,0,8.49069450853166,9.159995535566145,11.416914253358968,-3.5787079632587164,-3.346934513125141,-0.9954288917649617,-2.4999999999999996,-2.5,-2.5,0.0,0.0,-2.3896479903428607,0
5.349999999999989,1,16.802565997055627,4.578759697925946,4.578759695748378,0.9996377066573392,-2.831584608531097,-2.8315846134267946,-0.7951573180804687,1.6759661146201543,1.6759661160501127,0.0,0.0,-1.2314236646670114,0
5.349999999999989,2,8.492610294629577,18.645920271997028,9.150536309906851,-3.558727477291263,1.1019699941920733,-3.334834459800438,-2.5,2.5,-2.5,0.0,0.0,2.841303757035055,0
5.349999999999989,3,8.492494506494351,9.15041771636806,18.702950962869064,-3.5599323117441477,-3.3359644697574224,1.094633725186668,-2.4999993395893787,-2.499999379465053,2.499994976624929,0.0,0.0,-2.3886614989395576,0
5.349999999999989,4,16.80256741658353,25.421241006240336,4.578759001549982,0.9996380182838676,2.8315845580794137,-2.8315845515729325,-0.7951574402404664,-1.6759660874145799,1.6759660852972214,0.0,0.0,1.2314235612162998,0
5.349999999999989,5,16.802565288244274,4.578760171228125,25.421239836317255,0.999637520449407,-2.831584640742025,2.8315846485638545,-0.7951572516654265,1.6759661298579553,-1.6759661323227366,0.0,0.0,-1.2314237267113346,0
5.349999999999989,6,8.489094588241173,20.84232505133671,18.42273606856901,-3.5965734595494254,3.364058138362609,0.8647382215335357,-2.5,2.4999999999999996,2.5,0.0,0.0,2.389586416153723,0
5.349999999999989,7,16.802565202159364,25.421240523481448,25.421240528538714,0.9996374002235203,2.8315846637610678,2.8315846687284916,-0.7951572007962082,-1.6759661423691863,-1.6759661439462574,0.0,0.0,1.2314237670168198,0
5.349999999999989,8,25.4474157387812,15.36647421883883,14.996888808987004,-1.9730188533134765,-0.1300811333850188,0.0010820324369484782,-2.478831730650667,-0.3246314236049089,0.002773071883011898,0.0,0.0,-3.0757579324280924,0
5.399999999999989,0,8.308634111348642,8.989523813605514,11.36401781224716,-3.562104693813284,-3.339192493797757,-1.0775915922454518,-2.4999992160659885,-2.499997043499318,-2.4999972188470325,0.0,0.0,-2.3884833080115,0
5.399999999999989,1,16.85155549082438,4.439275793724104,4.439275791303551,0.9599420440929185,-2.7477715595425862,-2.7477715643662743,-0.7939132512884131,1.6762609797702122,1.6762609812104048,0.0,0.0,-1.2346980784060941,0
5.399999999999989,2,8.311548920765013,18.704143771706633,8.980669586916829,-3.5416685842787485,1.1796532477147617,-3.326409754418265,-2.5,2.5,-2.5,0.0,0.0,2.8200715713944904,0
5.399999999999989,3,8.311372890907142,8.980494492880187,18.7608076491284,-3.542908852917181,-3.3275731064193175,1.172627000096773,-2.5,-2.4999999999999996,2.5,0.0,0.0,-2.3875263936853557,0
5.399999999999989,4,16.851556925780297,25.56072490795367,4.4392751001593105,0.9599423495868298,2.74777151045393,-2.747771504053925,-0.7939133739407553,-1.6762609525096739,1.6762609503801509,0.0,0.0,1.2346979737581687,0
5.399999999999989,5,16.851554772786077,4.439276265434846,25.560723742498524,0.959941861222604,-2.7477715909891245,2.747771598686957,-0.7939131845360587,1.676260995058014,-1.6762609975379525,0.0,0.0,-1.2346981412825375,0
5.399999999999989,6,8.3061409152637,21.01365295825484,18.469097979645685,-3.5808723801694473,3.3571477377154184,0.9523193078436665,-2.5,2.5,2.5,0.0,0.0,2.388429500012971,0
5.399999999999989,7,16.851554680753594,25.56072443041003,25.560724435713684,0.9599417435456061,2.74777161338223,2.7477716182703227,-0.793913133558283,-1.6762610075767572,-1.6762610091633765,0.0,0.0,1.2346981819879548,0
5.399999999999989,8,25.345667021607685,15.359558572898944,14.996946427833876,-2.096929833627091,-0.14654470421045,0.0012227214379634047,-2.4782196062722934,-0.32927141650862335,0.002813780020298529,0.0,0.0,-3.071820730123133,0
5.449999999999989,0,8.127403876657977,8.819439188915625,11.307013232634887,-3.5451882730223296,-3.3308559491437406,-1.1563039197713996,-2.5,-2.5,-2.5,0.0,0.0,-2.3873552769208066,0
5.449999999999989,1,16.898561736805892,4.303982905244189,4.303982902584265,0.920307795167473,-2.6639439796539888,-2.6639439844051624,-0.792684978508911,1.6765515977719474,1.6765515992222415,0.0,0.0,-1.2381644822505087,0
5.449999999999989,2,8.131340491551075,18.76000143409237,8.811224099195915,-3.56346952113672,1.0249698376649627,-3.3542691907189996,-2.5,-2.5,-2.5,0.0,0.0,2.8615204017830895,0
5.449999999999989,3,8.131102448261283,8.81099083755922,18.822563999133237,-3.525684805321525,-3.3186987541642643,1.2473112011977923,-2.5,-2.5,2.5,0.0,0.0,-2.386427013455944,0
5.449999999999989,4,16.89856318688258,25.696017794013294,4.303982214417009,0.9203080945044926,2.663943931931047,-2.6639439256381188,-0.792685101646745,-1.6765515704576548,1.6765515683161258,0.0,0.0,1.2381643763362322,0
5.449999999999989,5,16.89856100970793,4.303983375401776,25.69601663291337,0.9203076156514103,-2.6639440103336858,2.6639440179067733,-0.792684911423875,1.6765516131087743,-1.676551615603674,0.0,0.0,-1.2381645460072186,0
5.449999999999989,6,8.123972296255227,21.184635345140613,18.51983894503787,-3.564692991579925,3.3494913917441704,1.036277613582705,-2.5,2.5,2.5,0.0,0.0,2.3873090998862034,0
5.449999999999989,7,16.89856091185545,25.696017321547096,25.696017327093163,0.9203075005286844,2.6639440321004813,2.663944036908772,-0.7926848603384355,-1.676551625634972,-1.6765516272310157,0.0,0.0,1.2381645871364466,0
5.449999999999989,8,25.237723579196274,15.35181359563634,14.997011135111473,-2.2208078628294516,-0.16325438629368988,0.001365569665897043,-2.4775605840472057,-0.33419364166479776,0.002856964558672769,0.0,0.0,-3.068213380934529,0
5.4999999999999885,0,7.947019463006861,8.649771391458438,11.246073036646317,-3.5280512327946734,-3.3220194537042484,-1.2316822837024608,-2.5,-2.5,-2.5,0.0,0.0,-2.3862627469533573,0
5.4999999999999885,1,16.943587786917004,4.172881753977395,4.172881751081737,0.8807342092769547,-2.5801020710177864,-2.5801020756959465,-0.7914717178103656,1.6768381727240458,1.6768381741843164,0.0,0.0,-1.2418425254928316,0
5.4999999999999885,2,7.955280107446932,18.810122191052475,8.645517797188058,-3.4789458430290057,0.9798604407390986,-3.2739828895952816,1.6904735621542852,-0.9021879385172817,1.605726022474363,0.0,0.0,2.867050476013087,0
5.4999999999999885,3,7.9516932079952065,8.641930899851006,18.888054559193126,-3.508341247955857,-3.3094257732569767,1.3188035256223758,-2.5,-2.5,2.5,0.0,0.0,-2.3853622603995674,0
5.4999999999999885,4,16.94358925180602,25.82711894292815,4.172881065814107,0.8807345024331331,2.58010202466319,-2.5801020184779304,-0.7914718414271897,-1.6768381453571501,1.676838143203764,0.0,0.0,1.2418424182360384,0
5.4999999999999885,5,16.943587050927505,4.1728822226202285,25.827117786070435,0.8807340331315582,-2.5801021009282374,2.580102108375841,-0.7914716503970415,1.6768381881089698,-1.676838190618645,0.0,0.0,-1.2418425901828467,0
5.4999999999999885,6,7.947854180152125,21.350101977744213,18.57053295960212,-3.48003165254414,3.269173912399741,0.9914829689873398,1.693226780715697,-1.6063495868885844,-0.8958928919073033,0.0,0.0,2.3874261922685447,0
5.4999999999999885,7,16.94358694738288,25.827118475401317,25.82711848118579,0.8807339205684446,2.5801021220683533,2.580102126796376,-0.7914715992047966,-1.6768382006425626,-1.676838202247914,0.0,0.0,1.2418426317621523,0
5.4999999999999885,8,25.123587127839905,15.343226570580656,14.997083042386594,-2.3446501914252873,-0.18022661593368983,0.0015107213389314537,-2.4768465719167123,-0.33944459279999867,0.0029030334606882113,0.0,0.0,-3.0648763443989298,0
5.549999999999988,0,7.767491901367128,8.480545418773225,11.181363922461193,-3.5107765831299136,-3.3127690821899685,-1.3038438523967801,-2.5,-2.5,-2.5,0.0,0.0,-2.3852046207961903,0
5.549999999999988,1,16.986636656479774,4.04597305155063,4.045973048422901,0.8412205732339375,-2.4962460260528228,-2.4962460306574763,-0.790272720860344,1.6771208992992763,1.6771209007694035,0.0,0.0,-1.2457545682270097,0
5.549999999999988,2,7.783447193584676,18.857991764066888,8.483826858809252,-3.3943707114612147,0.9349224798373812,-3.19365464555692,1.6915026313558155,-0.8987592180343472,1.6065648807672352,0.0,0.0,2.8728237193048867,0
5.549999999999988,3,7.773151145597414,8.473334611188157,18.957119735474244,-3.4909506030189146,-3.2998306258517474,1.3872208648851647,-2.5,-2.5,2.5,0.0,0.0,-2.384331096792077,0
5.549999999999988,4,16.98663813587149,25.954027643071456,4.045972365977356,0.8412208601856336,2.496245981069146,-2.4962459749921417,-0.7902728449499916,-1.6771208718808737,1.6771208697157716,0.0,0.0,1.245754459543556,0
5.549999999999988,5,16.986635911767678,4.045973518717231,25.954026490342656,0.8412204004754131,-2.4962460551916665,2.4962460625130567,-0.7902726531229004,1.677120914731414,-1.6771209172556873,0.0,0.0,-1.2457546339089223,0
5.549999999999988,6,7.775970384669208,21.511551731162132,18.618991422683546,-3.3953201667725668,3.188816224317004,0.9468555542698127,1.6942297154314654,-1.6071537616547318,-0.8925482943505414,0.0,0.0,2.3875480737226513,0
5.549999999999988,7,16.98663580265902,25.954027180345644,25.9540271863645,0.8412202904772109,2.496246075704736,2.496246080352032,-0.7902726018246725,-1.677120927272342,-1.6771209288868896,0.0,0.0,1.2457546759672824,0
5.549999999999988,8,25.00325953376921,15.333783889206293,14.997162269053284,-2.4684535714024807,-0.1974806390407897,0.0016583453286694262,-2.476067599543867,-0.34508046214199706,0.0029524797947594484,0.0,0.0,-3.0617609155076067,0
5.599999999999988,0,7.5888280722106325,8.311781964663727,11.113046729841352,-3.4934385440985665,-3.3031828944489523,-1.3729056429435824,-2.5,-2.5,-2.5,0.0,0.0,-2.3841798621260204,0
5.599999999999988,1,17.027711326053204,3.923257500202232,3.9232574968461207,0.8017662097033449,-2.4123760278830835,-2.4123760324137433,-0.7890872706118515,1.6773999633947876,1.6773999648746583,0.0,0.0,-1.2499261667269062,0
5.599999999999988,2,7.615844296810994,18.903618656117256,8.32615335955216,-3.309745159486075,0.8901532021773166,-3.1132853247267738,1.6925110395027971,-0.8953855532012899,1.607386416602922,0.0,0.0,2.878860510678034,0
5.599999999999988,3,7.595478615446468,8.30521807989557,19.0296057787185,-3.4735772779568985,-3.2899823998915685,1.4526791464274769,-2.5,-2.5,2.5,0.0,0.0,-2.38333253785748,0
5.599999999999988,4,17.02771281963681,26.076743192205004,3.923256817144935,0.8017664904272098,2.41237598427285,-2.41237597830468,-0.7890873951684758,-1.6773999359259206,1.6773999337492378,0.0,0.0,1.249926056523555,0
5.599999999999988,5,17.027710572788255,3.923257965931239,26.076742043491542,0.801766040347701,-2.412376056248002,2.4123760634424567,-0.7890872025542415,1.6773999788732974,-1.6773999814120013,0.0,0.0,-1.2499262334656396,0
5.599999999999988,6,7.608323391918698,21.668982615805685,18.66522262803715,-3.3105595432478063,3.1084191614249823,0.9023926598742594,1.69521247049521,-1.6079412578404337,-0.889257887911066,0.0,0.0,2.3876751370217524,0
5.599999999999988,7,17.02771045824394,26.076742734141604,26.076742740390795,0.80176593291967,2.412376076133661,2.412376080699775,-0.7890871511508182,-1.6773999914215016,-1.677399993045139,0.0,0.0,1.24992627603512,0
5.599999999999988,8,24.87674284116689,15.323470894783613,14.997248943702997,-2.592214132690411,-0.21503913786642578,0.0018086406598497404,-2.4752112257586067,-0.35116997651272175,0.0030059066236062843,0.0,0.0,-3.058826385766706,0
5.649999999999988,0,7.411031145005705,8.143497819941278,11.041276447694173,-3.476103191215714,-3.2933314616882203,-1.438983838503567,-2.5,-2.5,-2.5,0.0,0.0,-2.3831874883144044,0
5.649999999999988,1,17.06681474318943,3.8047357932364956,3.8047357896557132,0.7623704757456451,-2.328492250746382,-2.3284922552025664,-0.7879146791539953,1.6776755427340293,1.6776755442235356,0.0,0.0,-1.2543866663041814,0
5.649999999999988,2,7.4524739135935825,18.947011235959632,8.172499332670455,-3.2250701692103805,0.8455499915177281,-3.0328757505414354,1.6934998055138861,-0.8920642131917701,1.6081914837067686,0.0,0.0,2.8851834005517114,0
5.649999999999988,3,7.4186747515486235,8.13759395990099,19.105364736039874,-3.4562782853155563,-3.279943322540315,1.515292782065352,-2.5,-2.5,2.5,0.0,0.0,-2.3823656455077917,0
5.649999999999988,4,17.066816250652955,26.195264897024625,3.804735112620986,0.762370750218607,2.328492208512065,-2.328492202653302,-0.7879148041720551,-1.6776755152156917,1.6776755130275567,0.0,0.0,1.2543865544772859,0
5.649999999999988,5,17.066813981542165,3.8047362575666615,26.19526375221265,0.7623703098087028,-2.3284922783350965,2.3284922854019023,-0.7879146107799652,1.677675558258111,-1.6776755608110854,0.0,0.0,-1.2543867341719055,0
5.649999999999988,6,7.444915634813433,21.822392682750337,18.709234737312684,-3.2257507409628032,3.027983516361028,0.8580917111470728,1.6961760457000628,-1.6087129012790853,-0.8860189745437314,0.0,0.0,2.387807815777818,0
5.649999999999988,7,17.066813861690836,26.19526444348477,26.195264449960227,0.762370204956065,2.3284922975929843,2.328492302077467,-0.7879145592721003,-1.6776755708135314,-1.677675572446158,0.0,0.0,1.254386777288105,0
5.649999999999988,8,24.744039307397458,15.312271690035004,14.997343205812383,-2.7159272180869434,-0.23292905207790082,0.001961843715586406,-2.4742617079306526,-0.35779828422950066,0.0030640611147333173,0.0,0.0,-3.0560379096776167,0
5.699999999999988,0,7.234100985444919,7.975706246856866,10.966202255768994,-3.4588290796749943,-3.2832783832733266,-1.502193215110734,-2.5,-2.5,-2.5,0.0,0.0,-2.3822265640644775,0
5.699999999999988,1,17.10394982411957,3.6904086154584577,3.6904086116567396,0.723032761460033,-2.2445948603751464,-2.2445948647563787,-0.7867542857122406,1.6779478074247125,1.6779478089237523,0.0,0.0,-1.2591699303437383,0
5.699999999999988,2,7.293338492497216,18.988177744781755,8.022866771252719,-3.1403466746442765,0.8011103613672592,-2.952426706168013,1.694469891322079,-0.8887926030093779,1.6089808874684486,0.0,0.0,2.891817410977078,0
5.699999999999988,3,7.242735837282846,7.970471793773974,19.184254375143144,-3.4391038365411006,-3.269769258582374,1.5751742116724592,-2.5,-2.5,2.5,0.0,0.0,-2.381429522895708,0
5.699999999999988,4,17.103951345149902,26.30959207272541,3.6904079372103937,0.7230330296592826,2.2445948195191727,-2.244594813770383,-0.7867544111864881,-1.6779477798578508,1.677947777658385,0.0,0.0,1.2591698167776808,0
5.699999999999988,5,17.103949054261317,3.6904090784286487,26.309590931700793,0.7230325989574358,-2.2445948871854164,2.2445948941238676,-0.7867542170253393,1.6779478229936036,-1.677947825560697,0.0,0.0,-1.259169999420957,0
5.699999999999988,6,7.285749499496115,21.971780021729916,18.751035786630567,-3.140894671729939,2.947510042822014,0.813950261568327,1.697121384657282,-1.6094694707802828,-0.8828289915749186,0.0,0.0,2.387946590084347,0
5.699999999999988,7,17.10394892923187,26.309591623569972,26.309591630267605,0.7230324966853774,2.244594905815175,2.244594910217582,-0.7867541654137529,-1.6779478355561794,-1.677947837197701,0.0,0.0,1.2591700431235349,0
5.699999999999988,8,24.605151447975683,15.300168896955363,14.997445207850854,-2.839587158783986,-0.25118267110775305,0.0021182378232891858,-2.4731988139408525,-0.3650723805970443,0.0031278821540555906,0.0,0.0,-3.0533648335186636,0
5.749999999999988,0,7.058034531461169,7.8084173276932,10.887967595013457,-3.4416678433107872,-3.27308078928442,-1.5626466661205771,-2.5,-2.5,-2.5,0.0,0.0,-2.3812961958713137,0
5.749999999999988,1,17.13911945537409,3.580276643590296,3.580276639571402,0.6837524887207893,-2.1606840143513075,-2.1606840186571157,-0.7856054547848756,1.6782169204767816,1.6782169219852583,0.0,0.0,-1.264315243266337,0
5.749999999999988,2,7.138440436522615,19.02712630253283,7.877257630179982,-3.0555755643397626,0.7568319486757837,-2.8719389367414516,1.6954222060902784,-0.8855682538295095,1.6097553885312288,0.0,0.0,2.898790385635969,0
5.749999999999988,3,7.067655645455791,7.8038583308448555,19.26613808572677,-3.422097907033938,-3.2595101903462536,1.6324335311745075,-2.5,-2.5,2.5,0.0,0.0,-2.3805233096859646,0
5.749999999999988,4,17.139120989656977,26.41972404258529,3.580275967635189,0.6837527506237654,2.160683974876058,-2.160683969237802,-0.7856055807103445,-1.6782168928622978,1.6782168906516162,0.0,0.0,1.2643151278316698,0
5.749999999999988,5,17.13911867747695,3.58027710523949,26.419722905233648,0.6837523296680127,-2.1606840403809286,2.160684047190326,-0.7856053857884624,1.678216936089755,-1.6782169386708248,0.0,0.0,-1.2643153136431837,0
5.749999999999988,6,7.130827327633337,22.117142759243965,18.790633692831467,-3.0559922027811566,2.8669994577398903,0.769965986467614,1.6980493789756497,-1.6102117016424695,-0.8796855020142569,0.0,0.0,2.3880919931078624,0
5.749999999999988,7,17.139118547398546,26.419723597674906,26.419723604590597,0.6837522299816854,2.160684058382204,2.1606840627020945,-0.7856053340738411,-1.6782169486594274,-1.6782169503097535,0.0,0.0,1.264315357976487,0
5.749999999999988,8,24.460082094931284,15.287143352353612,14.99755511795224,-2.963186962991892,-0.26983911296227964,0.002278166232181908,-2.4719960841581203,-0.3731288370905312,0.0031985681778544436,0.0,0.0,-3.050779311480847,0
5.799999999999987,0,6.88282613929563,7.641638288228979,10.806710261707428,-3.424664765360096,-3.262789825168293,-1.620454813217368,-2.5,-2.5,-2.5,0.0,0.0,-2.3803955272105277,0
5.799999999999987,1,17.172326495342126,3.474340546670586,3.4743405424382985,0.6445291100006113,-2.076759862437108,-2.076759866667025,-0.784467574403561,1.6784830382839913,1.678483039801813,0.0,0.0,-1.2698684375413214,0
5.799999999999987,2,6.987782105318216,19.063864913949008,7.735673827975505,-2.970757683836187,0.712712507971216,-2.791413151437629,1.6963576100715103,-0.882388814091354,1.6105157060764506,0.0,0.0,2.9061333993328073,0
5.799999999999987,3,6.893425750104094,7.6377578213275426,19.350884762285496,-3.4052987707241766,-3.2492106766590227,1.6871781947350515,-2.5,-2.5,2.5,0.0,0.0,-2.3796461779619005,0
5.799999999999987,4,17.172328042562196,26.525660137565815,3.4743398729338004,0.6445293655849877,2.0767598243449203,-2.0767598188177545,-0.7844677007755539,-1.6784830106227444,1.6784830084009559,0.0,0.0,1.2698683200925347,0
5.799999999999987,5,17.172325709578974,3.4743410070378693,26.525659003772496,0.6445289544129721,-2.076759887683911,2.076759894363563,-0.7844675051008123,1.678483053940355,-1.678483056535265,0.0,0.0,-1.2698685093191122,0
5.799999999999987,6,6.980151418584388,22.25847905676988,18.828036259422813,-2.971044159176838,2.7864524432966267,0.7261366771863191,1.6989608720863765,-1.6109402888652766,-0.8765861856258973,0.0,0.0,2.3882446188207367,0
5.799999999999987,7,17.172325574581027,26.525659696760872,26.525659703890483,0.6445288573174948,2.0767599050563508,2.076759909293289,-0.7844674532838116,-1.6784830665170647,-1.6784830681761085,0.0,0.0,1.2698685543329267,0
5.799999999999987,8,24.308834474002875,15.27317371537089,14.997673123358911,-3.086717874144548,-0.2889463663466337,0.0024420500346458117,-2.470618223053119,-0.38214506768708084,0.0032776760492780705,0.0,0.0,-3.048255070014052,0
5.849999999999987,0,6.708467901027626,7.4753737969705645,10.722562521046559,-3.4078593190997424,-3.252451115811174,-1.67572569368727,-2.5,-2.5,-2.5,0.0,0.0,-2.3795237343706095,0
5.849999999999987,1,17.20357377577402,3.372600986437571,3.3726009819956966,0.6053621072752635,-1.9928225468834917,-1.9928225510370545,-0.7833400545069558,1.6787463110723253,1.6787463125994049,0.0,0.0,-1.2758833119694726,0
5.849999999999987,2,6.841365817274092,19.098401474295983,7.598117248554665,-2.885893837928759,0.6687499059076889,-2.71085002539597,1.6972769181485612,-0.879252041270542,1.6112625208331846,0.0,0.0,2.913881238878758,0
5.849999999999987,3,6.720035811567885,7.472172287494591,19.43836867202225,-3.388739503230352,-3.2389102891341133,1.7395127818407334,-2.5,-2.5,2.5,0.0,0.0,-2.3787973286930315,0
5.849999999999987,4,17.203575335614794,26.627399695928855,3.372600314844328,0.6053623565189359,1.9928225101766637,-1.9928225047611374,-0.7833401813210362,-1.6787462833651348,1.6787462811323435,0.0,0.0,1.275883192342305,0
5.849999999999987,5,17.203572982318498,3.3726014455621383,26.627398565578947,0.6053619551679285,-1.9928225713453398,1.9928225778945607,-0.7833399849008731,1.6787463267714207,-1.678746329380041,0.0,0.0,-1.2758833852625797,0
5.849999999999987,6,6.833724031453982,22.395787109072096,18.86325118224377,-2.8860513260394165,2.705869648792062,0.6824602356518992,1.699856662748426,-1.6116558900912878,-0.8735288306883999,0.0,0.0,2.388405131113871,0
5.849999999999987,7,17.203572842530672,26.627399259089497,26.62739926642887,0.6053618606683889,1.9928225880885955,1.9928225922421496,-0.7833399329821161,-1.6787463393551074,-1.6787463410227885,0.0,0.0,1.2758834310130345,0
5.849999999999987,8,24.151412308959447,15.258235951824263,14.997799434946872,-3.210168727592589,-0.308564175518385,0.0026104134837763443,-2.469017068960824,-0.3923561834350258,0.0033672689826106522,0.0,0.0,-3.0457661915802823,0
5.899999999999987,0,6.534949935072639,7.309626241180006,10.635651236362195,-3.39128567726156,-3.2421052071839194,-1.7285645144892663,-2.5,-2.5,-2.5,0.0,0.0,-2.378680022853904,0
5.899999999999987,1,17.232864103231012,3.2750586176975442,3.2750586130499117,0.5662509910043928,-1.9088722027175815,-1.9088722067943316,-0.7822223254174139,1.679006883318202,1.679006884854458,0.0,0.0,-1.2824234323520498,0
5.899999999999987,2,6.699193851506508,19.13074377484853,7.464589742882167,-2.8009847927745573,0.6249421161941882,-2.6302502015039826,1.6981809030840385,-0.8761557942700144,1.61199647783975,0.0,0.0,2.9220729699822914,0
5.899999999999987,3,6.547473836406367,7.3071017730378856,19.528469311114286,-3.3724484533044405,-3.2286440247535646,1.7895388208216068,-2.5,-2.5,2.5,0.0,0.0,-2.377975988697559,0
5.899999999999987,4,17.232865675374903,26.72494206286823,3.275057948172924,0.5662512338854662,1.9088721673983713,-1.9088721620950297,-0.7822224526693955,-1.6790068555658488,1.6790068533221523,0.0,0.0,1.2824233103602225,0
5.899999999999987,5,17.232863302257503,3.2750590756186955,26.724940935846572,0.566250842392387,-1.9088722263923699,1.9088722328104801,-0.7822222555108299,1.679006899059401,-1.6790069016816114,0.0,0.0,-1.2824235072901762,0
5.899999999999987,6,6.6915473870373425,22.52906514260132,18.896286054868387,-2.8010144506261474,2.625251692376877,0.6389346693329236,1.7007375082653802,-1.6123591283036958,-0.8705113263795096,0.0,0.0,2.388574274586382,0
5.899999999999987,7,17.232863157809728,26.724941629854364,26.72494163739932,0.5662507504938435,1.908872242506095,1.9088722465758372,-0.7822222034909079,-1.6790069116500068,-1.6790069133262482,0.0,0.0,1.2824235538408382,0
5.899999999999987,8,23.987819966136428,15.242302641837757,14.997934293301721,-3.333524985328236,-0.32876822394188365,0.002783920710215001,-2.4671251547129343,-0.4040809684699725,0.0034701445287731334,0.0,0.0,-3.0432857731089404,0
5.949999999999987,0,6.362260651209561,7.144395980820811,10.546098010637731,-3.374973189800103,-3.231787984397248,-1.779073464485401,-2.5,-2.5,-2.5,0.0,0.0,-2.3778636242793847,0
5.949999999999987,1,17.260200260485718,3.181714088679339,3.181714083829801,0.5271952991838115,-1.824908958010625,-1.8249089620101075,-0.781113836411627,1.679264894139128,1.679264895684482,0.0,0.0,-1.2895644394710621,0
5.949999999999987,2,6.561268449740916,19.160899508125272,7.335093130543194,-2.7160312778491305,0.5812872148755454,-2.549614292054936,1.699070298508537,-0.873098026372856,1.6127181889809308,0.0,0.0,2.930752608166431,0
5.949999999999987,3,6.375726413741146,7.142544571800207,19.621071252155367,-3.356449682777449,-3.2184426942439814,1.837354661150292,-2.5,-2.5,2.5,0.0,0.0,-2.377181408040848,0
5.949999999999987,4,17.260201844614055,26.81828659015522,3.1817134211482823,0.527195535680588,1.8249089240812535,-1.8249089188906373,-0.7811139640975641,-1.679264866342357,1.679264864087847,0.0,0.0,1.2895643149022893,0
5.949999999999987,5,17.260199452169363,3.1817145454364795,26.8182854663464,0.5271951540820264,-1.8249089808962782,1.8249089871826043,-0.7811137662072104,1.6792649099218329,-1.6792649125575174,0.0,0.0,-1.28956451620202,0
5.949999999999987,6,6.553623669665337,22.658311413977284,18.927148373765373,-2.7159342442540675,2.544599162661705,0.595558086546499,1.7016041274415992,-1.613050594303444,-0.8675316557284928,0.0,0.0,2.388752887384794,0
5.949999999999987,7,17.26019930319181,26.81828616082652,26.818286168572858,0.5271950647895093,1.8249089963801302,1.8249090003656359,-0.7811137140866853,-1.6792649225192986,-1.6792649242040274,0.0,0.0,1.2895645636252293,0
5.949999999999987,8,23.81806266060774,15.225342026495882,14.998077977085057,-3.4567672358191692,-0.34965638973309665,0.0029634306232414146,-2.464845009818664,-0.4177633158242597,0.0035901982605282697,0.0,0.0,-3.0407842620147205,0
5.999999999999987,0,6.1903869929620505,6.9796815827715,10.454019348340704,-3.3589469263928073,-3.2215311587069757,-1.8273512358483255,-2.499999006003724,-2.4999990635584917,-2.4999912582058212,0.0,0.0,-2.3770737936019324,0
5.999999999999987,1,17.28558500787694,3.092568041375882,3.0925680363283123,0.4881945964649674,-1.740932934127664,-1.7409329380494276,-0.7800140543768814,1.6795204776592207,1.6795204792136005,0.0,0.0,-1.2973970377678279,0
5.999999999999987,2,6.42759181810055,19.188876272895666,7.209629201234599,-2.6310339877655466,0.5377833759402276,-2.4689428802888274,1.6999458016716773,-0.8700767787063545,1.61342823532217,0.0,0.0,2.939969916020527,0
5.999999999999987,3,6.2047789296022735,6.978497437088008,19.716063985212884,-3.3407633756194266,-3.208333286179122,1.8830553876386564,-2.5,-2.5,2.5,0.0,0.0,-2.3764128578172157,0
5.999999999999987,4,17.28558660366997,26.90743263579701,3.0925673757631924,0.4881948265559349,1.7409329015903163,-1.740932896512962,-0.7800141824930616,-1.6795204498187424,1.6795204475535064,0.0,0.0,1.2973969103789078,0
5.999999999999987,5,17.285584192393618,3.092568497008519,26.907431515085367,0.4881944548881692,-1.740932956222135,1.7409329623760086,-0.7800139838771445,1.6795204934828625,-1.6795204961319132,0.0,0.0,-1.297397116460956,0
5.999999999999987,6,6.419955028956762,22.783524208549135,18.955845543231344,-2.6308113840889433,2.463912620212358,0.5523286920922796,1.702457203302482,-1.6137308489869353,-0.8645878890843872,0.0,0.0,2.388941916561797,0
5.999999999999987,7,17.285584039016715,26.907432210012917,26.907432217956412,0.48819436820668194,1.7409329710757737,1.740932974976622,-0.7800139316565469,-1.6795205060871305,-1.6795205077802788,0.0,0.0,1.2973971648394655,0
5.999999999999987,8,23.642146760627142,15.207316655705574,14.998230814900964,-3.5798687634047566,-0.3713584418792316,0.003150082013057242,-2.4620305517117465,-0.43404104292269924,0.003733027796316555,0.0,0.0,-3.0382271563128254,0
6.0499999999999865,0,6.01931464664241,6.815480024836151,10.359526786548287,-3.3432277050449426,-3.211362262963437,-1.8734943096348802,-2.5,-2.5,-2.5,0.0,0.0,-2.3763098073747217,0
6.0499999999999865,1,17.309021084622007,3.0076211118736884,3.007621106631985,0.4492484733377023,-1.6569442459600732,-1.65694424980367,-0.7789224625453015,1.6797737633518186,1.6797737649151538,0.0,0.0,-1.3060309085475261,0
6.0499999999999865,2,6.298166128807245,19.214681578974965,7.088199716181732,-2.545993583966637,0.49442886723165513,-2.388236521825837,1.7008080759781932,-0.8670901741714494,1.6141271692598083,0.0,0.0,2.949781354508726,0
6.0499999999999865,3,6.0346157608213025,6.814955772779053,19.813341754594816,-3.325406217032816,-3.198339307085944,1.9267327703831945,-2.5,-2.5,2.5,0.0,0.0,-2.375669628267947,0
6.0499999999999865,4,17.30902269175891,26.99237956370719,3.007620448104035,0.449248697001523,1.656944214816901,-1.6569442098533407,-0.7789225910882378,-1.6797737354683093,1.679773733192429,0.0,0.0,1.3060307780582623,0
6.0499999999999865,5,17.309020262148337,3.0076215664214323,26.99237844597682,0.44924833530053904,-1.6569442672613421,1.6569442732821,-0.7789223917526031,1.6797737792158551,-1.6797737818781697,0.0,0.0,-1.306030989397926,0
6.0499999999999865,6,6.290543581484316,22.904701839027947,18.98238488011339,-2.5456465148088916,2.383192598940201,0.5092447831896019,1.7032973856010347,-1.6144004254431377,-0.8616781780535564,0.0,0.0,2.3891424365519085,0
6.0499999999999865,7,17.309020104502757,26.99237914132692,26.992379149463332,0.4492482512350602,1.6569442814844304,1.6569442853002034,-0.7789223394324349,-1.6797737918268665,-1.6797737935283708,0.0,0.0,1.3060310388269247,0
6.0499999999999865,8,23.4600802563513,15.188181401381122,14.998393202733123,-3.702791407628924,-0.39405173109885056,0.0033454312733103685,-2.4584528844833486,-0.4538657843923787,0.003906985205062524,0.0,0.0,-3.0355715099752945,0
6.099999999999986,0,5.849028261390163,6.651786911687979,10.262727071066543,-3.327833059300362,-3.201305560284145,-1.9175948057713894,-2.5,-2.5,-2.5,0.0,0.0,-2.375570960991147,0
6.099999999999986,1,17.330511210089767,2.926873930671136,2.926873925239218,0.4103565453727486,-1.5729430021420143,-1.5729430059069998,-0.7778385592990729,1.6800248763611774,1.6800248779334048,0.0,0.0,-1.315599895461563,0
6.099999999999986,2,6.172993521800574,19.238322851821803,6.97080640948607,-2.4609106963001883,0.45122204664184995,-2.307495746000614,1.7016577533289743,-0.8641364117961032,1.6148155165044529,0.0,0.0,2.96025122291327,0
6.099999999999986,3,5.865220449969661,6.651913807424756,19.912803393113975,-3.310391743723733,-3.1884810980982614,1.968475244994422,-2.5,-2.5,2.5,0.0,0.0,-2.3749510271934344,0
6.099999999999986,4,17.330512828248654,27.07312674338749,2.926873268669054,0.41035676258824816,1.5729429723951367,-1.5729429675458988,-0.7778386882654964,-1.6800248484352824,1.6800248461488354,0.0,0.0,1.3155997615471746,0
6.099999999999986,5,17.330510380803094,2.926874384173696,27.07312562852225,0.4103564108897578,-1.5729430226480874,1.5729430285350712,-0.7778384882156246,1.6800248922650933,-1.680024894940576,0.0,0.0,-1.3155999786953838,0
6.099999999999986,6,6.165391412360285,23.021842644186346,19.00677361833554,-2.4604402501523595,2.302439607395852,0.4663047456963801,1.7041252931306428,-1.6150598308869815,-0.8588007498644354,0.0,0.0,2.3893556715288233,0
6.099999999999986,7,17.330510219019764,27.07312632427004,27.0731263325951,0.4103563294452423,1.5729430362402907,1.572943039970574,-0.7778384357963573,-1.6800249048827918,-1.6800249065925907,0.0,0.0,1.3156000292850145,0
6.099999999999986,8,23.271873519623213,15.167880409433856,14.998565630696618,-3.8254780614946315,-0.4179879467918397,0.0035516872665186973,-2.453733077314154,-0.4787243138597824,0.004125119864166574,0.0,0.0,-3.0327601501739436,0
6.149999999999986,0,5.679511608425146,6.4885966336737715,10.163722330777972,-3.312777204856672,-3.191381989006479,-1.9597418685191836,-2.5,-2.5,-2.5,0.0,0.0,-2.374856567642731,0
6.149999999999986,1,17.350058085037105,2.850327122986292,2.8503271173681006,0.37151845252073845,-1.4889293052517585,-1.488929308937691,-0.7767618570402037,1.680273937805118,1.6802739393861756,0.0,0.0,-1.326268965804112,0
6.149999999999986,2,6.052076106280921,19.259807436952048,6.857450989408431,-2.3757859244859416,0.4081613585680993,-2.226721057104973,1.7024954362849345,-0.8612137614750128,1.6154937779128178,0.0,0.0,2.9714530306909857,0
6.149999999999986,3,5.696575862783475,6.489364752519843,20.014352155363696,-3.2957306666556634,-3.178776128904999,2.0083679182782133,-2.5,-2.5,2.5,0.0,0.0,-2.3742563786217845,0
6.149999999999986,4,17.350059713895032,27.14967354961995,2.850326462676185,0.37151866326689525,1.488929276903264,-1.4889292721688734,-0.7767619864270581,-1.6802739098374522,1.6802739075405095,0.0,0.0,1.3262688280856973,0
6.149999999999986,5,17.350057249115498,2.8503275754834774,27.149672437503455,0.3715183216063541,-1.4889293249606663,1.488929330713222,-0.7767617856680737,1.6802739537484217,-1.6802739564369826,0.0,0.0,-1.3262690516851934,0
6.149999999999986,6,6.044500576747494,23.134944987620585,19.02901891324271,-2.3751931743592634,2.221654129973643,0.4235070505903129,1.7049415158619194,-1.6157095484441828,-0.855953902121344,0.0,0.0,2.3895830226313834,0
6.149999999999986,7,17.350057083325588,27.149673133624088,27.149673142133512,0.3715182427877347,1.4889293379216533,1.4889293415660345,-0.7767617331501513,-1.68027396637275,-1.6802739680907872,0.0,0.0,1.3262691035637064,0
6.149999999999986,8,23.07754061841293,15.146342165451962,14.998748726348044,-3.947837986916803,-0.4435418124838671,0.003772138790493084,-2.4471985084434325,-0.5110773138405479,0.00440903047948774,0.0,0.0,-3.029711264934294,0
6.199999999999986,0,5.510747748182312,6.325902534223448,10.062610237352013,-3.2980714654866654,-3.1816095560655144,-2.0000213102102795,-2.5,-2.5,-2.5,0.0,0.0,-2.3741659568004496,0
6.199999999999986,1,17.367664392811744,2.777981309055029,2.7779813032545286,0.332733858464795,-1.4049032519987437,-1.4049032556051846,-0.77569188111887,1.6805210650602953,1.680521066650127,0.0,0.0,-1.3382436886851163,0
6.199999999999986,2,5.935415962181712,19.279142604181626,6.74813513959216,-2.2906198394824515,0.36524533061502107,-2.1459129355458817,1.7033217000698055,-0.8583205590615652,1.616162431181826,0.0,0.0,2.9834711555761038,0
6.199999999999986,3,5.528664329450692,6.327300946074593,20.117895551277606,-3.281431167695812,-3.1692392698888754,2.046492595117002,-2.5,-2.5,2.5,0.0,0.0,-2.3735850217002237,0
6.199999999999986,4,17.36766603204472,27.2220193621688,2.7779806503611715,0.3327340627207301,1.4049032250506919,-1.4049032204316696,-0.7756920109233035,-1.6805210370514452,1.6805210347440753,0.0,0.0,1.3382435467175817,0
6.199999999999986,5,17.367663550433992,2.777981760586747,27.222018252684435,0.33273373113335475,-1.4049032709085403,1.4049032765260183,-0.7756918094599872,1.6805210810425222,-1.6805210837440763,0.0,0.0,-1.3382437775233977,0
6.199999999999986,6,5.927873101300681,23.244007256570764,19.049127845774834,-2.2899058435132784,2.1408366280335875,0.3808502506946729,1.705746616919699,-1.6163500388011045,-0.8531359979128007,0.0,0.0,2.389826101342598,0
6.199999999999986,7,17.36766338076892,27.222018949153078,27.222018957842565,0.3327336549455435,1.404903283237982,1.4049032867960523,-0.7756917568438237,-1.6805210936734236,-1.6805210953996452,0.0,0.0,1.338243830841122,0
6.199999999999986,8,22.877101792784902,15.123470935596373,14.998943329817319,-4.069715038204194,-0.4713073817396972,0.004011999980534264,-2.4375410257478105,-0.555311385116602,0.004797223800823594,0.0,0.0,-3.0262978045250137,0
6.249999999999986,0,5.347864172360403,6.168764286522715,9.96399227614739,-3.2172715673896937,-3.103920351963793,-1.9446971379746285,1.6159979619394353,1.5537840820344369,1.1064834447130212,0.0,0.0,-2.374124505558014,0
6.249999999999986,1,17.383332800523963,2.7098371044201315,2.709837098441307,0.2940024500240536,-1.3208649333971603,-1.3208649369236736,-0.7746281688148271,1.6807663720316692,1.680766373630222,0.0,0.0,-1.3517833399028365,0
6.249999999999986,2,5.823015141575622,19.29633555171015,6.6428605202303865,-2.2054129847611343,0.32247257052597,-2.065071838925012,1.7041370944263403,-0.8554552017810206,1.6168219324174022,0.0,0.0,2.9964028563094653,0
6.249999999999986,3,5.36660401554472,6.170774740575406,20.218815417127946,-3.2009813885430622,-3.0918089500785833,1.990302038896675,1.6089955830549887,1.5486063962058405,-1.1238111244065416,0.0,0.0,-2.373541562256439,0
6.249999999999986,4,17.383334449806963,27.290163565491355,2.7098364472666687,0.29400264776902063,1.3208649078515822,-1.3208649033484465,-0.7746282990341892,-1.6807663439821932,1.6807663416644592,0.0,0.0,1.3517831931595237,0
6.249999999999986,5,17.38333195186957,2.7098375550263856,27.29016245852228,0.2940023262898055,-1.3208649515059214,1.320864956987676,-0.7746280968709849,1.6807663880523753,-1.6807663907668453,0.0,0.0,-1.3517834320650661,0
6.249999999999986,6,5.815510985543035,23.34902786079528,19.067107426483016,-2.2045787867925464,2.059987540946993,0.33833297763252523,1.7065411344146426,-1.61698174173189,-0.8503454612429526,0.0,0.0,2.3900867707084847,0
6.249999999999986,7,17.383331778461,27.290163155314115,27.290163164179337,0.29400225273769515,1.3208649632034923,1.3208649666748447,-0.7746280441569673,-1.6807664006897938,-1.6807664024241518,0.0,0.0,1.35178348699944,0
6.249999999999986,8,22.670588693412746,15.099130487570127,14.99915063672078,-4.190808936682002,-0.5023105393101628,0.004280276157904731,-2.421877969556149,-0.6200631514093119,0.00536552354740935,0.0,0.0,-3.0223017000942805,0
6.299999999999986,0,5.189020943077664,6.015510890210051,9.86813946017016,-3.1364576039198564,-3.026215500542771,-1.889415501114522,1.6162792693967485,1.5540970284204376,1.1056327372021324,0.0,0.0,-2.3740812650424297,0
6.299999999999986,1,17.397065960189707,2.645895120212033,2.645895114058892,0.2553239366057153,-1.2368144349267804,-1.2368144383729325,-0.7735702683667666,1.6810099694075946,1.68100997101482,0.0,0.0,-1.3672193268807558,0
6.299999999999986,2,5.714875670019239,19.311393410056528,6.541628769181123,-2.1201658774941827,0.27984176332913535,-1.9841982030455538,1.704942145339035,-0.8526161439366928,1.6174727175891566,0.0,0.0,3.010360726190876,0
6.299999999999986,3,5.208566526277161,6.018120429418841,20.316926757588075,-3.1205181821593104,-3.014363496184047,1.9341515795083934,1.6092641276750368,1.5489090778907197,-1.1230091877656316,0.0,0.0,-2.3734962245794473,0
6.299999999999986,4,17.397067619196665,27.354105548457284,2.645894464522984,0.25532412781909053,1.2368144107856809,-1.2368144063989472,-0.7735703989986014,-1.6810099413180253,1.6810099389899855,0.0,0.0,1.367219174733774,0
6.299999999999986,5,17.397065105438887,2.6458955699329225,27.35410444388642,0.2553238164828242,-1.2368144522326034,1.2368144575779925,-0.7735701961396255,1.68100998546636,-1.6810099881936718,0.0,0.0,-1.3672194228041945,0
6.299999999999986,6,5.707416203182336,23.45000523149574,19.082964599398696,-2.119212507635421,1.9791072870712971,0.29595393899464745,1.7073255831425063,-1.6176050775139172,-0.8475807727575553,0.0,0.0,2.390367196633427,0
6.299999999999986,7,17.39706492841872,27.35410514097665,27.35410515001326,0.2553237455712895,1.2368144632979803,1.2368144666822103,-0.7735701433281129,-1.6810099981102402,-1.6810099998526875,0.0,0.0,1.3672194795661556,0
6.299999999999986,8,22.458057503689385,15.073108858933638,14.9993725075121,-4.3104386522523965,-0.5385546061493669,0.00459455549491308,-2.392594311407902,-0.7248813367840825,0.006285586740166977,0.0,0.0,-3.017294817383709,0
6.349999999999985,0,5.03421875791726,5.866143121369434,9.775049678790122,-3.0556298024963215,-2.948495253081905,-1.8341757540870471,1.6165560284706992,1.5544049492173115,1.104794940549497,0.0,0.0,-2.3740360874940323,0
6.349999999999985,1,17.408866509847435,2.5861559634218216,2.5861559570983923,0.21669804970347428,-1.152751836681687,-1.1527518400470462,-0.77251773804482,1.6812519649018713,1.681251966517723,0.0,0.0,-1.3849815690640217,0
6.349999999999985,2,5.610999547840324,19.32432324585688,6.444441503033696,-2.034879009662424,0.23735166868496763,-1.9032924428515,1.7057373566351772,-0.8498018928833544,1.618115203881079,0.0,0.0,3.0254756961471436,0
6.349999999999985,3,5.054552527610122,5.869338763265067,20.4122315623104,-3.040041764522246,-2.9369031499669047,1.8780406093846715,1.6095283527412891,1.5492069243428483,-1.1222194024744376,0.0,0.0,-2.3734488535151343,0
6.349999999999985,4,17.40886817825126,27.4138447040756,2.5861553091210796,0.2166982343647474,1.1527518139470452,-1.152751809677226,-0.7725178690868627,-1.6812519367727143,1.6812519344344232,0.0,0.0,1.3849814107590437,0
6.349999999999985,5,17.40886564918111,2.58615641229754,27.413843601785647,0.2166979332060286,-1.1527518531826886,1.1527518583910732,-0.7725176655359122,1.6812519809982964,-1.6812519837383832,0.0,0.0,-1.3849816692740065,0
6.349999999999985,6,5.603590703370769,23.546937820289003,19.096706245766256,-2.0338074848272774,1.898196264659221,0.2537119157077239,1.7081004561628723,-1.6182204482415212,-0.8448404657384716,0.0,0.0,2.3906699122489052,0
6.349999999999985,7,17.4088654686815,27.41384429914949,27.413844308353124,0.21669786493992774,1.1527518636155512,1.1527518669122565,-0.7725176126272355,-1.681251993648583,-1.6812519953990779,0.0,0.0,1.3849817281161043,0
6.349999999999985,8,22.239631988042344,15.045025823618207,14.99961228022564,-4.426581973629254,-0.5847668064678889,0.0049963530467397555,-2.3228664275371615,-0.9242440063704405,0.008035951036533503,0.0,0.0,-3.010249703645119,0
6.399999999999985,0,4.883458303363894,5.720661743822102,9.684720852877176,-2.974788379638308,-2.8707598488113524,-1.7789772824307992,1.6168284571602656,1.554708085411055,1.10396943312496,0.0,0.0,-2.3739888093463217,0
6.399999999999985,1,17.41873707465103,2.530620237167092,2.5306202306774255,0.1781245424403881,-1.0686772135074876,-1.068677216791625,-0.7714701452617234,1.6814924634839885,1.6814924651084238,0.0,0.0,-1.4056370212863953,0
6.399999999999985,2,5.5113887513715465,19.335132065534573,6.3513003181298044,-1.9495528490886764,0.1950011184227523,-1.8223549533041299,1.7065232114749502,-0.8470110052443064,1.6187497909474007,0.0,0.0,3.041900724165615,0
6.399999999999985,3,4.904562674965441,5.724430480975806,20.50473179129966,-2.9595523412649745,-2.8594281416035585,1.8219685501857157,1.609788465145431,1.5495001672669275,-1.1214411839791159,0.0,0.0,-2.3733992772995243,0
6.399999999999985,4,17.41873875212361,27.46938042922881,2.530619584178427,0.17812472052915265,1.068677192181259,-1.0686771880288644,-0.7714702767118948,-1.6814924353157248,1.6814924329672327,0.0,0.0,1.4056368559104904,0
6.399999999999985,5,17.41873620825082,2.5306206852379276,27.46937932910224,0.17812442958240587,-1.0686772292018039,1.0686772342725486,-0.7714700724724542,1.6814924796176944,-1.6814924823704935,0.0,0.0,-1.4056371264187575,0
6.399999999999985,6,5.5040364119122405,23.639824098223155,19.108339187648713,-1.9483641735138773,1.8172548527068713,0.21160575959057842,1.708866226268002,-1.6188282390469924,-0.8421231223429092,0.0,0.0,2.3909978994162002,0
6.399999999999985,7,17.418736024404165,27.469380026714923,27.469380036081198,0.17812436396658185,1.0686772390018344,1.0686772422106148,-0.7714700194669178,-1.6814924922743328,-1.681492494032835,0.0,0.0,1.4056371876453742,0
6.399999999999985,8,22.015936605616957,15.013746403094775,14.999879926513838,-4.521233323386194,-0.6664100144694052,0.005709498481123482,-1.8930269951387992,-1.6328641600303242,0.014262908687674524,0.0,0.0,-2.995250739335321,0
6.449999999999985,0,4.736740255335121,5.579067509713942,9.59715093328497,-2.8939335415125873,-2.793009515515057,-1.7238195012573465,1.6170967625144126,1.5550066659259092,1.1031556234690525,0.0,0.0,-2.373939249001492,0
6.449999999999985,1,17.426680267940903,2.4792885409512158,2.479288534299384,0.13960318915446818,-0.9845906351275517,-0.9845906383300401,-0.7704270657183989,1.6817315675987154,1.6817315692316968,0.0,0.0,-1.4299471367061405,0
6.449999999999985,2,5.4160452341342875,19.34382681885152,6.2622067915422,-1.8641878404016612,0.1527890142552259,-1.7413861102000339,1.707300173740304,-0.8442420833505281,1.6193768620819209,0.0,0.0,3.059815342649101,0
6.449999999999985,3,4.758597613728966,5.583396310179136,20.594429376338866,-2.879050108194034,-2.7819386902632326,1.7659348513825197,1.6100446614188044,1.549789026806517,-1.1206739760639204,0.0,0.0,-2.3733473052200496,0
6.449999999999985,4,17.4266819541531,27.52071212441363,2.4792878891982753,0.13960336065041248,0.9845906152116688,-0.9845906111772065,-0.7704271975748033,-1.681731539391805,1.6817315370331567,0.0,0.0,1.4299469631473658,0
6.449999999999985,5,17.426679395989126,2.4792889882575495,27.520711026332698,0.13960307994990337,-0.9845906500133366,0.9845906549458086,-0.7704269926500501,1.6817315837693447,-1.681731586534799,0.0,0.0,-1.429947247535379,0
6.449999999999985,6,5.408755232420736,23.728662554834454,19.117870191415662,-1.8628830061463026,1.7362834117450205,0.16963439108729705,1.7096233473514926,-1.6194288192370119,-0.8394273700656272,0.0,0.0,2.3913546929318814,0
6.449999999999985,7,17.42667920892806,27.520711724169473,27.52071173369398,0.13960301698918526,0.9845906591802204,0.984590662300677,-0.7704269395479318,-1.6817315964322808,-1.6817315981987555,0.0,0.0,1.4299473115153187,0
6.449999999999985,8,21.79298646709993,14.980715755213609,15.000162952176742,-4.39677221729483,-0.654815900777284,0.005611528035069574,2.4892221218272885,0.23188227384242197,-0.0019594089210781427,0.0,0.0,-2.9937482979153045,0
6.499999999999985,0,4.5940652796862524,5.441361160073788,9.512337899407319,-2.8130654844421694,-2.7152444700911254,-1.6687018538486484,1.617361141408355,1.5553009084786276,1.1023529481739593,0.0,0.0,-2.3738872042229087,0
6.499999999999985,1,17.4326986922954,2.4321614709165584,2.432161464106654,0.10113378502547152,-0.9004921662587452,-0.900492169379159,-0.7693880825799331,1.6819693773761304,1.6819693790176222,0.0,0.0,-1.458955531245601,0
6.499999999999985,2,5.324970927975869,19.350414402349433,6.177162482013833,-1.7787844059350901,0.1107143256611221,-1.6603862709346175,1.7080686893314223,-0.8414937718820756,1.6199967853083275,0.0,0.0,3.0794312769010705,0
6.499999999999985,3,4.6166579797298475,5.446236967806427,20.681326222346915,-2.798535251770742,-2.704435004645148,1.7099389889393914,1.6102971284658432,1.5500737123616948,-1.1199172488625637,0.0,0.0,-2.3732927248738265,0
6.499999999999985,4,17.43270038691707,27.567839193487803,2.4321608203228675,0.10113394990836985,0.9004921477551184,-0.9004921438390942,-0.7693882148408525,-1.6819693491310084,1.6819693467622467,0.0,0.0,1.45895534814427,0
6.499999999999985,5,17.43269781497508,2.432161917498862,27.567838097334537,0.10113367948822014,-0.9004921803341693,0.9004921851277385,-0.7693880092336645,1.6819693935833437,-1.6819693963614013,0.0,0.0,-1.458955648718872,0
6.499999999999985,6,5.317749047433028,23.813451697242513,19.12530597112202,-1.777364393362027,1.655282284577425,0.12779679716708986,1.7103722556855128,-1.6200225433519089,-0.8367518784041437,0.0,0.0,2.391744515173997,0
6.499999999999985,7,17.432697624832475,27.56783879537067,27.56783880504898,0.10113361918742453,0.9004921888675942,0.9004921918993302,-0.7693879560352147,-1.6819694062525237,-1.6819694080269376,0.0,0.0,1.4589557159000415,0
6.499999999999985,8,21.576249899229914,14.948353039359066,15.000440305343611,-4.272690497505717,-0.6396927334044349,0.005482598639729103,2.481634395782248,0.30246334745698344,-0.0025785879068094255,0.0,0.0,-2.9929798723224073,0
6.549999999999985,0,4.455434032690716,5.307543425344688,9.430279757802298,-2.732184395379264,-2.6374649190728765,-1.613623810352188,1.617621781258104,1.5555910203649805,1.1015608699292099,0.0,0.0,-2.3738324490650147,0
6.549999999999985,1,17.436794940564575,2.389239620092163,2.3892396131282996,0.06271614574156623,-0.8163818667170903,-0.8163818697550057,-0.7683527856781056,1.6822059908330957,1.6822059924830661,0.0,0.0,-1.4941248480544984,0
6.549999999999985,2,5.238167744163338,19.354901662689123,6.096168930860101,-1.6933429465661494,0.06877608792644846,-1.5793557752146996,1.7088291873788175,-0.8387647546934729,1.6206099143983566,0.0,0.0,3.100999395612138,0
6.549999999999985,3,4.47874439969661,5.312953160603347,20.765424208672606,-2.718007949558776,-2.6269172834780483,1.65398046408819,1.6105460442393165,1.5503544233419926,-1.1191704970240264,0.0,0.0,-2.3732352989392353,0
6.549999999999985,4,17.43679664326456,27.61076104342237,2.389238970581127,0.06271630399126989,0.8163818496276096,-0.8163818458305273,-0.7683529183419993,-1.6822059625501753,1.6822059601713373,0.0,0.0,1.4941246537503303,0
6.549999999999985,5,17.43679405805942,2.3892400659909994,27.61075994907859,0.06271604388547222,-0.8163818799803406,0.8163818846343791,-0.7683527120549584,1.682206007076573,-1.6822060098671874,0.0,0.0,-1.494124973328515,0
6.549999999999985,6,5.23101971947882,23.894190049281193,19.13065319178574,-1.691808724806296,1.5742517969697016,0.0860920293816616,1.7111133711146174,-1.6206097521544698,-0.8340953557085651,0.0,0.0,2.392172452095142,0
6.549999999999985,7,17.436793864968394,27.61076064728936,27.61076065711703,0.06271598624940447,0.816381887879997,0.8163818908226168,-0.7683526587604012,-1.6822060197519437,-1.6822060215342667,0.0,0.0,1.4941250442527054,0
6.549999999999985,8,21.365712378473535,14.916785748778766,15.000710867543836,-4.148810332749502,-0.622998889807557,0.005339889369257579,2.47760329512431,0.33387687193755816,-0.002854185409430485,0.0,0.0,-2.9925430411170306,0
6.5999999999999845,0,4.3208471614976025,5.1776150258900255,9.350974540879335,-2.651290452345307,-2.559671059113631,-1.5585848665663544,1.6178788606791472,1.5558771991849096,1.1007788757166743,0.0,0.0,-2.373774730241716,0
6.5999999999999845,1,17.43897159688823,2.350523578636392,2.350523571522706,0.0243501072047273,-0.7322597915137324,-0.7322597944687267,-0.7673207707367785,1.682441504067158,1.6824415057255795,0.0,0.0,-1.537555203773973,0
6.5999999999999845,2,5.155637574436754,19.357295399895687,6.019227662836645,-1.60786384249723,0.02697340033613685,-1.498294945723498,1.7095820813783855,-0.8360537518062321,1.6212165898240345,0.0,0.0,3.12481830388343,0
6.5999999999999845,3,4.3448574916916245,5.18354558561677,20.84672519032949,-2.637468370640631,-2.5493857159850117,1.5980588021872717,1.6107915783628948,1.5506313498607334,-1.1184332380183695,0.0,0.0,-2.373174761356621,0
6.5999999999999845,4,17.438973307334372,27.64947708405907,2.3505229301312984,0.024350258801155975,0.732259775840268,-0.7322597721626297,-0.7673209038022781,-1.6824414757468322,1.6824414733579518,0.0,0.0,1.5375549962661945,0
6.5999999999999845,5,17.438970709382644,2.3505240238924157,27.649475991406373,0.024350009043588437,-0.7322598039630107,0.7322598084768928,-0.7673206968376757,1.6824415203465979,-1.6824415231497267,0.0,0.0,-1.537555338242964,0
6.5999999999999845,6,5.148569092111223,23.970876150662736,19.133918472572073,-1.6062163698976257,1.493192258291981,0.04451920207170685,1.7118470981734066,-1.6211907735544138,-0.831456546199095,0.0,0.0,2.3926446861748754,0
6.5999999999999845,7,17.438970513476555,27.649476689767074,27.649476699739637,0.024349954077044045,0.7322598112285916,0.7322598140817012,-0.7673206434472084,-1.682441533028106,-1.6824415348183122,0.0,0.0,1.5375554135538951,0
6.5999999999999845,8,21.161366747308744,14.886068580440647,15.000974158905208,-4.025014913842124,-0.6056878437171711,0.005191765085661212,2.475908378147555,0.3462209218077187,-0.0029624856719273483,0.0,0.0,-2.9922324269393634,0
6.649999999999984,0,4.190305304567955,5.051576672476234,9.274420305644943,-2.5703838248405817,-2.481863077438027,-1.503584542809303,1.6181325500945065,1.5561596335120824,1.1000064751410283,0.0,0.0,-2.373713762809397,0
6.649999999999984,1,17.4392312377002,2.31601393407501,2.316013926815658,-0.013964474726100032,-0.6481259909415423,-0.6481259938131942,-0.7662916386165466,1.6826760114438017,1.682676013110648,0.0,0.0,-1.5923389197904558,0
6.649999999999984,2,5.077382292024712,19.3576023705168,5.946340186975032,-1.5223474539844242,-0.0146945754915076,-1.4172040887410138,1.7103277702561166,-0.8333595165528889,1.621817139649682,0.0,0.0,-3.1319403767044642,0
6.649999999999984,3,4.214997865525475,5.0580149306592395,20.925230999175643,-2.556916676005333,-2.4718404823161992,1.5421735516587924,1.6110338927059729,1.5509046733762473,-1.1177050105695847,0.0,0.0,-2.3731108127877087,0
6.649999999999984,4,17.439232955559326,27.68398672787222,2.316013286499026,-0.013964329802966809,0.648125976685946,-0.6481259731282523,-0.7662917720824556,-1.6826759830864415,1.6826759806875493,0.0,0.0,1.592338696764554,0
6.649999999999984,5,17.43923034537927,2.3160143787289638,27.683985636792,-0.01396456917852635,-0.6481260025750647,0.6481260069481665,-0.7662915644422956,1.68267602775892,-1.6826760305745256,0.0,0.0,-1.5923390650678555,0
6.649999999999984,6,5.07039899090026,24.04350855617299,19.13510838989174,-1.5205876785408905,1.4121039621182754,0.003077490714930166,1.7125738271347022,-1.6217659234741126,-0.8288342271355336,0.0,0.0,2.3931688090652354,0
6.649999999999984,7,17.43923014679171,27.683986335277947,27.683986345390917,-0.013964621470760455,0.648126009206266,0.6481260119694723,-0.7662915109560899,-1.6826760404465126,-1.6826760422445783,0.0,0.0,1.592339145492277,0
6.649999999999984,8,20.96320978479362,14.856224774714663,15.001229975527941,-3.9012635867628895,-0.5880643853221501,0.005040899823694575,2.4750265415846915,0.3524691679004191,-0.003017305239332731,0.0,0.0,-2.9919820978614116,0
6.699999999999984,0,4.063809092091297,4.929429066733723,9.200615132503083,-2.4894646742257382,-2.404041152262377,-1.44862238286514,1.6183830122968714,1.5564385035130013,1.099243198883265,0.0,0.0,-2.373649225008483,0
6.699999999999984,1,17.437576432720675,2.2857112715351553,2.2857112641343145,-0.05222772445485737,-0.5639805106526454,-0.5639805134405348,-0.7652649945751467,1.682909605777938,1.6829096074531886,0.0,0.0,-1.6631385071506586,0
6.699999999999984,2,5.003403752624702,19.355829290701156,5.8775079973884425,-1.4367941220159945,-0.05622861713440916,-1.3360834947225686,1.711066639368592,-0.8306808328580312,1.6224118803689032,0.0,0.0,-3.1024778372518744,0
6.699999999999984,3,4.0891661231526015,4.936361874752535,21.000943445042076,-2.476353018909574,-2.3942817539519545,1.4863242829986003,1.611273141915176,1.55117456728489,-1.116985373203844,0.0,0.0,-2.373043115189356,0
6.699999999999984,4,17.437578157658624,27.714289389734788,2.2857106248113324,-0.052227586224988645,0.5639804978167511,-0.5639804943795014,-0.7652651284404367,-1.6829095773838967,1.682909574975018,0.0,0.0,1.6631382662275167,0
6.699999999999984,5,17.437575535770183,2.285711715627871,27.714288300108212,-0.05222781518484833,-0.5639805214686413,0.5639805257003405,-0.7652649201264395,1.6829096221284683,-1.6829096249565185,0.0,0.0,-1.6631386648962128,0
6.699999999999984,6,4.996511224391957,24.112085834895577,19.134229480419833,-1.434922981791175,1.3309871867852423,-0.038233869591279994,1.7132939349943106,-1.6223355066606613,-0.8262272061242031,0.0,0.0,2.3937542476594458,0
6.699999999999984,7,17.437575334634992,27.71428899869473,27.714289008943606,-0.05222786479799251,0.5639805274651613,0.5639805301380724,-0.7652648665446411,-1.6829096348220938,-1.682909636627998,0.0,0.0,1.663138751141563,0
6.699999999999984,8,20.771239703319754,14.827266927268862,15.001478206902478,-3.7775396721917454,-0.5702495125098879,0.004888355157733422,2.4744782914228853,0.35629745624524484,-0.0030508933192230554,0.0,0.0,-2.9917660017597996,0
6.749999999999984,0,3.941359146383722,4.811172901597505,9.129557124106409,-2.408533154077287,-2.326205453186362,-1.393697953001836,1.6186304029690195,1.5567139815202913,1.0984885972660763,0.0,0.0,-2.373580752065522,0
6.749999999999984,1,17.434009745938507,2.2596161739756613,2.2596161664375307,-0.09043974683186445,-0.47982339172711985,-0.47982339443082744,-0.7642404475401415,1.683142378510512,1.6831423801941474,0.0,0.0,-1.7570961265764438,0
6.749999999999984,2,4.933703795350708,19.351982839203632,5.812732574049429,-1.3512041689437493,-0.09762944276654775,-1.2549334388380031,1.7117990614449048,-0.8280165126427717,1.6230011176913115,0.0,0.0,-3.069464339647796,0
6.749999999999984,3,3.967362859049506,4.818587088551775,21.073864316813378,-2.3957775452142482,-2.316709694078441,1.4305105878534667,1.6115094739065152,1.5514411974702709,-1.1162739029026691,0.0,0.0,-2.372971285293052,0
6.749999999999984,4,17.434011477620118,27.740384486688026,2.259615528026934,-0.09043961531518623,0.47982338031274496,-0.4798233769964374,-0.7642405818039516,-1.6831423500801221,1.6831423476612792,0.0,0.0,1.757095866216086,0
6.749999999999984,5,17.43400884454492,2.2596166175480588,27.740383398396055,-0.09043983382572618,-0.4798234017238311,0.47982340581350696,-0.7642403728175571,1.6831423948962043,-1.683142397736671,0.0,0.0,-1.757096297867983,0
6.749999999999984,6,4.926907585035396,24.17660656946303,19.131288244042082,-1.3492225924712762,1.249842195912794,-0.07941558551871644,1.714007786397975,-1.6228998174489657,-0.8236343185487287,0.0,0.0,2.3944128546788717,0
6.749999999999984,7,17.43400864099617,27.740384097058495,27.740384107438746,-0.09043988075500678,0.4798234070853708,0.47982340966759557,-0.7642403191402851,-1.6831424075958092,-1.683142409409536,0.0,0.0,1.7570963902839158,0
6.749999999999984,8,20.58545534487649,14.7992030938363,15.001718782350467,-3.6538346655388194,-0.5523038247925849,0.004734662761797252,2.4741001330585206,0.3589137543460593,-0.0030738479187234174,0.0,0.0,-2.9915710535814033,0
6.799999999999984,0,3.8229560822688153,4.696808861728893,9.06124440425497,-2.327589410518971,-2.2483561415581454,-1.3388108410557844,1.6188748711663214,1.5569862325643298,1.0977422389210325,0.0,0.0,-2.37350792870265,0
6.799999999999984,1,17.428533736585177,2.2377292224141563,2.2377292147429557,-0.12860062730138508,-0.3956546707330666,-0.3956546733521739,-0.7632176093904126,1.6833744198810654,1.6833744215730706,0.0,0.0,-1.8850576219629491,0
6.799999999999984,2,4.868284243650365,19.346069660323632,5.752015383541633,-1.2655778990699904,-0.13889771243354584,-1.1737541814738333,1.7125253974751773,-0.8253653933399616,1.623585147283399,0.0,0.0,-3.0322797246364424,0
6.799999999999984,3,3.849588660576696,4.704691234751369,21.143995383463736,-2.3151903936981597,-2.2391244579378076,1.3747320781608874,1.6117430303217701,1.551704722812666,-1.1155701938515858,0.0,0.0,-2.3728948867235125,0
6.799999999999984,4,17.428535474674295,27.762271437714396,2.2377285771633444,-0.1286005025177886,0.39565466074201294,-0.3956546575471448,-0.7632177440520472,-1.6833743914146406,1.6833743889858521,0.0,0.0,1.8850573441367589,0
6.799999999999984,5,17.428532830935637,2.2377296655072443,27.762270350637788,-0.12860071054544703,-0.39565467990874675,0.3956546838557796,-0.7632175343944172,1.6833744363016865,-1.683374439154547,0.0,0.0,-1.8850578054374427,0
6.799999999999984,6,4.861589850079977,24.237069355333066,19.126291146734758,-1.2634868057454938,1.168669238888787,-0.12046830677431429,1.7147157345156487,-1.6234591404801457,-0.8210544251119569,0.0,0.0,2.3951597429869196,0
6.799999999999984,7,17.42853262510764,27.762271049351504,27.76227105985859,-0.12860075478609503,0.3956546846350098,0.3956546871261579,-0.7632174806217649,-1.6833744490072196,-1.6833744508287531,0.0,0.0,1.885057903057866,0
6.799999999999984,8,20.40585588763715,14.772038944703022,15.001951652122486,-3.530143624034911,-0.534262140538543,0.004580128118928973,2.4738208300781697,0.3608336850808368,-0.003090692857365582,0.0,0.0,-2.991389624905814,0
6.849999999999984,0,3.7086005074425725,4.586337623919569,8.995675116839116,-2.246633582530734,-2.170493370814797,-1.2839606555783611,1.6191165597647434,1.5572554148669684,1.0970037095484633,0.0,0.0,-2.3734302800283533,0
6.849999999999984,1,17.421150960102302,2.2200509961513744,2.220050988351344,-0.1667104320135324,-0.31147437977821096,-0.3114743823123002,-0.7621960942429462,1.6836058190971126,1.6836058207974747,0.0,0.0,-2.0622291328842466,0
6.849999999999984,2,4.807146906193804,19.33809636678257,5.695357879787276,-1.1799155991924666,-0.18003402920895523,-1.0925459687004546,1.7132459975504777,-0.8227263355081877,1.6241642554675737,0.0,0.0,-2.990178362127733,0
6.849999999999984,3,3.735844108325478,4.594674968474056,21.211338395051435,-2.234591696350544,-2.161526193154698,1.3189883853471007,1.611973946952315,1.551965295662197,-1.1148738562757328,0.0,0.0,-2.372813420412764,0
6.849999999999984,4,17.421152704261775,27.779949663513253,2.2200503515211825,-0.1667103139828824,0.3114743712122655,-0.3114743681393333,-0.7621962293018762,-1.683605790594949,1.6836057881562294,0.0,0.0,2.0622288497668886,0
6.849999999999984,5,17.421150050384647,2.220051438806247,27.779948577532554,-0.16671051149414173,-0.3114743881311245,0.31147439193489557,-0.7621960189738939,1.6836058355524446,-1.683605838417681,0.0,0.0,-2.0622293200800166,0
6.849999999999984,6,4.800559782445037,24.29347280008828,19.119244623384194,-1.1777158996521015,1.0874685513198268,-0.16139262724816722,1.7154181218678461,-1.624013751379201,-0.8184864094770583,0.0,0.0,2.396014489638901,0
6.849999999999984,7,17.421149842411953,27.779949276272927,27.779949286902283,-0.16671055304139146,0.3114743922218171,0.31147439462149873,-0.7621959651059285,-1.6836058482638536,-1.6836058500931836,0.0,0.0,2.0622294183018792,0
6.849999999999984,8,20.23244071176584,14.745778731687022,15.002176778914226,-3.406463410817366,-0.5161463801014993,0.004424943550672322,2.473604264350902,0.36231520874087497,-0.003103691365133015,0.0,0.0,-2.99121676022661,0
6.8999999999999835,0,3.5982930228233827,4.479759857479205,8.93284742482365,-2.1656658022368624,-2.0926172867997606,-1.2291470250402703,1.6193556058774308,1.5575216803007306,1.0962726107618153,0.0,0.0,-2.37334726038592,0
6.8999999999999835,1,17.41186396910445,2.2065820729930903,2.2065820650684915,-0.20476920790059844,-0.22728254655315244,-0.2272825490018061,-0.7611755177413206,1.6838366645011704,1.683836666209881,0.0,0.0,-2.304133608184355,0
6.8999999999999835,2,4.750293577736254,19.328069542546455,5.642761504752108,-1.0942175391095388,-0.22103894023561615,-1.0113090327062992,1.7139612016585577,-0.8200982205332186,1.624738719883108,0.0,0.0,-2.9422686144275603,0
6.8999999999999835,3,3.6261297764506173,4.4885389376441704,21.275895083674595,-2.153981578643879,-2.0839150400407473,1.2632791595793649,1.6122023541332977,1.5522230622790087,-1.1141845153547187,0.0,0.0,-2.3727263128633274,0
6.8999999999999835,4,17.411865718996136,27.793418586278914,2.2065814289061096,-0.20476909664274143,0.2272825394140882,-0.22728253646358798,-0.7611756531971801,-1.6838366359635462,1.6838366335149069,0.0,0.0,2.3041333536093065,0
6.8999999999999835,5,17.41186305550719,2.2065825152509295,27.79341750127446,-0.20476928360411442,-0.22728255408157388,0.22728255774146505,-0.7611754421994539,1.683836680991012,-1.6838366838686105,0.0,0.0,-2.304133775561927,0
6.8999999999999835,6,4.743819131563817,24.34581552275753,19.11015508055179,-1.0919101355966787,1.006240355450047,-0.2021890860479919,1.7161152811084566,-1.6245639173955961,-0.8159291759964937,0.0,0.0,2.3970029160643906,0
6.8999999999999835,7,17.41186284552459,27.79341820001688,27.793418210763928,-0.2047693224532023,0.2272825575364048,0.22728255984423062,-0.7611753882362171,-1.683836693708246,-1.6838366955453623,0.0,0.0,2.304133862349673,0
6.8999999999999835,8,20.06520932887062,14.72042579028004,15.002394133460916,-3.2827919049914764,-0.49797127617780335,0.004269238316945252,2.4734301165177923,0.36350207847391797,-0.0031141046745413936,0.0,0.0,-2.9910489439907906,0
6.949999999999983,0,3.4920342228880927,4.377076224607737,8.872759509270399,-2.0846861951747293,-2.0147280280589333,-1.1743695970898185,1.6195921412426646,1.5577851748165485,1.0955485590090366,0.0,0.0,-2.373258239604401,0
6.949999999999983,1,17.40067531433899,2.197323029470103,2.197323021425218,-0.24277698271770695,-0.14307919436633681,-0.14307919672913788,-0.7601554963421704,1.6840670437363123,1.6840670454533648,0.0,0.0,-2.609045183041804,0
6.949999999999983,2,4.697726039956326,19.315995745599167,5.594227689129434,-1.0084839720875614,-0.26191293765592105,-0.9300435922006758,1.7146713404395484,-0.8174799484060973,1.625308810112468,0.0,0.0,-2.8874966553722006,0
6.949999999999983,3,3.520446232989812,4.386283783346188,21.3376671643908,-2.073360159788339,-2.006291131878579,1.2076040690688779,1.6124283771107948,1.5524781632433615,-1.1135018102097396,0.0,0.0,-2.372632901675289,0
6.949999999999983,4,17.400677069623754,27.802677629480666,2.1973223858488113,-0.2427768782524793,0.1430791886559138,-0.14307918582834117,-0.7601556321947572,-1.6840670151634884,1.6840670127049362,0.0,0.0,2.6090450122818267,0
6.949999999999983,5,17.400674397051326,2.1973234713721763,27.8026765453326,-0.24277705463049545,-0.14307920106855004,0.14307920458394358,-0.7601554205276206,1.684067060260477,-1.684067063150429,0.0,0.0,-2.6090452921190708,0
6.949999999999983,6,4.691369634203693,24.39409615315752,19.099028899189996,-1.0060697588082728,0.9249848605495394,-0.2428581684238965,1.7168075357681176,-1.6251098980101495,-0.8133816475180916,0.0,0.0,2.3981597938549544,0
6.949999999999983,7,17.40067418519384,27.80267724405247,27.802677254912606,-0.24277709077665868,0.14307920388723055,0.1430792061028115,-0.7601553664691275,-1.6840670729834848,-1.6840670748283828,0.0,0.0,2.6090453486273133,0
6.949999999999983,8,19.904161341184697,14.695982827652141,15.002603692010481,-3.1591276024455217,-0.4797472289381474,0.00411310366569125,2.473286050919098,0.3644809447931181,-0.003122693025080028,0.0,0.0,-2.9908834800669197,0
6.999999999999983,0,3.3898246959950886,4.278287380753343,8.815409568396612,-2.003694880545444,-1.936825726116793,-1.1196280378616075,1.6198262925857023,1.5580460388428075,1.094831184564221,0.0,0.0,-2.3731624859174536,0
6.999999999999983,1,17.387587545644863,2.192274441056675,2.192274432895807,-0.28073376504749276,-0.05886434217078017,-0.05886434444731166,-0.7591356465957162,1.6842970439111329,1.6842970456365243,0.0,0.0,-2.9349066686249845,0
6.999999999999983,2,4.64944606227183,19.30188151067191,5.549757853004745,-0.9227151352922883,-0.3026564594342973,-0.8487498527868637,1.7153767359054608,-0.8148704355675254,1.625874788276243,0.0,0.0,-2.8246439862244572,0
6.999999999999983,3,3.4187940401708756,4.287910140169556,21.39665633610305,-1.9927275529691229,-1.9286545951866643,1.1519627994210468,1.612652136384325,1.5527307338382972,-1.1128253929566199,0.0,0.0,-2.372532417562776,0
6.999999999999983,4,17.387589305982573,27.807726217644333,2.1922737978234377,-0.2807336673947289,0.05886433789074613,-0.05886433518659662,-0.759135782844992,-1.6842970153033532,1.684297012834891,0.0,0.0,2.9349066133635247,0
6.999999999999983,5,17.387586624856667,2.1922748826443357,27.80772513423258,-0.2807338331559206,-0.05886434804507759,0.058864351415356064,-0.7591355705085032,1.684297060469449,-1.68429706337175,0.0,0.0,-2.934906697309297,0
6.999999999999983,6,4.6432130152644815,24.43831333125311,19.08587243731473,-0.9201949987601745,0.8437022632739706,-0.2834003065867914,1.7174952009619635,-1.6256519455113758,-0.810842763257898,0.0,0.0,2.399533090862116,0
6.999999999999983,7,17.387586411259562,27.807725832905337,27.807725843873932,-0.2807338665943958,0.05886435022732164,0.0588643523502687,-0.7591355163547426,-1.6842970731981781,-1.684297075050856,0.0,0.0,2.934906713786714,0
6.999999999999983,8,19.749296416223583,14.672452100281303,15.002805434765087,-3.035469395999049,-0.46148186589536855,0.003956606518515465,2.47316412892945,0.36530726085557785,-0.003129942943515714,0.0,0.0,-2.9907181454989944,0
7.049999999999983,0,3.2916650246952623,4.1833939749570765,8.760795816666763,-1.9226919714476034,-1.858910505733882,-1.0649220313324392,1.6200581819568107,1.5583044076582184,1.094120130583366,0.0,0.0,-2.3730591445680265,0
7.049999999999983,1,17.37260321291197,2.1914368823878423,2.1914368741153147,-0.3186395442683031,0.025361995417472485,0.025361993227627555,-0.7581155844162062,1.684526751765053,1.6845267534987842,0.0,0.0,3.062165476745387,0
7.049999999999983,2,4.605455402634875,19.285733351934187,5.5093534065024015,-0.8369112501859324,-0.34326989007472286,-0.7674280073068782,1.716077702127118,-0.812268612808511,1.6264369095997075,0.0,0.0,-2.752356029876561,0
7.049999999999983,3,3.321173754707453,4.193418636540732,21.45286428241433,-1.9120838655677788,-1.8510055499663005,1.096355053030097,1.6128737480268815,1.5529809044072742,-1.112154927819,0.0,0.0,-2.3724239618242517,0
7.049999999999983,4,17.37260497796151,27.808563776134967,2.191436239464913,-0.3186394534478437,-0.025361998265381144,0.025362000845612076,-0.7581157210622967,-1.6845267231225454,1.6845267206441736,0.0,0.0,-3.062165445320239,0
7.049999999999983,5,17.3726022888138,2.191437323702529,27.80856269333926,-0.3186396085587325,0.025361990372790716,-0.025361987148244697,-0.7581155080562384,1.684526768357366,-1.684526771272015,0.0,0.0,3.06216550843599,0
7.049999999999983,6,4.599350988556555,24.478465706534877,19.07069203263948,-0.8342860695569082,0.7623927479967585,-0.3238158804232842,1.7181785840653265,-1.6261903055442404,-0.8083114767298558,0.0,0.0,2.4011908877128203,0
7.049999999999983,7,17.372602073612587,27.80856339194034,27.808563403012755,-0.3186396392847545,-0.02536198882726662,-0.025361986797342376,-0.758115453807173,-1.6845267810917652,-1.6845267829522212,0.0,0.0,-3.0621655208827256,0
7.049999999999983,8,19.6006142701737,14.6498355297773,15.002999344864934,-2.9118164459961884,-0.4431809542646883,0.003799797475381146,2.4730590000572183,0.36601823261360533,-0.0031361808626863687,0.0,0.0,-2.9905509780585273,0
7.099999999999983,0,3.1975557860316917,4.092396650185058,8.708916483915415,-1.8416775750952257,-1.7809824851468417,-1.0102512787215077,1.6202879270475548,1.558560411740804,1.0934150522186317,0.0,0.0,-2.3729472107715543,0
7.099999999999983,1,17.35572486704313,2.1948109274760097,2.1948109190961675,-0.3564942904851922,0.10959980810922056,0.10959980600647934,-0.7570949243377828,1.6847562538349614,1.6847562555770357,0.0,0.0,2.843326266295523,0
7.099999999999983,2,4.5657558083079435,19.26755776565143,5.473015750415749,-0.7510725228913357,-0.38375356123559834,-0.6860782361591855,1.7167745458919317,-0.809673423217509,1.6269954229538544,0.0,0.0,-2.669230799023165,0
7.099999999999983,3,3.227585928084044,4.102809895043278,21.506292672452965,-1.8314291993685567,-1.7733441099318525,1.0407805485152757,1.6130933239844425,1.5532288006889607,-1.1114900902964249,0.0,0.0,-2.372306477866595,0
7.099999999999983,4,17.355726636462396,27.805189730940253,2.194810284785531,-0.3564942065168927,-0.10959980952327796,0.10959981197909464,-0.757095061380979,-1.6847562251579362,1.6847562226696513,0.0,0.0,-2.8433261965112364,0
7.099999999999983,5,17.35572393982623,2.194811368559245,27.80518864864011,-0.3564943509439753,0.10959980389584716,-0.10959980081765133,-0.7570948477048561,1.6847562704611287,-1.6847562733881327,0.0,0.0,2.843326324730433,0
7.099999999999983,6,4.559785257560411,24.514551937412673,19.053494005176166,-0.748343170288869,0.6810564871150542,-0.364105218109414,1.7188579853607842,-1.6267252176340863,-0.8057867537225964,0.0,0.0,2.4032331532620916,0
7.099999999999983,7,17.35572372315665,27.805189347144974,27.80518935831655,-0.35649437895277564,-0.10959980298732395,-0.10959980105081162,-0.7570947933604235,-1.6847562832011467,-1.6847562850693847,0.0,0.0,-2.843326349127514,0
7.099999999999983,8,19.458114656524028,14.628134781812761,15.003185407695751,-2.7881680999907266,-0.42484896431685704,0.0036427157572647916,2.4729669201092395,0.36663979895662513,-0.00314163436232709,0.0,0.0,-2.9903801322616745,0
7.149999999999983,0,3.1074975518287897,4.005296043649084,8.659769814499072,-1.7606517930208632,-1.7030417762920878,-0.9556154979322082,1.6205156414872512,1.5588141770950799,1.0927156157859892,0.0,0.0,-2.372825495222171,0
7.149999999999983,1,17.33695506092043,2.202397149927251,2.2023971414444596,-0.39429795442273674,0.19384908994043265,0.1938490879252126,-0.7560732787508899,1.6849856366242415,1.6849856383746653,0.0,0.0,2.684662647381518,0
7.149999999999983,2,4.530349016622547,19.247361232814445,5.440746276822007,-0.6651991445245466,-0.42410775224382014,-0.6047007075905061,1.7174675673357818,-0.8070838201644355,1.6275505713735883,0.0,0.0,-2.5740087493075032,0
7.149999999999983,3,3.1380311068310625,4.01608453272685,21.55694316167075,-1.750763650750719,-1.6956703827252937,0.9852390201961493,1.6133109723567567,1.553474544131177,-1.110830566382528,0.0,0.0,-2.3721787148675286,0
7.149999999999983,4,17.336956834366312,27.7976035084542,2.202396507391254,-0.3942978773264751,-0.1938490899189227,0.19384909224982905,-0.7560734161916485,-1.6849856079128949,1.684985605414688,0.0,0.0,-2.684662570009391,0
7.149999999999983,5,17.336954130776725,2.202397590820642,27.79760242652895,-0.3942980110362097,0.193849086560054,-0.19384908362882655,-0.7560732018446882,1.6849856532841365,-1.6849856562235042,0.0,0.0,2.684662711134176,0
7.149999999999983,6,4.524517516169292,24.546570690623817,19.034284659807803,-0.6623664853558809,0.5996936413306357,-0.4042685966251048,1.719533698659761,-1.627256915688369,-0.8032675703138157,0.0,0.0,2.4058128887509413,0
7.149999999999983,7,17.336953912774753,27.797603124913074,27.79760313617913,-0.3942980363230155,-0.19384908628881004,-0.193849084446099,-0.7560731474047983,-1.6849856660297216,-1.6849856679057478,0.0,0.0,-2.684662737079872,0
7.149999999999983,8,19.321797358006872,14.607351321881561,15.003363610399578,-2.664523840695523,-0.40648943293121376,0.003485392395844689,2.4728851859040715,0.36719062771286615,-0.0031464672284020503,0.0,0.0,-2.9902037701858863,0
7.199999999999982,0,3.0214908889716483,3.9220927871164286,8.613354066474939,-1.6796147212647978,-1.625088485014121,-0.9010144230331296,1.620741435121307,1.5590658255593355,1.0920214979815717,0.0,0.0,-2.3726925796265927,0
7.199999999999982,1,17.3162963503779,2.2141961231577416,2.2141961145763878,-0.432050467278427,0.2781098392792004,0.2781098373519195,-0.7550502571138051,1.6852149867753554,1.685214988534138,0.0,0.0,2.5696607250828385,0
7.199999999999982,2,4.49923675572201,19.225150221745615,5.412546369683176,-0.5792912914969415,-0.4643326905094197,-0.5232955779627235,1.7181570605521037,-0.8044987653119917,1.6281025925556523,0.0,0.0,-2.4659054584085403,0
7.199999999999982,3,3.052509832790603,3.933243161405818,21.604817392615768,-1.6700873108676677,-1.6179844701160033,0.9297302176047033,1.6135267976610232,1.5537182521858062,-1.1101760518289197,0.0,0.0,-2.3720391809217984,0
7.199999999999982,4,17.316298127506297,27.785804535260713,2.2141954806981476,-0.4320503970741125,-0.278109837820416,0.2781098400259154,-0.7550503949527487,-1.685214958029866,1.6852149555217266,0.0,0.0,-2.569660653517171,0
7.199999999999982,5,17.316295417499997,2.2141965639029806,27.785803453589484,-0.4320505200329046,0.27810983673349726,-0.2781098339498571,-0.7550501799338984,1.685215003468865,-1.685215006420611,0.0,0.0,2.569660784820157,0
7.199999999999982,6,4.493549449416375,24.57452064065475,19.013070288837906,-0.5763561847607928,0.5183043599067013,-0.444306242170743,1.7202060119017648,-1.627785628478689,-0.8007529109127638,0.0,0.0,2.409176664134672,0
7.199999999999982,7,17.316295198301855,27.78580415182836,27.785804163184196,-0.4320505425929372,-0.2781098370998083,-0.2781098353512884,-0.7550501253984333,-1.6852150162199653,-1.6852150181037886,0.0,0.0,-2.569660807985335,0
7.199999999999982,8,19.191662180714165,14.587486455883942,15.003533941518695,-2.5408832510128567,-0.3881052069735481,0.003327852368817792,2.4728117936533205,0.36768451915331246,-0.003150800540537944,0.0,0.0,-2.9900199676514156,0
7.249999999999982,0,2.9395363596762496,3.842787507209591,8.56966751080471,-1.598566450551146,-1.547122711259383,-0.8464478037760081,1.6209654142730345,1.559315475094757,1.0913323851424286,0.0,0.0,-2.372546758731578,0
7.249999999999982,1,17.293751295182563,2.2302084206107606,2.2302084119352514,-0.4697517405350895,0.3623820588415635,0.36238205700264037,-0.7540254651332495,1.6854443912472614,1.6854443930144167,0.0,0.0,2.4845148556011494,0
7.249999999999982,2,4.47242074528989,19.200931190686838,5.388417405434214,-0.49334912578788126,-0.5044285518416537,-0.4418629919957858,1.7188433141812038,-0.8019172266446803,1.6286517193387544,0.0,0.0,-2.3450908435911333,0
7.249999999999982,3,2.971022643373569,3.854286387948251,21.64991699568169,-1.589400265813669,-1.5402864681866866,0.8742539050321659,1.613740901079974,1.553960038586336,-1.1095262514507476,0.0,0.0,-2.371886081940214,0
7.249999999999982,4,17.29375307564838,27.769792237916608,2.2302077781493805,-0.46975167724267103,-0.3623820559438057,0.3623820580234007,-0.7540256033711702,-1.6854443624677942,1.6854443599497058,0.0,0.0,-2.4845147943068855,0
7.249999999999982,5,17.293750359763756,2.2302088612496234,27.769791156378318,-0.46975178941685924,0.3623820571322116,-0.3623820544967787,-0.7540253876790931,1.6854444079742872,-1.6854444109384317,0.0,0.0,2.4845149082077014,0
7.249999999999982,6,4.466882734188004,24.598400469174955,18.989857174521468,-0.49031242437408057,0.4368887809014246,-0.48421833048681084,1.720875207734244,-1.6283115801055343,-0.7982417663213572,0.0,0.0,2.4137490329168587,0
7.249999999999982,7,17.293750139505896,27.769791854447455,27.769791865888354,-0.46975180924533266,-0.3623820581363508,-0.3623820564824126,-0.7540253330479094,-1.6854444207308503,-1.6854444226224838,0.0,0.0,-2.484514927281636,0
7.249999999999982,8,19.067708949693476,14.56854136042601,15.003696390729774,-2.4172459898146967,-0.36969861134373894,0.00317011607429606,2.4727452239632033,0.3681319125961835,-0.0031547258904346394,0.0,0.0,-2.989826622745452,0
7.299999999999982,0,2.86163452175118,3.7673808256966943,8.528708430581593,-1.5175070664516268,-1.4691445492564839,-0.7919154051486214,1.621187681990384,1.559563240057985,1.0906479725477356,0.0,0.0,-2.372385963803202,0
7.299999999999982,1,17.269322460025926,2.2504346159747124,2.2504346072094767,-0.5074016657304501,0.4466657557165191,0.4466657539663732,-0.7529985039072122,1.6856739374991123,1.6856739392746567,0.0,0.0,2.419768679611684,0
7.299999999999982,2,4.4499026972654745,19.174710590374122,5.368360753559635,-0.40737279518874475,-0.5443954606669412,-0.3604030829873715,1.7195266119827302,-0.7993381765057493,1.6291981801682867,0.0,0.0,-2.2132105162886515,0
7.299999999999982,3,2.8935700718087554,3.779214814555929,21.692243589835208,-1.5087025967788832,-1.4625764675062085,0.8188098611086546,1.6139533806957183,1.5542000136095617,-1.108880878470226,0.0,0.0,-2.371717240977201,0
7.299999999999982,4,17.269324243483062,27.749566042733562,2.250433973433248,-0.5074016093699247,-0.4466657513780965,0.4466657533312887,-0.7529986425450735,-1.685673908685816,1.6856739061577604,0.0,0.0,-2.41976862933889,0
7.299999999999982,5,17.26932152226019,2.2504350565490587,27.749564961206932,-0.5074017107257666,0.44666575484519017,-0.4466657523585855,-0.7529984261781455,1.6856739542595713,-1.6856739572361366,0.0,0.0,2.4197687245602055,0
7.299999999999982,6,4.444519039924395,24.618208864481968,18.964651591582374,-0.4042353461702831,0.3554470313790219,-0.524004987077024,1.7215415640759493,-1.6288349904480537,-0.7957331318042646,0.0,0.0,2.420328405253756,0
7.299999999999982,7,17.269321301079316,27.749565659081863,27.749565670603083,-0.5074017278178862,-0.446665756487428,-0.4466657549284627,-0.7529983714510707,-1.6856739670215442,-1.6856739689210023,0.0,0.0,-2.4197687394435414,0
7.299999999999982,8,18.949937505579957,14.550517105939461,15.003850948641034,-2.2936117747259965,-0.3512715681182716,0.003012200376126452,2.4726843017740077,0.36854086450934653,-0.0031583139633921554,0.0,0.0,-2.9896213560703524,0
7.349999999999982,0,2.7877859288514473,3.6958733597731936,8.490475120278859,-1.4364366495376801,-1.3911540876835553,-0.7374170069607809,1.6214083382789344,1.5598092314585723,1.0899679637568083,0.0,0.0,-2.3722076602441655,0
7.349999999999982,1,17.243012415528128,2.2748752834026407,2.274875274552128,-0.5450001141815569,0.5309609414006127,0.5309609397396643,-0.7519689690221356,1.6859037136818702,1.685903715465822,0.0,0.0,2.3692417803905106,0
7.349999999999982,2,4.431684316547781,19.146494866603735,5.352377777159702,-0.3213624335190344,-0.5842334901485413,-0.2789159730099721,1.720207233394207,-0.7967605896320027,1.6297421995479873,0.0,0.0,-2.073684235100985,0
7.349999999999982,3,2.8201526473844494,3.708029039036022,21.731798783323274,-1.4279943801933526,-1.384854553290066,0.7633978784139193,1.614164331710613,1.5544382843228508,-1.1082396538947081,0.0,0.0,-2.371529990260266,0
7.349999999999982,4,17.243014201629492,27.725125375558612,2.2748746407026834,-0.5450000647729784,-0.5309609356198404,0.5309609374461303,-0.7519691080610731,-1.6859036848348778,1.6859036822968316,0.0,0.0,-2.3692417405188144,0
7.349999999999982,5,17.24301147561013,2.274875723954413,27.72512429392217,-0.5450001552766355,0.5309609413689748,-0.5309609390318208,-0.7519688910173794,1.6859037304756916,-1.6859037334647076,0.0,0.0,2.369241818109356,0
7.349999999999982,6,4.426460029309214,24.63394452095642,18.937459809722075,-0.3181250784369489,0.27397922759896454,-0.5636662873349275,1.7222053546666836,-1.6293560756011476,-0.7932260051580693,0.0,0.0,2.430614355722489,0
7.349999999999982,7,17.24301125364318,27.72512499157844,27.725125003175222,-0.5450001696275969,-0.5309609436495791,-0.5309609421859789,-0.7519688361942152,-1.6859037432430224,-1.6859037451503225,0.0,0.0,-2.3692418291240007,0
7.349999999999982,8,18.838347701971614,14.53341467466225,15.00399760663449,-2.1699803696078193,-0.33282568297013765,0.0028541193621134863,2.472628102363545,0.3689177029626784,-0.0031616202802593188,0.0,0.0,-2.989401391972226,0
7.399999999999982,0,2.717991130724966,3.6282657223355192,8.454965885018295,-1.3553552755215617,-1.31315140982342,-0.6829524034617533,1.6216274803223687,1.5600535572027039,1.0892920699805517,0.0,0.0,-2.372008708542751,0
7.399999999999982,1,17.214823739257056,2.303530997733721,2.303530988802401,-0.5825469366613243,0.6152676318425991,0.6152676302712698,-0.7509364495953481,1.686133808839728,1.6861338106321115,0.0,0.0,2.328884286462162,0
7.399999999999982,2,4.417767301689427,19.11629046279484,5.340469833507305,-0.23531816081510826,-0.6239426622073417,-0.19740177308592832,1.7208854540785223,-0.7941834411760085,1.6302839984808757,0.0,0.0,-1.931448049315778,0
7.399999999999982,3,2.750770895683102,3.6407296550650416,21.76858417436156,-1.3472756878605365,-1.3071208055491528,0.7080177631176122,1.614373846656319,1.5546749548182648,-1.1076023059261413,0.0,0.0,-2.3713210245003022,0
7.399999999999982,4,17.214825527654547,27.696469661552673,2.3035303547967536,-0.5825468942248121,-0.6152676246177983,0.615267626316685,-0.7509365890366748,-1.6861337799591583,1.6861337774110943,0.0,0.0,-2.3288842559557343,0
7.399999999999982,5,17.214822797382155,2.3035314383049452,27.696468579684748,-0.5825469738423357,0.6152676326523175,-0.6152676304652387,-0.7509363713140037,1.6861338256668559,-1.686133828668356,0.0,0.0,2.328884317669989,0
7.399999999999982,6,4.412707358949374,24.645606138525988,18.908288096124366,-0.23198173595663463,0.19248547518385745,-0.6032022565733881,1.7228668496062858,-1.6298750483021418,-0.7907193847692123,0.0,0.0,2.4489763599050955,0
7.399999999999982,7,17.214822574766306,27.69646927709791,27.69646928876548,-0.582546985447323,-0.6152676355715536,-0.6152676342037117,-0.7509363163945217,-1.6861338384394908,-1.6861338403546546,0.0,0.0,-2.3288843252469014,0
7.399999999999982,8,18.732939403349484,14.517234974860227,15.004136356741169,-2.046351575277425,-0.3143623091108002,0.0026958849050275516,2.4725758866078853,0.3692674771867483,-0.0031646891417186976,0.0,0.0,-2.989163407713423,0
7.4499999999999815,0,2.652250673452252,3.564558522247254,8.422179039857062,-1.2742630153869832,-1.235136593707199,-0.6285214029875928,1.6218452026915706,1.5602963223244215,1.0886200094832101,0.0,0.0,-2.371785172258993,0
7.4499999999999815,1,17.184759016764925,2.336402334717255,2.33640232570962,-0.6200419630239281,0.6995858474987765,0.6995858460174893,-0.7499005272520766,1.6863643131235475,1.686364314924389,0.0,0.0,2.295989820640834,0
7.4499999999999815,2,4.408153345581751,19.08410382255359,5.332638274596635,-0.1492400834919434,-0.6635229474425746,-0.11586058334083776,1.7215615464632974,-0.7916057047046565,1.6308237949018112,0.0,0.0,-1.7920353430428009,0
7.4499999999999815,3,2.6854253388095652,3.5773172524456274,21.80260135180569,-1.2665465870809307,-1.2293752992274158,0.6526693346476639,1.614582015592117,1.554910126434741,-1.1069685693989668,0.0,0.0,-2.371086198253562,0
7.4499999999999815,4,17.184760807109434,27.66359832496652,2.336401691464652,-0.6200419275796762,-0.6995858388282735,0.6995858403992545,-0.7499006670972841,-1.6863642842095048,1.6863642816513913,0.0,0.0,-2.295989798417656,0
7.4499999999999815,5,17.18475807312917,2.336402775350041,27.66359724274524,-0.6200419962769919,0.6995858491515146,-0.6995858471151369,-0.7499004486931229,1.6863643299839406,-1.686364332997964,0.0,0.0,2.2959898460891783,0
7.4499999999999815,6,4.4032626800464,24.653192422137245,18.877142717961135,-0.14580542016234715,0.11096586926639185,-0.6426128699558813,1.7235263158857492,-1.6303921183493117,-0.7882122676498639,0.0,0.0,2.4910541314091215,0
7.4499999999999815,7,17.184757850001844,27.66359793989088,27.66359795162444,-0.6200420051311764,-0.6995858527096449,-0.6995858514379556,-0.7499003936770672,-1.6863643427618256,-1.6863643446848777,0.0,0.0,-2.2959898506528558,0
7.4499999999999815,8,18.633712483404818,14.5019788522467,15.004267191540919,-1.9227252225092883,-0.2958825954302699,0.00253750708497246,2.4725270553627303,0.36959427361060615,-0.0031675564011018264,0.0,0.0,-2.9889033327041035,0
7.499999999999981,0,2.590565099679832,3.5047523645984007,8.392112909091447,-1.1931599355098135,-1.157109712246923,-0.574123827637018,1.622061597543393,1.5605376292055209,1.0879515070114971,0.0,0.0,-2.3715320479175426,0
7.499999999999981,1,17.15282084264495,2.3734898712397174,2.37348986216028,-0.6574850017751482,0.7839156133997222,0.7839156120089014,-0.7488607750244035,1.6865953180189135,1.6865953198282415,0.0,0.0,2.2687046839022176,0
7.499999999999981,2,4.402844136132498,19.04994139224376,5.3288844476847235,-0.06312829447818558,-0.7029742649506877,-0.03429249313563493,1.7222357802751564,-0.7890263501622631,1.6313618041040565,0.0,0.0,-1.6603578055463482,0
7.499999999999981,3,2.624116495613386,3.5177924173567185,21.83385189580652,-1.1858071407662567,-1.1516181043289437,0.5973524253854778,1.6147889262934791,1.5551438979694396,-1.1063381852437206,0.0,0.0,-2.370820240749556,0
7.499999999999981,4,17.152822634586357,27.626510788913766,2.373489227592744,-0.6574849733434347,-0.7839156032818478,0.7839156047244189,-0.748860915275168,-1.686595289071486,1.6865952865032883,0.0,0.0,-2.268704668965686,0
7.499999999999981,5,17.152819897445088,2.3734903119762576,27.62650970621706,-0.6574850310863266,0.7839156158971418,-0.7839156140120936,-0.748860696186695,1.686595334912544,-1.686595337939134,0.0,0.0,2.2687047042836332,0
7.499999999999981,6,4.398127639060674,24.656702081234297,18.84402994490404,-0.0595962192666753,0.029420494615662707,-0.6818980523278891,1.7241840179134371,-1.6309074930145828,-0.7857036474401559,0.0,0.0,2.6830268602701777,0
7.499999999999981,7,17.152819673943945,27.626510403070778,27.626510414865507,-0.6574850371848654,-0.7839156200944261,-0.7839156189192852,-0.7488606410737798,-1.686595347695623,-1.6865953496265922,0.0,0.0,-2.2687047062143444,0
7.499999999999981,8,18.540666823675174,14.487647099278497,15.00439010408085,-1.7991011666763665,-0.2773875232978636,0.0023789945122652412,2.4724811166584373,0.3699014426481257,-0.0031702514541443773,0.0,0.0,-2.9886160713116774,0
7.549999999999981,0,2.532934948847854,3.448847850958286,8.364765825576157,-1.112046097769309,-1.0790708333576629,-0.5197595129745989,1.6222767548100903,1.5607775777852013,1.0872862932483807,0.0,0.0,-2.3712428770581457,0
7.549999999999981,1,17.119011821610997,2.4147941855554436,2.414794176408737,-0.694875839583001,0.8682569592293177,0.8682569579293893,-0.7478167561570548,1.6868269165919114,1.6868269184097595,0.0,0.0,2.2457270459015968,0
7.549999999999981,2,4.401841356937429,19.013809623568996,5.329209695826894,0.023017126675415653,-0.7422964820399603,0.04730241882248165,1.7229084230720244,-0.7864443417854527,1.6318982391623313,0.0,0.0,-1.5397982626416091,0
7.549999999999981,3,2.5668448819056127,3.4621557325976204,21.862337378450828,-1.1050574075446653,-1.0738492860349786,0.542066880386789,1.6149946644318278,1.5553763658793023,-1.1057108999737784,0.0,0.0,-2.370516346109987,0
7.549999999999981,4,17.119013614798167,27.585206475140158,2.4147935414352557,-0.6948758181841967,-0.8682569476624065,0.8682569489760614,-0.74781689681524,-1.6868268876111723,1.6868268850328514,0.0,0.0,-2.245727037377378,0
7.549999999999981,5,17.119010875044474,2.414794626438013,27.585205391845758,-0.6948758649382925,0.86825696257308,-0.8682569608399923,-0.7478166770393173,1.686826933518765,-1.6868269365579724,0.0,0.0,2.2457270618238487,0
7.549999999999981,6,4.39730387836989,24.656133829243263,18.80895605164719,0.026645791635299565,-0.05215057425697739,-0.7210576779461029,1.724840218039497,-1.6314213774528017,-0.7831925123642746,0.0,0.0,-1.0984354165407382,0
7.549999999999981,7,17.119010651307413,27.585206088383174,27.585206100234235,-0.6948758682763267,-0.8682569674097753,-0.8682569663315802,-0.747816621829227,-1.686826946306984,-1.6868269482459006,0.0,0.0,-2.24572706144977,0
7.549999999999981,8,18.45380231241845,14.474240462819187,15.004505087808095,-1.6754792835926091,-0.2588779350745419,0.002220354577595715,2.472437661675149,0.37019176446643426,-0.0031727986933905187,0.0,0.0,-2.9882951079886726,0
7.599999999999981,0,2.479360757412364,3.396845579622603,8.340136130057788,-1.030921559650293,-1.0010200200696389,-0.465428307760152,1.62249076238032,1.5610162657604796,1.086624104288938,0.0,0.0,-2.370909175759334,0
7.599999999999981,1,17.083334569603345,2.460315857521605,2.460315848312185,-0.7322142407230883,0.952609919417137,0.9526099182085289,-0.7467680228017447,1.687059203756386,1.6870592055827922,0.0,0.0,2.226120795117542,0
7.599999999999981,2,4.4051466879471715,18.975714976172053,5.333615358407212,0.1091961137142547,-0.7814894138377517,0.12892408439022962,1.7235797407767808,-0.7838586359558266,1.6324333113549592,0.0,0.0,-1.4319669646100677,0
7.599999999999981,3,2.5136110106705623,3.410407777826464,21.888059364388674,-1.024297441857348,-0.9960689048112894,0.48681255712714794,1.615199313746345,1.5556076244737849,-1.1050864651928205,0.0,0.0,-2.3701655704450877,0
7.599999999999981,4,17.08333636368412,27.53968480378861,2.460315212849251,-0.7322142263776671,-0.9526099063995263,0.9526099075837567,-0.7467681638694075,-1.6870591747423949,1.6870591721539063,0.0,0.0,-2.226120792253936,0
7.599999999999981,5,17.083333621868306,2.460316298592563,27.539683719774047,-0.7322142621084211,0.9526099236089033,-0.9526099220284094,-0.7467679434025741,1.6870592207164647,-1.6870592237683433,0.0,0.0,2.2261208071032503,0
7.599999999999981,6,4.400793036923007,24.651486383061524,18.771927320445975,0.11292055048938687,-0.13374727301248207,-0.7600915701024393,1.725495177081746,-1.6319339751100939,-0.7806778431267286,0.0,0.0,-0.8696306463508134,0
7.599999999999981,7,17.083333398033478,27.539684415970797,27.539684427873336,-0.7322142626810748,-0.9526099290852637,-0.9526099281044135,-0.7467678880949615,-1.687059233509767,-1.6870592354566651,0.0,0.0,-2.2261208047034544,0
7.599999999999981,8,18.373118843672387,14.461759650530704,15.004612136513739,-1.5518594662498875,-0.2403545564648118,0.0020615936481362725,2.472396346854434,0.3704675721946017,-0.003175218589188853,0.0,0.0,-2.987931927780418,0
7.649999999999981,0,2.4298430590626903,3.348746145855094,8.3182221705212,-0.9497863743366637,-0.9229573306307224,-0.41113007370335863,1.622703706272586,1.5612537887783295,1.085964681135867,0.0,0.0,-2.3705195729207427,0
7.649999999999981,1,17.04579171492397,2.5100554688381704,2.510055459570614,-0.769499946451977,1.0369745332455005,1.0369745321286425,-0.745714114577774,1.6872922765672684,1.6872922784022721,0.0,0.0,2.209198070788986,0
7.649999999999981,2,4.412761806130654,18.93566392025645,5.342102771664959,0.19540861362504708,-0.8205528227864964,0.21057244591962443,1.7242499982158472,-0.7812681789748948,1.6329672305878962,0.0,0.0,-1.3370082896578097,0
7.649999999999981,3,2.4644153922729557,3.362549129793524,21.91101941144863,-0.9435272940469152,-0.9182770165063052,0.43158932527111027,1.615402956208658,1.5558377660996827,-1.1044646371207534,0.0,0.0,-2.3697559205919734,0
7.649999999999981,4,17.045793509545163,27.489945193159237,2.5100548235345905,-0.7694999391805256,-1.0369745187755297,1.036974519829825,-0.74571425605717,-1.6872922475200687,1.6872922449213643,0.0,0.0,-2.209198072944577,0
7.649999999999981,5,17.045790766219266,2.5100559101399584,27.489944108301845,-0.7694999638532026,1.0369745382869326,-1.0369745368596692,-0.7457140348956299,1.6872922935605874,-1.687292296625197,0.0,0.0,2.2091980792841595,0
7.649999999999981,6,4.408596750891047,24.642758462550734,18.732950043677434,0.19922800823221432,-0.2153695474191828,-0.7989995006391217,1.726149154856549,-1.6324454881340147,-0.7781586107336474,0.0,0.0,-0.8243115402317316,0
7.649999999999981,7,17.045790542425063,27.489944804133582,27.489944816082726,-0.7694999616555808,-1.0369745444032095,-1.0369745435201052,-0.7457139794901182,-1.6872923063589154,-1.6872923083138334,0.0,0.0,-2.209198075094908,0
7.649999999999981,8,18.29861631646036,14.450205336263602,15.004711244285515,-1.428241622231072,-0.22181801421925412,0.001902717222859165,2.4723568803763056,0.3707308449111532,-0.0031775285055421487,0.0,0.0,-2.987515139394423,0
7.699999999999981,0,2.3843823849343595,3.3045501421243335,8.299022301547547,-0.8686405907965667,-0.8448828185997007,-0.35686468524274234,1.6229156708019385,1.5614902406204334,1.0853077692123256,0.0,0.0,-2.3700584677065337,0
7.699999999999981,1,17.006385899405156,2.564013603293627,2.5640135939725326,-0.8067326743005444,1.1213508449727811,1.1213508439481057,-0.7446545569713486,1.687526234545615,1.6875262363892607,0.0,0.0,2.1944434341352275,0
7.699999999999981,2,4.42468838613649,18.893662939236194,5.354673269218219,0.2816545866083777,-0.8594864180236896,0.2922474562108084,1.7249194596666126,-0.7786719047438638,1.6335002058236796,0.0,0.0,-1.2541233791646793,0
7.699999999999981,3,2.4192585346608366,3.3185803625698576,21.93121907124202,-0.8627470104378571,-0.8404736724403595,0.3763970664643155,1.6156056721811614,1.5560668813189142,-1.1038451761358956,0.0,0.0,-2.3692709333543536,0
7.699999999999981,4,17.006387694212556,27.43598705946363,2.564012957279652,-0.8067326741237725,-1.1213508290487915,1.1213508299726382,-0.7446546988649374,-1.6875262054652354,1.6875262028562619,0.0,0.0,-2.1944434407634,0
7.699999999999981,5,17.00638494993035,2.5640140448687703,27.43598597364055,-0.8067326877034302,1.121350850865543,-1.1213508495921498,-0.7446544770045516,1.6875262515722045,-1.6875262546496113,0.0,0.0,2.194443439519993,0
7.699999999999981,6,4.420716654316057,24.62994879003254,18.6920305264277,0.2855681287681412,-0.29701735330860357,-0.8377811893502273,1.7268024107185371,-1.6329561177884153,-0.7756337742221104,0.0,0.0,-0.8050480710376218,0
7.699999999999981,7,17.006384726315407,27.43598666908295,27.4359866810738,-0.8067326827306173,-1.1213508576219844,-1.1213508568370292,-0.7446544215007298,-1.687526264375499,-1.6875262663384785,0.0,0.0,-2.194443433741433,0
7.699999999999981,8,18.230294634113548,14.439578164651172,15.004802405467501,-1.3046256716415132,-0.20326885027796723,0.0017437300566275796,2.4723190117911757,0.3709832788257378,-0.0031797433246317126,0.0,0.0,-2.9870291028948484,0
7.7499999999999805,0,2.342979263817957,3.2642581583360752,8.282534883682771,-0.7874842538595318,-0.7667965329306297,-0.3026320293482475,1.6231267387406993,1.561725713381421,1.0846531178898966,0.0,0.0,-2.3695038610304824,0
7.7499999999999805,1,16.965119779615705,2.622190847017319,2.6221908376473064,-0.8439121172775094,1.2057389039749027,1.205738903042844,-0.7435888595392982,1.687761180042431,1.6877611818947682,0.0,0.0,2.1814637791729785,0
7.7499999999999805,2,4.440928100953681,18.849718532419597,5.371328182585658,0.36793400607928006,-0.8982898546401143,0.37394907848674114,1.7255883894180464,-0.7760687323284949,1.6340324455186552,0.0,0.0,-1.1820468408792293,0
7.7499999999999805,3,2.378140943564656,3.2785020477716897,21.94865988975732,-0.7819566334093709,-0.7626589194863554,0.321235674147747,1.6158075405697225,1.5562950590800815,-1.1032278463313687,0.0,0.0,-2.368687378749904,0
7.7499999999999805,4,16.965121574254056,27.37780981657253,2.6221902002136708,-0.8439121242162602,-1.2057388865952356,1.2057388873881176,-0.7435890018497536,-1.6877611509288855,1.687761148309586,0.0,0.0,-2.1814637898070033,0
7.7499999999999805,5,16.96511882957107,2.622191288908425,27.3778087296607,-0.8439121266677314,1.20573891072066,-1.2057389096017803,-0.743588779286024,1.6877611971023374,-1.6877612001926123,0.0,0.0,2.181463781771938,0
7.7499999999999805,6,4.4371543797596065,24.613056089786014,18.64917508911234,0.37194088897381383,-0.3786906565524166,-0.8764363032641395,1.7274552041134528,-1.6334660648762611,-0.7731022782782438,0.0,0.0,-0.7943900392425198,0
7.7499999999999805,7,16.965118606274274,27.377809424689463,27.377809436717097,-0.8439121189147897,-1.2057389181175113,-1.2057389174311104,-0.7435887236834487,-1.687761209910539,-1.6877612118816254,0.0,0.0,-2.1814637745741723,0
7.7499999999999805,8,18.16815370368643,14.429878755065399,15.004885614625419,-1.181011545443299,-0.18470753315293936,0.0015846362600617427,2.472282523964285,0.37122634250055747,-0.003181875931316737,0.0,0.0,-2.986451698755599,0
7.79999999999998,0,2.305634222364323,3.2278707820615957,8.268758282815396,-0.7063174042858336,-0.6886985180485596,-0.24843200534677123,1.6233369914739648,1.5619602976414013,1.0840004800295258,0.0,0.0,-2.368823700530153,0
7.79999999999998,1,16.92199602810949,2.684587788739377,2.684587779325088,-0.8810379429712065,1.2901387649074116,1.290138764068407,-0.7425165138739431,1.6879972186501802,1.6879972205112612,0.0,0.0,2.1699545059683545,0
7.79999999999998,2,4.461482622573082,18.80383721773336,5.392068841707585,0.45424685869675036,-0.9369627328094304,0.4556772863903535,1.726257052349406,-0.7734575633863225,1.6345641580722468,0.0,0.0,-1.119376161742281,0
7.79999999999998,3,2.3410631226929017,3.242314754780978,21.96334340794585,-0.7011562014607974,-0.6848328001421254,0.2661050533935635,1.6160086389714703,1.5565223868846005,-1.1026124150836698,0.0,0.0,-2.367971384982565,0
7.79999999999998,4,16.921997822222487,27.31541287575589,2.6845871410666686,-0.881037957046468,-1.2901387460704088,1.2901387467318064,-0.7425166566041574,-1.6879971895034651,1.6879971868737773,0.0,0.0,-2.1699545202082677,0
7.79999999999998,5,16.92199507769602,2.6845882309891373,27.31541178763205,-0.8810379483343423,1.290138772507833,-1.2901387715441146,-0.7425164333322186,1.6879972357434623,-1.6879972388466844,0.0,0.0,2.1699545060596934,0
7.79999999999998,6,4.457911558952233,24.592079087545674,18.604390070135732,0.45834627873126044,-0.4603894330611188,-0.9149644558002379,1.7281077951489325,-1.6339755301740435,-0.7705630507219686,0.0,0.0,-0.7876220357640265,0
7.79999999999998,7,16.921994854856496,27.315412482222893,27.31541249428237,-0.8810379377963102,-1.2901387805453368,-1.290138779957898,-0.742516377630412,-1.6879972485565111,-1.6879972505357528,0.0,0.0,-2.169954497587948,0
7.79999999999998,8,18.112193435447686,14.421107705058054,15.00496086651643,-1.0573991841064767,-0.1661344671408789,0.00142543938036983,2.4722472267364477,0.37146132024120926,-0.003183937593838254,0.0,0.0,-2.985750535839718,0
7.84999999999998,0,2.2723477852864695,3.1953885987624595,8.257690869562476,-0.6251400788283037,-0.61058881391688,-0.19426452477010286,1.623546509150597,1.5621940826335932,1.0833496115333674,0.0,0.0,-2.3679693968788356,0
7.84999999999998,1,16.877017334721838,2.751205020059339,2.7512050106054375,-0.9181097925349052,1.3745504878910781,1.3745504871455676,-0.7414369912739747,1.6882344596733296,1.6882344615432112,0.0,0.0,2.1596761977260273,0
7.84999999999998,2,4.486353622651086,18.756025534493602,5.416896575467468,0.5405931444233829,-0.9755045967809237,0.5374320640049837,1.726925714532652,-0.7708372794298668,1.6350955522926025,0.0,0.0,-1.064758973893418,0
7.84999999999998,3,2.3080255739246347,3.2100190509625572,21.975271162299737,-0.6203457492698804,-0.6069953525947172,0.21100512076198952,1.6162090438183396,1.556748950948165,-1.1019986526314793,0.0,0.0,-2.3670715561954894,0
7.84999999999998,4,16.877019127952128,27.24879564541425,2.7512043714380754,-0.9181098137678215,-1.3745504675950801,1.3745504681244707,-0.7414371344270707,-1.6882344304934283,1.6882344278532837,0.0,0.0,-2.159676215227551,0
7.84999999999998,5,16.87701638414125,2.751205462710529,27.248794555954948,-0.9181097938564259,1.3745504963478363,-1.3745504955399306,-0.7414369104416701,1.6882344768000652,-1.6882344799163185,0.0,0.0,2.159676195549215,0
7.84999999999998,6,4.482989823445282,24.567016509999014,18.55768182859593,0.544784300990698,-0.5421136688052155,-0.9533652057918759,1.7287604451887504,-1.6344847148819353,-0.7680149998327592,0.0,0.0,-0.7829410543723601,0
7.84999999999998,7,16.877016161898382,27.248795250083603,27.24879526216997,-0.9181097805283162,-1.3745505050262317,-1.3745505045381654,-0.7414368546401174,-1.688234489617898,-1.6882344916053469,0.0,0.0,-2.1596761859281126,0
7.84999999999998,8,18.062413742432202,14.413265593384285,15.005028156062615,-0.9337885365128513,-0.14754999980985345,0.0012661424670339756,2.4722129518725082,0.371689346620509,-0.0031859382667170874,0.0,0.0,-2.98487615307196,0
7.89999999999998,0,2.2431204755585923,3.1668121920121255,8.249331018662602,-0.5439523102867836,-0.5324674560964889,-0.14012951122482903,1.6237553708304018,1.5624271564078218,1.0827002709054765,0.0,0.0,-2.3668635793098565,0
7.89999999999998,1,16.83018640792003,2.822043135724734,2.822043126235905,-0.9551272795374188,1.4589741387247093,1.4589741380731358,-0.7403497400502723,1.6884730166726205,1.688473018551364,0.0,0.0,2.1504382281995342,0
7.89999999999998,2,4.515542773177086,18.70629004623094,5.445812712215072,0.6269728766166377,-1.013914933725669,0.6192134058991634,1.7275946438650962,-0.7682067388949033,1.635626837883595,0.0,0.0,-1.0169800779731002,0
7.89999999999998,3,2.279028797499287,3.181615501878269,21.98444468542326,-0.5395253077440281,-0.529146610776803,0.15593580417885022,1.6164088305170476,1.556974836358283,-1.101386331662786,0.0,0.0,-2.3659059558955176,0
7.89999999999998,4,16.830188199909202,27.177957530800175,2.82204248607531,-0.955127307949302,-1.458974116968055,1.458974117364912,-0.7403498836296106,-1.6884729874594981,1.6884729848088242,0.0,0.0,-2.150438248664895,0
7.89999999999998,5,16.83018545737477,2.822043578820212,27.17795643988175,-0.9551272768026806,1.4589741480394816,-1.4589741473880444,-0.7403496589250944,1.6884730338329021,-1.688473036962276,0.0,0.0,2.150438223961704,0
7.89999999999998,6,4.512390805266663,24.537867084282386,18.509056747041978,0.6312549718645445,-0.62386335985994,-0.991638056366193,1.7294134174769304,-1.6349938210944903,-0.7654570114863413,0.0,0.0,-0.7795090560785303,0
7.89999999999998,7,16.830185235868186,27.17795713352397,27.17795714563225,-0.9551272606794784,-1.4589741573590045,-1.458974156970724,-0.7403496030232453,-1.688473046655454,-1.688473048651169,0.0,0.0,-2.1504382132987603,0
7.89999999999998,8,18.01881454004279,14.40635298268666,15.005087478327424,-0.8101795590636085,-0.12895442809515775,0.0011067481252939441,2.4721795489848573,0.3719114342939139,-0.003187886834800629,0.0,0.0,-2.9837490082189957,0
7.94999999999998,0,2.2179528146125382,3.142142143714789,8.243677108374886,-0.46275412755537443,-0.4543344757969567,-0.08602690028386248,1.6239636546281833,1.562659605990645,1.082052218819331,0.0,0.0,-2.365375081011066,0
7.94999999999998,1,16.781505976215193,2.8971027339210975,2.8971027244020493,-0.9920899886561131,1.54340978912982,1.54340978857263,-0.7392541823738857,1.6887130081022126,1.688713009989884,0.0,0.0,2.142087034444874,0
7.94999999999998,2,4.5490517471463425,18.654637343577186,5.478818580292479,0.7133860821536366,-1.0521931724245241,0.701021317197117,1.7282641107399783,-0.7655647739771022,1.6361582259590728,0.0,0.0,-0.974989134425427,0
7.94999999999998,3,2.254073292204068,3.1571046714984647,21.990865506598567,-0.458694904064721,-0.45128660441537194,0.10089704283342951,1.616608073586141,1.5572001272286218,-1.1007752269084141,0.0,0.0,-2.3643354643954084,0
7.94999999999998,4,16.78150776660376,27.1028979337282,2.8971020831637984,-0.992090024268456,-1.5434097659108459,1.5434097661746389,-0.7392543263830818,-1.6887129788558175,1.688712976194536,0.0,0.0,-2.142087057615253,0
7.94999999999998,5,16.781505025908448,2.8971031775038063,27.1028968412268,-0.9920899818503492,1.543409799304289,-1.5434097988099815,-0.7392541009533717,1.6887130252961489,-1.6887130284387428,0.0,0.0,2.1420870283260713,0
7.94999999999998,6,4.54611613758214,24.504629537474017,18.458521234291084,0.7177583207545082,-0.7056385124748177,-1.0297824536695281,1.730066977799274,-1.6355030522975522,-0.7628879460667051,0.0,0.0,-0.7768836612479988,0
7.94999999999998,7,16.781504805278026,27.102897534358366,27.102897546483554,-0.9920899629270101,-1.5434098092651722,-1.5434098089770938,-0.7392540449506351,-1.6887130381233542,-1.6887130401273973,0.0,0.0,-2.142087016714538,0
7.94999999999998,8,17.98139574569236,14.400370421902778,15.005138828494548,-0.6865722149535805,-0.11034800326007561,0.0009472585596714153,2.472146882200562,0.3721284967016428,-0.0031897913124505762,0.0,0.0,-2.9822324366743134,0
7.99999999999998,0,2.1968453225320883,3.12137903432187,8.240727519882805,-0.3815455556626071,-0.37618989991981355,-0.03195663939935535,1.6241714378553465,1.5628915175428626,1.0814052176901425,0.0,0.0,-2.363262348140831,0
7.99999999999998,1,16.730978789644208,2.97638441657517,2.976384407030633,-1.02899747418329,1.6278575170330747,1.627857516570718,-0.7381497105435363,1.688954558065094,1.6889545599617644,0.0,0.0,2.1344975896315557,0
7.99999999999998,2,4.586882219239979,18.601074047221967,5.515915508564324,0.7998328015918433,-1.0903386817841785,0.7828558136766854,1.7289343887641335,-0.7629101871930857,1.6366899295913695,0.0,0.0,-0.9378977486953168,0
7.99999999999998,3,2.2331595555593204,3.1364871224112596,21.994535152346813,-0.3778545617251827,-0.37341535907282747,0.0458887870964268,1.6168068467907664,1.5574249068508896,-1.1001651147400542,0.0,0.0,-2.3621033531255247,0
7.99999999999998,4,16.730980578071602,27.023616252271676,2.976383764630172,-1.0289975170177794,-1.6278574923501137,1.6278574924803082,-0.738149854986466,-1.6889545287853578,1.6889545261133851,0.0,0.0,-2.1344976152808983,0
7.99999999999998,5,16.7309778397799,2.9763848606881367,27.02361515806324,-1.0289974632916015,1.6278575280689296,-1.627857527732418,-0.7381496288250422,1.688954575292812,-1.688954578448731,0.0,0.0,2.1344975817890384,0
7.99999999999998,6,4.584167455363855,24.467302596082902,18.40608172831372,0.8042943905140728,-0.7874391431697217,-1.067797785425067,1.7307213951912923,-1.6360126138980813,-0.7603066351107791,0.0,0.0,-0.7748093198341753,0
7.99999999999998,7,16.730977620165774,27.02361585065995,27.02361586279703,-1.0289974415630494,-1.6278575386714025,-1.6278575384839458,-0.7381495727207861,-1.688954588124603,-1.6889545901370384,0.0,0.0,-2.1344975693102164,0
7.99999999999998,8,17.95015727847893,14.395318448448341,15.00518220184877,-0.5629664735836644,-0.09173093491741341,0.0007876756092540371,2.4721148273983213,0.37234136685324415,-0.0031916590083475626,0.0,0.0,-2.980070060904241,0
8.04999999999998,0,2.1797985182454074,3.1045234430465234,8.2404806367019,-0.30032661580461995,-0.2980337510940549,0.022081312163139355,1.6243787971597436,1.563122976515173,1.080759031249894,0.0,0.0,-2.360026384173023,0
8.04999999999998,1,16.67860762133191,3.0598887896733493,3.059888780108077,-1.0658492583087003,1.7123174068941154,1.7123174065270461,-0.7370356825082052,1.6891977972208139,1.6891977991265603,0.0,0.0,2.1275671093783832,0
8.04999999999998,2,4.6290358665139895,18.545606810948243,5.557104826953661,0.8863130893685363,-1.1283507691648138,0.8647169218968123,1.7296057555338589,-0.7602417476127065,1.6372221644025367,0.0,0.0,-0.9049631248566875,0
8.04999999999998,3,2.2162880840021564,3.1197634160299246,21.99545514698567,-0.29700430056139193,-0.2955328961805782,-0.009089001542115553,1.617005223275816,1.5576492578449854,-1.099555772770847,0.0,0.0,-2.3586777121140816,0
8.04999999999998,4,16.678609407436475,26.940111880444285,3.0598881364607187,-1.0658493083872307,-1.712317380745496,1.712317380741553,-0.7370358273890264,-1.6891977679076509,1.689197765224896,0.0,0.0,-2.127567137308323,0
8.04999999999998,5,16.67860667211471,3.059889234359686,26.940110784404556,-1.0658492433160465,1.7123174187930525,-1.712317418615009,-0.7370356004888979,1.689197814482459,-1.6891978176518152,0.0,0.0,2.127567099950154,0
8.04999999999998,6,4.626546396067938,24.42588498553217,18.35174469919542,0.890863237649243,-0.8692652788594741,-1.1056833793067757,1.731376942703404,-1.6365227137950489,-0.7577118776341712,0.0,0.0,-0.7731281077236452,0
8.04999999999998,7,16.67860645365727,26.940111476442233,26.940111488586158,-1.0658492187771718,-1.7123174300373407,-1.7123174299509292,-0.7370355442824472,-1.689197827318765,-1.6891978293396657,0.0,0.0,-2.1275670866752794,0
8.04999999999998,8,17.9250990588871,14.39119759021885,15.005217593758402,-0.4393623100895261,-0.07310339426219054,0.0006280007760581726,2.472083269882765,0.37255081310445737,-0.003193496663917292,0.0,0.0,-2.976717829468151,0
8.09999999999998,0,2.166812919716007,3.0915759480765743,8.242934844090211,-0.21909732537139737,-0.21986604770391743,0.07608698336928835,1.6245858086644513,1.563354067802749,1.0801134241229797,0.0,0.0,-2.3544432699451927,0
8.09999999999998,1,16.624395269145946,3.1476164635979202,3.147616454016688,-1.1026448291297584,1.796789550088712,1.796789549817388,-0.7359114164211623,1.6894428638919345,1.6894428658068366,0.0,0.0,2.121210342330611,0
8.09999999999998,2,4.67551436909927,18.48824232475663,5.602387866985012,0.9728270140426617,-1.1662286784996878,0.946604679357246,1.7302784934825093,-0.7575581866974778,1.6377551492086746,0.0,0.0,-0.8755674981564574,0
8.09999999999998,3,2.2034593730687093,3.106934112798781,21.99362701318424,-0.21614413677648686,-0.21763923306517002,-0.06403635051494247,1.6172032756981016,1.5578732623081637,-1.0989469794565383,0.0,0.0,-2.352747861131817,0
8.09999999999998,4,16.624397052564934,26.852384207863825,3.1476158090376107,-1.1026448864744471,-1.7967895224727581,1.7967895223341332,-0.7359115617443306,-1.6894428345452388,1.6894428318516046,0.0,0.0,-2.121210372366292,0
8.09999999999998,5,16.624394320781285,3.1476169089008232,26.85238310986834,-1.1026448100209467,1.796789562852436,-1.7967895628335382,-0.7359113340980059,1.68944288118767,-1.6894428843705835,0.0,0.0,2.1212103314383213,0
8.09999999999998,6,4.673254600323196,24.380375429635446,18.29551665218499,0.9774649325610772,-0.9511169570095397,-1.1434385011105213,1.7320338982366847,-1.637033563001311,-0.7551024360749113,0.0,0.0,-0.7717371741333625,0
8.09999999999998,7,16.624394103621174,26.85238380132283,26.852383813468542,-1.1026447826666037,-1.7967895747387617,-1.7967895747538223,-0.7359112777886392,-1.6894428940284194,-1.6894428960578602,0.0,0.0,-2.121210317430109,0
8.09999999999998,8,17.906221008510617,14.388008367446528,15.005244999658991,-0.31575970496985595,-0.05446551663069028,0.0004682352474811804,2.4720521023934023,0.37275755263000504,-0.0031953105715398426,0.0,0.0,-2.9707830513274573,0
8.14999999999998,0,2.15788904413257,3.082537126786253,8.248088528460425,-0.1378576979660877,-0.14168680390894087,0.1300603914393008,1.6247925481061927,1.5635848758995312,1.0794681614002486,0.0,0.0,-2.342497685339185,0
8.14999999999998,1,16.568344557459564,3.2395680534841476,3.2395680438917545,-1.1393836383255707,1.881274045360382,1.8812740451852652,-0.7347761839162461,1.6896899054333985,1.6896899073575453,0.0,0.0,2.1153560013133497,0
8.14999999999998,2,4.726319410914924,18.428987318089565,5.651765962336287,1.0593746585834936,-1.2039715881829243,1.0285191346937548,1.7309528908166347,-0.7548581936647298,1.6382891067301757,0.0,0.0,-0.8491978085853914,0
8.14999999999998,3,2.1946739175753325,3.0979997723979773,21.98905227251638,-0.13527408295857424,-0.13973438296697083,-0.11895327619969863,1.6174010763582523,1.558097001963984,-1.0983385136951231,0.0,0.0,-2.3399771386166717,0
8.14999999999998,4,16.5683463378291,26.760432619395118,3.239567397496003,-1.139383702958774,-1.8812740162754105,1.8812740160015546,-0.7347763296865345,-1.6896898760530448,1.689689873348429,0.0,0.0,-2.1153560332999786,0
8.14999999999998,5,16.56834361015363,3.2395684994468996,26.760431519319216,-1.139383615085246,1.8812740589906065,-1.8812740591315387,-0.7347761012859887,1.6896899227634092,-1.6896899259600104,0.0,0.0,2.115355989064697,0
8.14999999999998,6,4.724293712633081,24.330772650064556,18.23740413083974,1.0640995598343557,-1.0329942258259772,-1.1810623526993862,1.7326925454655697,-1.6375453763287515,-0.7524770317772973,0.0,0.0,-0.7705666601977923,0
8.14999999999998,7,16.568343394431754,26.760432210166382,26.760432222308793,-1.1393835849102505,-1.881274071519188,-1.8812740716361518,-0.7347760448729344,-1.6896899356085273,-1.6896899376465901,0.0,0.0,-2.115355974378608,0
8.14999999999998,8,17.89352304979133,14.385751294443926,15.005264415038019,-0.19215864380150036,-0.03581740347335832,0.00030837991361106864,2.4720212233671117,0.3729622631466393,-0.003197106677402235,0.0,0.0,-2.9573124234781436,0
8.199999999999982,0,2.153027408097983,3.077407555947122,8.255940076792651,-0.05660774341737963,-0.06349602965628734,0.18400154184975692,1.6249990909741614,1.5638154850530706,1.0788230082091226,0.0,0.0,-2.298904462659756,0
8.199999999999982,1,16.510458339041197,3.3357441796021106,3.335744170003379,-1.1760650984091492,1.965770999358143,1.9657709992797003,-0.7336292016715709,1.68993907995522,1.6899390818887048,0.0,0.0,2.109944027042397,0
8.199999999999982,2,4.781452680397301,18.367848563167573,5.7052404494014555,1.1459561207115765,-1.2415786086967762,1.110460347912953,1.731629242561659,-0.7521404102770356,1.63882426438396,0.0,0.0,-0.8254274906700899,0
8.199999999999982,3,2.18993221179907,3.092960953947519,21.981732446013368,-0.0543941480919226,-0.06181835505137831,-0.17383978392083896,1.6175986973330327,1.5583205583118502,-1.0977301544228064,0.0,0.0,-2.292396435971716,0
8.199999999999982,4,16.510460115996295,26.66425649476817,3.3357435221058624,-1.1760651703534786,-1.9657709688024636,1.9657709683928224,-0.7336293478940935,-1.6899390505410627,1.6899390478253526,0.0,0.0,-2.109944060842385,0
8.199999999999982,5,16.510457393000955,3.3357446262680797,26.664255392486975,-1.1760650710217824,1.965771013856592,-1.9657710141580456,-0.7336291187307263,1.6899390973197117,-1.6899391005301392,0.0,0.0,2.1099440135331125,0
8.199999999999982,6,4.779665382093384,24.27707536580682,18.17741372027987,1.1507672185777593,-1.1148971444835813,-1.2185540696953152,1.733353174868071,-1.6380583731520808,-0.7498343399185821,0.0,0.0,-0.7695674524829723,0
8.199999999999982,7,16.510457178858474,26.66425608270271,26.664256094836716,-1.1760650380209086,-1.965771027027644,-1.9657710272469464,-0.7336290622131603,-1.6899391101691204,-1.6899391122158929,0.0,0.0,-2.1099439982184025,0
8.199999999999982,8,17.88700510577049,14.384426881261925,15.005275835420358,-0.06855911703206899,-0.017159123806712143,0.00014843537996508214,2.471990535388627,0.3731655933329236,-0.0031988906729197297,0.0,0.0,-2.9573124234781436,0
8.249999999999982,0,2.1522285278179267,3.076187811938584,8.266487876046737,0.02465253221512169,0.01470626931475294,0.23791042831362247,1.6252055126500262,1.5640459794208055,1.078177729277311,0.0,0.0,0.53787292714824,0
8.249999999999982,1,16.45073949709494,3.436145467768178,3.436145458167953,-1.2126885794410163,2.0502805272845515,2.050280527303255,-0.7324696206373418,1.6901905585281747,1.6901905604710983,0.0,0.0,2.1049234673576973,0
8.249999999999982,2,4.840915871247559,18.30483287845157,5.762812667866076,1.2325715132987636,-1.2790487799432755,1.1924283906718567,1.7323078517437422,-0.7494034249299862,1.6393608551780738,0.0,0.0,-0.8039009453554536,0
8.249999999999982,3,2.189234749657735,3.0918182162109225,21.971669054717072,0.026495662438519835,0.016108845587521334,-0.22869586793103608,1.6177962106088486,1.5585440127779928,-1.097121680203942,0.0,0.0,0.5462668466144239,0
8.249999999999982,4,16.450741270269475,26.563855208166697,3.4361448086834447,-1.2126886587193577,-2.050280495256466,2.0502804947104787,-0.732469767317585,-1.6901905290800445,1.6901905263531214,0.0,0.0,-2.1049235028482802,0
8.249999999999982,5,16.450738552528136,3.4361459151808185,26.563854103555133,-1.212688547890891,2.0502805426529607,-2.0502805431156346,-0.7324695373821739,1.6901905759273763,-1.6901905791517793,0.0,0.0,2.1049234526732015,0
8.249999999999982,6,4.839371263128384,24.2192822926098,18.11555205056541,1.237468022822235,-1.1968257833971203,-1.2559127188831014,1.7340160848895134,-1.6385727782707773,-0.7471729837557229,0.0,0.0,-0.7687040142934838,0
8.249999999999982,7,16.45073834010648,26.563854793115354,26.563854805235824,-1.212688512058869,-2.050280556466694,-2.050280556788775,-0.732469480759212,-1.6901905887809958,-1.690190590836572,0.0,0.0,-2.1049234367737903,0
8.249999999999982,8,17.88666709984861,14.384035635286983,15.005279256354259,0.055038880156658324,0.0015092848090481822,-1.1598023933242005e-05,2.471959943774546,0.37336817231520647,-0.0032006680779664825,0.0,0.0,-2.9573124234781436,0
8.299999999999983,0,2.15549291928937,3.078878470958357,8.279730312573028,0.10592312664262016,0.09292009147618907,0.29178703273799483,1.6254118885499693,1.5642764432287226,1.0775320884874469,0.0,0.0,0.7200977334793831,0
8.299999999999983,1,16.38919094748287,3.540772549792484,3.5407725401956345,-1.249253405041788,2.1348027536876772,2.134802753804004,-0.7312965120154337,1.6904445280625113,1.6904445300149826,0.0,0.0,2.1002508169263936,0
8.299999999999983,2,4.904710683200925,18.239947132247064,5.824483961298087,1.3192209648358617,-1.3163810682370838,1.2744233466085975,1.7329890307419606,-0.7466457658761672,1.6398991187348175,0.0,0.0,-0.7843206503799028,0
8.299999999999983,3,2.192582024889932,3.0945721177988843,21.958863620234503,0.10739534684938154,0.0940472179309618,-0.2835215113716581,1.617993688217234,1.558767446868809,-1.09651286881244,0.0,0.0,0.7192321862203997,0
8.299999999999983,4,16.38919271650956,26.459228127780648,3.5407718890387714,-1.2492534916773221,-2.1348027201854767,2.1348027195025763,-0.7312966591592902,-1.6904444985802152,1.6904444958419504,0.0,0.0,-2.1002508539976406,0
8.299999999999983,5,16.389190004598042,3.540772997995337,26.459227020713435,-1.2492533693129875,2.1348027699277945,-2.1348027705523953,-0.7312964284419285,1.6904445454966777,-1.6904445487352167,0.0,0.0,2.1002508011431806,0
8.299999999999983,6,4.903413016248587,24.157392142411325,18.05182580021121,1.3242021019858918,-1.2787802245418283,-1.29313729528487,1.7346815832731368,-1.6390888228941587,-0.7444915280353726,0.0,0.0,-0.7679499973080213,0
8.299999999999983,7,16.389189794038895,26.459227709594074,26.45922772169586,-1.2492533306445004,-2.1348027843844153,-2.1348027848097204,-0.7312963717126246,-1.690444558354425,-1.6904445604189047,0.0,0.0,-2.1002507846983787,0
8.299999999999983,8,17.892508955550497,14.384578062800605,15.005274673397663,0.17863534791885882,0.020187815735844883,-0.00017172023986739262,2.4719293552440096,0.373570618535934,-0.0032024443186830123,0.0,0.0,0.11253385914738254,0
8.349999999999984,0,2.1628210984893386,3.0854801092333335,8.295665771520452,0.1872040413561039,0.17114543952286004,0.34563132515898004,1.6256182942696753,1.5645069609334197,1.0768858484197037,0.0,0.0,0.7406154411657982,0
8.349999999999984,1,16.325815641170003,3.6496260639707985,3.6496260543822183,-1.2857588474729766,2.2193378134449055,2.219337813659339,-0.73010884862377,1.690701195144562,1.6907011971066983,0.0,0.0,2.095888705201672,0
8.349999999999984,2,4.972838822821287,18.17319824646849,5.890255677756612,1.405904619978619,-1.3535743629058659,1.3564453117324147,1.733673102855144,-0.7438658933756395,1.6404393024763455,0.0,0.0,-0.7664366182518999,0
8.349999999999984,3,2.199974531235368,3.101223217373342,21.94331766529492,0.18830490696804222,0.1719967650473396,-0.3383166862117518,1.6181912023732135,1.5589909423275559,-1.0959034968018737,0.0,0.0,0.7401665697744525,0
8.349999999999984,4,16.325817405680397,26.350374615314337,3.649625401467498,-1.285758941489201,-2.219337778466871,2.219337777646483,-0.730108996237579,-1.6907011656278819,1.6907011628781343,0.0,0.0,-2.0958887437548115,0
8.349999999999984,5,16.325814700176483,3.6496265130074943,26.35037350566598,-1.285758807549368,2.2193378305584934,-2.2193378313457366,-0.7301087647276088,1.6907012126139767,-1.6907012158668229,0.0,0.0,2.0958886883884724,0
8.349999999999984,6,4.971792308833632,24.091403622752004,17.98624169985776,1.4109696014159314,-1.3607605618309306,-1.3302267188530936,1.73534998860079,-1.6396067457820487,-0.7417884713644698,0.0,0.0,-0.7672854519105622,0
8.349999999999984,7,16.325814491621806,26.35037419384301,26.35037420592094,-1.2857587660390475,-2.2193378456582034,-2.2193378461871833,-0.7301087078909421,-1.690701225475765,-1.6907012275492572,0.0,0.0,-2.0958886714335887,0
8.349999999999984,8,17.904530596292233,14.386054670522755,15.005262082104666,0.30223028175056066,0.038876493150145394,-0.0003319314799843259,2.4718986766340367,0.3737735482860103,-0.0032042248023386646,0.0,0.0,0.12792952909971614,0
8.399999999999984,0,2.1742135815643104,3.0959933032312126,8.31429263624075,0.2684952816427685,0.2493823203922962,0.3994432636529371,1.6258248057332916,1.564737617388723,1.076238769879141,0.0,0.0,0.7485085769689808,0
8.399999999999984,1,16.260616566946926,3.762706655632131,3.762706646056737,-1.3222041214501459,2.3038858530083894,2.303885853321419,-0.728905479543383,1.6909607912696751,1.6909607932416009,0.0,0.0,2.091804850431152,0
8.399999999999984,2,5.045302004325395,18.104593200585075,5.960129170422005,1.4926226401857003,-1.3906274724307803,1.4384943948832878,1.7343604041416294,-0.7410621904982897,1.6409816630174636,0.0,0.0,-0.7500378407543693,0
8.399999999999984,3,2.211412762615792,3.1117720738523285,21.925032714310507,0.26922434824891706,0.24995749411211454,-0.39308135316481385,1.618388825617496,1.5592145812954987,-1.0952933390612412,0.0,0.0,0.7483051539951304,0
8.399999999999984,4,16.260618326571393,26.237294025438846,3.7627059912985183,-1.3222042228709003,-2.3038858165527887,2.3038858155943323,-0.7289056276339866,-1.6909607617183582,1.6909607589569826,0.0,0.0,-2.091804890377161,0
8.399999999999984,5,16.260615628054865,3.7627071055463874,26.237292913083643,-1.3222040773153632,2.303885870997226,-2.3038858719478363,-0.7289053953199044,1.6909608087746506,-1.6909608120419914,0.0,0.0,2.091804832649917,0
8.399999999999984,6,5.044510815944554,24.021315436167228,17.918806536118513,1.497770683020958,-1.442766901560115,-1.3671798307169019,1.7360216321005308,-1.640126794583687,-0.739062237276164,0.0,0.0,-0.7666949956490793,0
8.399999999999984,7,16.260615421646886,26.23729360053305,26.237293612581926,-1.3222040329577862,-2.3038858867402228,-2.303885887373334,-0.7289053383747736,-1.6909608216403906,-1.6909608237230134,0.0,0.0,-2.0918048152167725,0
8.399999999999984,8,17.922731945146786,14.388465967160467,15.005241478011927,0.4258236724315597,0.05757537235836598,-0.0004922322295621128,2.4718678136199808,0.37397758416441174,-0.0032060149915557395,0.0,0.0,0.13439439522642113,0
8.449999999999985,0,2.1896708850206332,3.11041862987335,8.335609287687653,0.3497968566101426,0.32763074529320196,0.4532227942231435,1.6260314993474818,1.5649684980181153,1.0755906114041276,0.0,0.0,0.752688829569344,0
8.449999999999985,1,16.193596754506018,3.8800149777577584,3.8800149682004936,-1.3585883761860766,2.3884470320167033,2.388447032428825,-0.7276850947186133,1.691223580166274,1.6912235821481243,0.0,0.0,2.0879712187854746,0
8.449999999999985,2,5.122101950441692,18.03413903577327,6.034105798250951,1.5793752044661789,-1.427539120041457,1.5205707182745476,1.7350512856095683,-0.7382329522135367,1.641526467825198,0.0,0.0,-0.7349453689201983,0
8.449999999999985,3,2.2268972133169425,3.126219246616033,21.904010293941827,0.3501536797970968,0.3279294164360518,-0.44781546158246055,1.618586630963594,1.5594384464787452,-1.0946821683529335,0.0,0.0,0.7526347590703704,0
8.449999999999985,4,16.19359850887373,26.119985705172983,3.8800143115129937,-1.3585884850355716,-2.3884469940817903,2.3884469929846754,-0.7276852432934258,-1.6912235505800357,1.691223547806867,0.0,0.0,-2.0879712600438802,0
8.449999999999985,5,16.193595817926393,3.8800154285933823,26.119984589985016,-1.3585883278235016,2.388447050882584,-2.388447051997296,-0.7276850101627674,1.6912235977071597,-1.691223600989196,0.0,0.0,2.087971200092208,0
8.449999999999985,6,5.121570221170348,23.947126279554933,17.84952715562812,1.5846055260107963,-1.5247993629317023,-1.4039953888988603,1.7366968597967658,-1.6406492274317461,-0.7363111636391689,0.0,0.0,-0.7661665766946312,0
8.449999999999985,7,16.193595613807613,26.119985276682815,26.11998528869742,-1.358588280613185,-2.3884470672690608,-2.3884470680067658,-0.727684953107976,-1.6912236105767584,-1.691223612668637,0.0,0.0,-2.0879711822095697,0
8.449999999999985,8,17.94711292460512,14.39181246498304,15.00521285662485,0.5494155059016552,0.07628454054456796,-0.0006526232535704287,2.4718366694019105,0.3741833637240395,-0.0032078204801663183,0.0,0.0,0.1379646519241746,0
8.499999999999986,0,2.2091935259163424,3.1287566667492532,8.35961410380975,0.4311087792182358,0.4058907297429227,0.5069698506607283,1.6262384521618642,1.5651996889944142,1.0749411287516972,0.0,0.0,0.7552781660900574,0
8.499999999999986,1,16.124759277979145,4.001551691694031,4.001551682159862,-1.394910684888874,2.473021525434199,2.473021525945917,-0.726446174055948,1.6914898683499155,1.6914898703418415,0.0,0.0,2.0843633429245285,0
8.499999999999986,2,5.203240393309829,17.96184285930585,6.11218692666121,1.6661625102593138,-1.4643079386552853,1.6026744181358343,1.7357461158627008,-0.7353763722765644,1.642073997225736,0.0,0.0,-0.7210067189284874,0
8.499999999999986,3,2.246428378171861,3.144565295714488,21.880251933669168,0.43109291439965064,0.405912547502159,-0.5025189493239116,1.6187846920510771,1.5596626213221447,-1.0940697548290215,0.0,0.0,0.7553233601172455,0
8.499999999999986,4,16.124761026718048,25.998448993170484,4.001551023457156,-1.394910801191724,-2.473021486018212,2.47302148478184,-0.726446323123046,-1.6914898387284316,1.691489835943294,0.0,0.0,-2.084363385422389,0
8.499999999999986,5,16.124758343923766,4.00155214349492,25.99844787502362,-1.3949106322816132,2.4730215451789395,-2.473021546458499,-0.7264460891622333,1.6914898859271035,-1.6914898892240562,0.0,0.0,2.0843633233699963,0
8.499999999999986,6,5.202972217514769,23.86883484351476,17.778410469320754,1.6714743277660493,-1.606858078675117,-1.440672063395712,1.7373760351050593,-1.6411743148682958,-0.7335334899370329,0.0,0.0,-0.7656906183755094,0
8.499999999999986,7,16.12475814223696,25.99844856094586,25.998448572920957,-1.3949105822130086,-2.473021562209084,-2.473021563051853,-0.7264460319964726,-1.6914898988004634,-1.6914899009017401,0.0,0.0,-2.084363305063945,0
8.499999999999986,8,17.977673456329345,14.396094681445986,15.00517621340333,0.6730057630674521,0.09500411797319527,-0.0008131056072236814,2.4718051433159363,0.3743915485725462,-0.003209647073065055,0.0,0.0,0.14023728428840013,0
8.549999999999986,0,2.232782022054801,3.151007992333185,8.38630545893573,0.5124310663201004,0.48416229361434016,0.5606843543784816,1.6264457420372902,1.5654312774283494,1.0742900743550667,0.0,0.0,0.7570403638658345,0
8.549999999999986,1,16.054107260095037,4.1273174679918005,4.127317458485721,-1.43117003047541,2.557609526476605,2.557609527088432,-0.7251869117307225,1.6917600208481252,1.6917600228502883,0.0,0.0,2.0809597653300136,0
8.549999999999986,2,5.288719075428227,17.887711849214035,6.194373928251589,1.7529847744765903,-1.5009324650172826,1.6848056454793048,1.7364452843455287,-0.732490527239945,1.642624546869407,0.0,0.0,-0.7080913440634207,0
8.549999999999986,3,2.270006752745976,3.1668107820773357,21.85375916637107,0.5120420685649696,0.48390690701175215,-0.5571917425999806,1.618983083306378,1.559887190191863,-1.0934558655213793,0.0,0.0,0.757156073193318,0
8.549999999999986,4,16.05410900283184,25.872683218880585,4.127316797681741,-1.4311701542566724,-2.557609485577763,2.5576094842015262,-0.7251870612989673,-1.691759991191021,1.6917599883937213,0.0,0.0,-2.080959809001047,0
8.549999999999986,5,16.054106328776566,4.1273179208019455,25.872682097648475,-1.4311699736062682,2.557609547102042,-2.5576095485472075,-0.725186826493101,1.691760038462056,-1.691760041774166,0.0,0.0,2.080959744960348,0
8.549999999999986,6,5.288718508330586,23.786439811653246,17.705463456973757,1.7583773048666314,-1.6889431957855243,-1.477208430484223,1.738059542011639,-1.6417023422081487,-0.7307273417702187,0.0,0.0,-0.765259414466133,0
8.549999999999986,7,16.05410612966479,25.872682782771232,25.87268279470155,-1.4311699206737547,-2.5576095647760377,-2.557609565724348,-0.7251867692149241,-1.6917600513390785,-1.691760053449903,0.0,0.0,-2.0809597262545956,0
8.549999999999986,8,18.014413460894374,14.401313140887423,15.005131543746877,0.7965944195337258,0.11373425968426455,-0.0009736806508546011,2.4717731293254745,0.37460283422138557,-0.003211500872618393,0.0,0.0,0.14181715827440505,0
8.599999999999987,0,2.2604368921805857,3.177173186203362,8.41568172315059,0.5937637387112836,0.5624454611927368,0.6143662142158712,1.6266534478236647,1.5656633515679315,1.0736371967477916,0.0,0.0,0.7583177514725487,0
8.599999999999987,1,15.981643877197346,4.257312987422578,4.2573129779496055,-1.4673652854322652,2.642211250754487,2.642211251466943,-0.7239050991371038,1.6920344855576346,1.6920344875702178,0.0,0.0,2.0777415796984156,0
8.599999999999987,2,5.378539750658793,17.811753259267352,6.280668183564065,1.8398422347460224,-1.5374111328501607,1.7669645670197107,1.7371492053886397,-0.7295733566575602,1.6431784308081205,0.0,0.0,-0.6960869604300304,0
8.599999999999987,3,2.2976328335243656,3.192956267726134,21.82453352891132,0.5930011625706076,0.5619125189401751,-0.6118337557900027,1.6191818801127602,1.5601122385684596,-1.0928402638004406,0.0,0.0,0.7584860760781502,0
8.599999999999987,4,15.981645613557486,25.742687701531864,4.257312314958136,-1.4673654167174883,-2.642211208370987,2.6422112068542662,-0.7239052492163195,-1.6920344558644778,1.6920344530548008,0.0,0.0,-2.077741624482257,0
8.599999999999987,5,15.981642948829318,4.257313441286059,25.742686577087944,-1.4673652242837123,2.642211272262483,-2.642211273874025,-0.723905013548881,1.6920345032088127,-1.6920345065363473,0.0,0.0,2.077741558555635,0
8.599999999999987,6,5.378810808310209,23.69993985984836,17.630693172059942,1.8453146943182697,-1.7710548764098555,-1.5136029660683186,1.738747789032768,-1.642233612486622,-0.7278907116819129,0.0,0.0,-0.7648666934695719,0
8.599999999999987,7,15.981642752435905,25.74268726138732,25.74268727326757,-1.4673651684815883,-2.6422112905805077,-2.642211291634845,-0.7239049561566702,-1.692034516089397,-1.6920345182099361,0.0,0.0,-2.0777415394717926,0
8.599999999999987,8,18.057332857513988,14.407468376322907,15.005078842978866,0.9201814452507661,0.13247515773514523,-0.0011343500695839542,2.471740514340806,0.3748179610176138,-0.0032133883745870608,0.0,0.0,0.14298390171851708,0
8.649999999999988,0,2.2921586561780862,3.207252829264262,8.447741261661319,0.6751068211887485,0.6407402612432793,0.6680153262132744,1.6268616495492982,1.5658960010108502,1.0729822399480629,0.0,0.0,0.7592866573170794,0
8.649999999999988,1,15.907372365506609,4.391538942251244,4.391538932816423,-1.5034951821972105,2.7268269423921345,2.726826943205751,-0.7225979352989064,1.69231383275295,1.6923138347761555,0.0,0.0,2.0746920493639576,0
8.649999999999988,2,5.472704185300269,17.733974424327144,6.3710710818968055,1.9267351509129833,-1.5737422647581496,1.849151366289945,1.737858323339219,-0.7266226381597793,1.6437359854046882,0.0,0.0,-0.6848965556172767,0
8.649999999999988,3,2.329307118101635,3.2230023159897083,21.792576562735825,0.6739702205201756,0.6399294116028073,-0.666444891229827,1.6193811589913596,1.5603378532526428,-1.0922227087964869,0.0,0.0,0.7594957316765986,0
8.649999999999988,4,15.907374095114236,25.608461748859536,4.3915382675511,-1.503495321012495,-2.7268268985221487,2.726826896864313,-0.7225980859001326,-1.6923138030232276,1.6923138002009335,0.0,0.0,-2.0746920952055175,0
8.649999999999988,5,15.907371440303443,4.391539397212235,25.60846062107701,-1.5034951167513402,2.7268269647845806,-2.726826966563286,-0.722597849352558,1.6923138504419557,-1.692313853785219,0.0,0.0,2.0746920274864116,0
8.649999999999988,6,5.4732508445439105,23.609333655465118,17.55410674696273,1.9322867550298122,-1.8531932989198798,-1.5498540378200956,1.73944121423085,-1.6427684502004882,-0.725021435035539,0.0,0.0,-0.7645072992420289,0
8.649999999999988,7,15.907371246772021,25.608461304529136,25.608461316354006,-1.5034950580738116,-2.7268269837468075,-2.726826984907667,-0.722597791844467,-1.6923138633259984,-1.6923138654564442,0.0,0.0,-2.074692008044222,0
8.649999999999988,8,18.10643156374691,14.414560931367857,15.005018106329665,1.0437668040660404,0.151227044062877,-0.0012951158984346074,2.4717071763054865,0.37503772655463485,-0.003215316577013063,0.0,0.0,0.14388462372082222,0
8.699999999999989,0,2.327947835273304,3.241247503972592,8.482482434150477,0.7564603426199554,0.7190467270899067,0.7216315733530467,1.6270704286241373,1.5661293169325479,1.0723249427954464,0.0,0.0,0.7600471494739236,0
8.699999999999989,1,15.831296029269197,4.529996037899424,4.529996028507827,-1.5395582672992478,2.811456883535057,2.8114568844503762,-0.7212617020407491,1.6925988228584448,1.6925988248925048,0.0,0.0,2.0717962854864473,0
8.699999999999989,2,5.571214159244905,17.65438276614487,6.465584022179293,2.0136638068724557,-1.6099240625327524,1.9313662450095384,1.7385731191894462,-0.723635955492056,1.6442975743918673,0.0,0.0,-0.6744359440403569,0
8.699999999999989,3,2.3650301053748883,3.256949491723082,21.757889814480862,0.7549492704099526,0.7179576177321204,-0.7210250389686379,1.6195809977955398,1.560564122586263,-1.0916029547762178,0.0,0.0,0.7602887159304021,0
8.699999999999989,4,15.83129775174714,25.470004655442064,4.529995360882136,-1.5395584136713274,-2.8114568381767255,2.8114568363771304,-0.7212618531766447,-1.69259879309154,1.692598790256348,0.0,0.0,-2.0717963323353645,0
8.699999999999989,5,15.831295107446216,4.529996494002197,25.470003524193917,-1.5395581975377224,2.8114569068138793,-2.811456908760551,-0.721261615727644,1.692598840585969,-1.6925988439453046,0.0,0.0,2.071796262909197,0
8.699999999999989,6,5.572040357660011,23.514619856511445,17.475711398622842,2.0192937696142055,-1.9353586592270953,-1.5859598957755106,1.7401402916878703,-1.643307206144308,-0.7221171591083004,0.0,0.0,-0.7641769532541042,0
8.699999999999989,7,15.831294916920704,25.470004206774956,25.470004218539103,-1.5395581359788877,-2.811456926420476,-2.811456927688364,-0.7212615581015205,-1.6925988534733665,-1.692598855613938,0.0,0.0,-2.071796243126733,0
8.699999999999989,8,18.16170949517768,14.422591362321059,15.00494932891836,1.167350453164756,0.16999019406516083,-0.0014559805537512492,2.4716729819743115,0.3752630000456769,-0.003217293106332836,0.0,0.0,0.14460412209125537,0
8.74999999999999,0,2.3678049522393763,3.279157794567504,8.519903594115917,0.83782433602294,0.7973648967065627,0.7752148252645887,1.6272798680596918,1.5663633923331213,1.0716650382308404,0.0,0.0,0.7606602401537882,0
8.74999999999999,1,15.75341825194538,4.672684995240062,4.672684985896788,-1.5755528256534461,2.8961014100904543,2.896101411108033,-0.7198911670839676,1.6928905311079498,1.6928905331531414,0.0,0.0,2.0690409694793326,0
8.74999999999999,2,5.6740714672376695,17.572985799697356,6.564208413924209,2.1006285128381292,-1.6459545953677752,2.013609424787124,1.7392941193134726,-0.7206106567004569,1.644863595551713,0.0,0.0,-0.6646317606923008,0
8.74999999999999,3,2.4048022957402875,3.2947983615305527,21.72047483659435,0.8359383442060165,0.7959971745667005,-0.775574076491935,1.6197814759212779,1.5607911366916003,-1.090980750465942,0.0,0.0,0.760928325610211,0
8.74999999999999,4,15.753419966915112,25.3273157004066,4.6726843158240605,-1.575552979609801,-2.89610136324188,2.896101361299864,-0.7198913187694717,-1.6928905013030915,1.6928904984546753,0.0,0.0,-2.069041017289508,0
8.74999999999999,5,15.753417333718838,4.6726854525289845,25.327314565565576,-1.575552751557418,2.8961014342576212,-2.8961014363730837,-0.71989108039391,1.6928905488748387,-1.6928905522506577,0.0,0.0,2.0690409462344745,0
8.74999999999999,6,5.675181103065757,23.41579711072035,17.395514434705703,2.106336046615626,-2.017551172416553,-1.6219186609101581,1.7408455400284106,-1.6438502637891599,-0.7191753026929528,0.0,0.0,-0.7638720751289004,0
8.74999999999999,7,15.75341714634345,25.327315247251725,25.32731525894979,-1.575552687111245,-2.896101454508751,-2.896101455884186,-0.7198910226471464,-1.6928905617654968,-1.692890563916447,0.0,0.0,-2.0690409261283107,0
8.74999999999999,8,18.223166565066276,14.431560240448398,15.004872505732715,1.2909323423791725,0.1887649310284329,-0.0016169468720526343,2.4716377842883306,0.37549473926544147,-0.0032193263660276993,0.0,0.0,0.14519473523687984,0
8.79999999999999,0,2.4117305316064095,3.320984287305716,8.560003088194783,0.9191988386583941,0.8756948128219071,0.8287649378900128,1.6274900527090816,1.5665983223068858,1.0710022525084817,0.0,0.0,0.7611652458750364,0
8.79999999999999,1,15.673742512683457,4.819606553992696,4.819606544702871,-1.6114767448234588,2.9807609400148958,2.980760941135308,-0.7184783834002548,1.6931905984888274,1.6931906005454913,0.0,0.0,2.066414102658456,0
8.79999999999999,2,5.781277920263624,17.489791140181215,6.666945678275727,2.187629608200067,-1.681831785277934,2.0958811492735685,1.7400219072387537,-0.7175437982031779,1.645434489728888,0.0,0.0,-0.6554198073759363,0
8.79999999999999,3,2.448624191293759,3.3365494939935534,21.68033318797186,0.9169374779328574,0.8740481239533341,-0.8300918684074785,1.6199826745368182,1.561018987732672,-1.090355838310871,0.0,0.0,0.7614553923943848,0
8.79999999999999,4,15.673744219765055,25.180394144033702,4.819605872096282,-1.6114769063924907,-2.98076089167413,2.980760889589012,-0.718478535653798,-1.6931905686450004,1.6931905657829525,0.0,0.0,-2.066414151387663,0
8.79999999999999,5,15.673741598270567,4.819607012512235,25.180393005472308,-1.6114766663734512,2.98076096507243,-2.980760967357533,-0.7184782963206642,1.6931906162961716,-1.6931906196889783,0.0,0.0,2.066414078775396,0
8.79999999999999,6,5.7826748523139,23.312864054539673,17.313523260407553,2.193413923310087,-2.0997710748106106,-1.657728311015903,1.7415575338892242,-1.6443980478811502,-0.7161930021148938,0.0,0.0,-0.7635896454325307,0
8.79999999999999,7,15.673741414189825,25.180393686239803,25.18039369786639,-1.6114765990337416,-2.980760985968251,-2.9807609874517693,-0.718478238449932,-1.6931906291900085,-1.6931906313516585,0.0,0.0,-2.0664140583607526,0
8.79999999999999,8,18.290802683959267,14.441468154513363,15.00478763160697,1.4145124133404687,0.2075516315700897,-0.0017780181577815768,2.4716014192259257,0.3757340108331367,-0.00322142571457885,0.0,0.0,0.14569053548303015,0
8.84999999999999,0,2.459725099876243,3.3667275707022353,8.602779255469692,1.0005838921349615,0.954036523038871,0.8822817531063307,1.6277010695313467,1.5668342043392791,1.0703363043263585,0.0,0.0,0.7615886438578087,0
8.84999999999999,1,15.592272412992463,4.970761478246625,4.970761469015406,-1.6473272428162786,3.0654360301422496,3.065436031366091,-0.7170099598563966,1.6935018025470796,1.693501804615667,0.0,0.0,2.063904756580914,0
8.84999999999999,2,5.892835347098495,17.404806510832167,6.773797249181018,2.2746674651947663,-1.71755338868404,2.1781816869380766,1.7407571398939887,-0.7144320681221189,1.646010753290164,0.0,0.0,-0.646743683142878,0
8.84999999999999,3,2.4964962960364465,3.382203459903974,21.637466434609415,0.9979467117746377,0.9521105124634888,-0.8845782660903629,1.6201846768356059,1.5612477702030934,-1.089727953657688,0.0,0.0,0.7618974372500195,0
8.84999999999999,4,15.592274111804553,25.029239222234164,4.970760793787966,-1.647327412027608,-3.0654359803072717,3.065435978078343,-0.7170101127023469,-1.693501772662831,1.6935017697866208,0.0,0.0,-2.063904806190492,0
8.84999999999999,5,15.592271502611432,4.970761938041353,25.029238079824673,-1.6473271599919816,3.0654360560922504,-3.0654360585478755,-0.7170098723706102,1.6935018203964038,-1.6935018238068558,0.0,0.0,2.063904732086579,0
8.84999999999999,6,5.8945233946290685,23.20581931200375,17.229745386060124,2.280527769296655,-2.1820186266263226,-1.6933866628812138,1.7422769197313535,-1.6449510363142419,-0.7131670373062178,0.0,0.0,-0.7633270995327625,0
8.84999999999999,7,15.592271321970173,25.029238759649775,25.029238771199466,-1.6473270897523076,-3.06543607763292,-3.0654360792250763,-0.717009814371321,-1.693501833293377,-1.693501835466137,0.0,0.0,-2.0639047113774422,0
8.84999999999999,8,18.364617759253758,14.45231571361042,15.004694701196978,1.5380905984390925,0.22635073231216682,-0.001939198241860254,2.4715637019724763,0.37598201484154203,-0.003223601681573547,0.0,0.0,0.14611467640219403,0
8.899999999999991,0,2.5117891857428476,3.4163882357774753,8.64823042675483,1.0819795425292207,1.032390079970715,0.935765098299239,1.6279130078851856,1.5670711386368814,1.069666903858167,0.0,0.0,0.7619489175832105,0
8.899999999999991,1,15.509011726284543,5.126150566762819,5.126150557595393,-1.6831002255005427,3.1501275105055235,3.1501275118334235,-0.7154596536852802,1.6938296072654768,1.6938296093466485,0.0,0.0,2.061502759622646,0
8.899999999999991,2,6.008745596071547,17.31803975180016,6.884764574722695,2.361742493727325,-1.7531169725962563,2.260511334728972,1.7415005706511715,-0.7112716782443282,1.6465929558179035,0.0,0.0,-0.6385536445245809,0
8.899999999999991,3,2.5484191160855754,3.4317608325037066,21.59187615027509,1.0789660901905083,1.030184391525793,-0.9390331072825898,1.620387568317411,1.5614775812460873,-1.089096823844537,0.0,0.0,0.762273685756569,0
8.899999999999991,4,15.509013416444223,24.87385013624713,5.126149879659943,-1.6831004023856029,-3.1501274591741932,3.150127456800707,-0.7154598071598971,-1.6938295773384293,1.6938295744472762,0.0,0.0,-2.061502810077312,0
8.899999999999991,5,15.509010820154623,5.126151027877414,24.873848989861546,-1.6831001382804056,3.1501275373502096,-3.150127539977289,-0.7154595657684806,1.6938296251591842,-1.6938296285882695,0.0,0.0,2.0615027345416177,0
8.899999999999991,6,6.010728538641695,23.094661493451223,17.14418843575638,2.367677991208423,-2.264294115474857,-1.7288913492685671,1.7430044382353578,-1.645509776970687,-0.7100937277470671,0.0,0.0,-0.763082244594039,0
8.899999999999991,7,15.509010643098017,24.873849668720553,24.87384968018791,-1.6831000651339785,-3.150127559535888,-3.150127561237269,-0.7154595076334181,-1.6938296380593636,-1.6938296402438566,0.0,0.0,-2.0615027135508233,0
8.899999999999991,8,18.44461169470346,14.464103550369975,15.004593708952095,1.6616668195491142,0.2451627380700501,-0.0021004915535379827,2.4715244222004342,0.3762401151576656,-0.0032258662335545706,0.0,0.0,0.14648346047327687,0
8.949999999999992,0,2.5679233203191316,3.4699668763116334,8.696354923859374,1.1633858405221476,1.1107555413956032,0.9892147858825279,1.6281259598585365,1.5673092284977608,1.068993751665777,0.0,0.0,0.7622593619213861,0
8.949999999999992,1,15.423964513028134,5.28577467699921,5.285774667900799,-1.7187883047557981,3.2348368989501477,3.234836900382795,-0.7137615851051103,1.6941877688924825,1.6941877709874287,0.0,0.0,2.059198071014203,0
8.949999999999992,2,6.129010537111689,17.22949883041168,6.9998491186666625,2.4488551478783616,-1.788519882943128,2.342870423029737,1.742253083020734,-0.708058206937431,1.6471817660153045,0.0,0.0,-0.630805651941639,0
8.949999999999992,3,2.6043931598914805,3.4852221877312637,21.54356391720199,1.1599956620456982,1.1082698175764756,-0.9934562156415213,1.620591437103799,1.5617085210136497,-1.0884621671786308,0.0,0.0,0.7625979746979774,0
8.949999999999992,4,15.423966194150848,24.71422602861477,5.285773987169991,-1.7187884893493879,-3.2348368461200763,3.2348368436012143,-0.713761739275701,-1.6941877389176643,1.694187736010144,0.0,0.0,-2.059198122282141,0
8.949999999999992,5,15.423963611369714,5.285775139478469,24.714224878124828,-1.718788213115961,3.2348369266919805,-3.234836929491534,-0.7137614967111093,1.6941877868354163,-1.6941877902848999,0.0,0.0,2.059198045368657,0
8.949999999999992,6,6.131292114398374,22.979389194037047,17.05686015731626,2.4548650390587077,-2.346597861092144,-1.764239788336185,1.7437409570056916,-1.6460749123457397,-0.706968781352359,0.0,0.0,-0.7628531939982969,0
8.949999999999992,7,15.423963438043286,24.714225555994084,24.714225567373624,-1.7187881370552756,-3.234836949522851,-3.234836951334099,-0.7137614384259405,-1.694187799739257,-1.6941878019366061,0.0,0.0,-2.0591980241079044,0
8.949999999999992,8,18.530784389853643,14.47683232461994,15.004484649083038,1.785240986458152,0.2639882319285075,-0.002261903208798843,2.471483338180756,0.37650987716914797,-0.003228233105217197,0.0,0.0,0.1468087173770413,0
8.999999999999993,0,2.6281280373710416,3.527464089107328,8.747151058825333,1.2448028415542534,1.189132970432166,1.0426306127558118,1.6283400206421157,1.5675485807312577,1.0683165374656773,0.0,0.0,0.7625297844999458,0
8.999999999999993,1,15.337218834938085,5.4494364939088324,5.449436484884446,-1.7510388188461277,3.311635777434707,3.311635778963077,-0.6450102818065906,1.5359775696911893,1.53597757160564,0.0,0.0,2.057181215902379,0
8.999999999999993,2,6.253632064182728,17.139191853311548,7.11905236230689,2.5360059349632116,-1.8237592010621257,2.425259322579368,1.7430157416970002,-0.7047863623799577,1.6477779909926227,0.0,0.0,-0.6234605669882454,0
8.999999999999993,3,2.664418938461635,3.5425881044764296,21.492531326805192,1.241035480760484,1.18636685223016,-1.0478474002303486,1.6207963742957152,1.5619406930736879,-1.0878236917765456,0.0,0.0,0.7628805165832149,0
8.999999999999993,4,15.337220506602304,24.5505642142542,5.449435801401299,-1.7510390125924034,-3.3116357283026607,3.3116357256511053,-0.6450104648603094,-1.5359776436516892,1.535977640997821,0.0,0.0,-2.0571812677548453,0
8.999999999999993,5,15.337217938000105,5.449436957706066,24.550563059753316,-1.7510387216683907,3.311635802411904,-3.3116358053689416,-0.6450101710485923,1.5359775143984677,-1.5359775175481527,0.0,0.0,2.0571811898529577,0
8.999999999999993,6,6.256215975751361,22.860000991961392,16.967768434065682,2.54208941506076,-2.4289302219340962,-1.7994291416869244,1.7444875200410446,-1.646647216839046,-0.7037870670147829,0.0,0.0,-0.762638315018325,0
8.999999999999993,7,15.337217768562663,24.550563736657203,24.550563747943674,-1.7510386421695872,-3.3116358239522743,-3.3116358258638323,-0.645010102286232,-1.5359774885884647,-1.5359774905946644,0.0,0.0,-2.057181168404398,0
8.999999999999993,8,18.623135739388236,14.490502727610595,15.004367515524827,1.9088129949254675,0.28282788769774114,-0.002423439119651233,2.4714401693463097,0.3767931153846721,-0.0032307182170478012,0.0,0.0,0.1470992591961743,0
9.049999999999994,0,2.692403873559951,3.5888804742616096,8.800617133136518,1.3262306060021156,1.267522435739106,1.0960123596915907,1.6285552889572454,1.5677893061387969,1.0676349387155768,0.0,0.0,0.7627675788186498,0
9.049999999999994,1,15.24966767024042,5.615018487999504,5.6150184790515425,-1.7510077690604362,3.311643986192163,3.3116439877207924,0.000620995713829231,0.00016417514911992726,0.00016417515430688923,0.0,0.0,2.0571728642249503,0
9.049999999999994,2,6.382612098272337,17.047127081245527,7.242375806733804,2.6231954286211403,-1.8588316815787012,2.5076784544971966,1.7437898731585768,-0.7014496103315069,1.6483826383565716,0.0,0.0,-0.616483471476528,0
9.049999999999994,3,2.728496965592638,3.603859164844033,21.43877998042588,1.3220856044796372,1.26447556247398,-1.1022064549421162,1.6210024743830622,1.5621742048763996,-1.0871810942353524,0.0,0.0,0.76312901345506,0
9.049999999999994,4,15.249669332217064,24.38498222262017,5.615017792902747,-1.751007962817196,-3.3116439370586654,3.3116439344068005,0.0006209955041480697,-0.0001641751200942565,0.00016417511390365291,0.0,0.0,-2.0571729160802774,0
9.049999999999994,5,15.249666778161505,5.61501895304563,24.38498106426589,-1.7510076718755851,3.3116440111706593,-3.3116440141280807,0.000620995856110973,0.00016417517510802782,-0.00016417518278188936,0.0,0.0,2.0571728381735856,0
9.049999999999994,6,6.385502003286545,22.736495446295194,16.876921299159363,2.6293516863465816,-2.51129160471392,-1.8344562545658782,1.7452454257164363,-1.6472276555964773,-0.7005422575790755,0.0,0.0,-0.7624361866433543,0
9.049999999999994,7,15.249666612699052,24.38498174024062,24.384981751431503,-1.7510075923749135,-3.31164403271117,-3.3116440346229705,0.0006209958934721982,-0.00016417517791467162,-0.0001641751827641258,0.0,0.0,-2.0571728167244854,0
9.049999999999994,8,18.721665632367987,14.505115486938237,15.004242301893584,2.0323827242646724,0.30168248540793885,-0.002585106130077714,2.4713945867840974,0.37709195420395364,-0.0032333402085296236,0.0,0.0,0.1473618059426319,0
9.099999999999994,0,2.760751368694496,3.6542166354486536,8.856751436894818,1.4076691993796822,1.3459240117426425,1.1493597906404664,1.628771867551331,1.5680315200707293,1.0669486189775155,0.0,0.0,0.762978424075148,0
9.099999999999994,1,15.162117285102658,5.780600688185572,5.780600679314042,-1.7510076364500886,3.3116440212505416,3.3116440227791717,2.6522069518364333e-06,7.011675684509555e-07,7.011675862145239e-07,0.0,0.0,2.0571728285557955,0
9.099999999999994,2,6.515952591202652,16.953312947718125,7.369820975732805,2.71042428859145,-1.8937336595173049,2.590128305462819,1.7445771994061907,-0.6980395587720732,1.6489970193124495,0.0,0.0,-0.609843083280788,0
9.099999999999994,3,2.796627758111269,3.6690359544281,21.382311490106158,1.403146096265591,1.3425960208887007,-1.1565331578467948,1.6212098357190774,1.5624091682944132,-1.086534058093571,0.0,0.0,0.7633493837369438,0
9.099999999999994,4,15.162118937391462,24.219400024890778,5.780599990499546,-1.7510078302069,-3.3116439721170354,3.3116439694651696,2.6522059171085743e-06,-7.011673996970558e-07,7.011673819334874e-07,0.0,0.0,-2.0571728804111364,0
9.099999999999994,5,15.162116397882984,5.780601154480623,24.21939886268303,-1.7510075392652034,3.311644046229044,-3.3116440491864676,2.6522076357338165e-06,7.011676927959343e-07,-7.011677372048553e-07,0.0,0.0,2.057172802504421,0
9.099999999999994,6,6.519152108048781,22.608871094206954,16.784326953630178,2.7166525041428287,-2.5936824788156927,-1.8693175666016053,1.7460163559249446,-1.6478174820354472,-0.6972262407145431,0.0,0.0,-0.7622455652021533,0
9.099999999999994,7,15.162116236395565,24.219399537728602,24.219399548823898,-1.7510074597645278,-3.3116440677695547,-3.311644069681356,2.6522077156698742e-06,-7.011676927959343e-07,-7.011677105595027e-07,0.0,0.0,-2.0571727810553195,0
9.099999999999994,8,18.826373951332375,14.520671372341747,15.004109001435669,2.1559500343108775,0.3205529307324451,-0.002746912186454745,2.4713462009240987,0.37740890649012565,-0.003236121127540622,0.0,0.0,0.1476015944511313,0
9.149999999999995,0,2.8331710659932035,3.723473180214634,8.915552247959342,1.489118692568603,1.4243377788965808,1.2026726519404933,1.6289898637784164,1.5682753430787653,1.0662572260005356,0.0,0.0,0.7631667548928794,0
9.149999999999995,1,15.074566903294436,5.946182889251875,5.946182880456776,-1.7510076358788456,3.3116440214015626,3.311644022930192,1.1424861057207636e-08,3.020419470090019e-09,3.020410588305822e-09,0.0,0.0,2.0571728284021438,0
9.149999999999995,2,6.653655530724466,16.857758083647163,7.50138941966918,2.797693292281119,-1.9284609033211977,2.6726094519921775,1.7453800737933847,-0.6945448760778582,1.6496229305871668,0.0,0.0,-0.6035112457152119,0
9.149999999999995,3,2.8688118361258934,3.738119062597855,21.323127479398785,1.4842170243193995,1.4207283059014848,-1.2108272704482113,1.6214185610761698,1.5626457002556817,-1.0858822520283282,0.0,0.0,0.7635462503789852,0
9.149999999999995,4,15.0745685458954,24.05381782628115,5.9461821889765805,-1.751007829635657,-3.3116439722680555,3.3116439696161897,1.1424861057207636e-08,-3.020401706521625e-09,3.020401706521625e-09,0.0,0.0,-2.057172880257485,0
9.149999999999995,5,15.074566020934006,5.946183356795851,24.05381666021993,-1.7510075386939594,3.3116440463800645,-3.311644049337488,1.142487882077603e-08,3.020410588305822e-09,-3.020410588305822e-09,0.0,0.0,2.0571728023507694,0
9.149999999999995,6,6.657168236510012,22.477126447254253,16.68999379019315,2.803992634306426,-2.6761033992924124,-1.9040089708795542,1.7468026032719495,-1.6484184095343954,-0.6938280855589772,0.0,0.0,-0.7620653559236445,0
9.149999999999995,7,15.07456586342162,24.053817334336347,24.053817345336054,-1.7510074591932843,-3.3116440679205756,-3.311644069832376,1.1424869938991833e-08,-3.020419470090019e-09,-3.020401706521625e-09,0.0,0.0,-2.0571727809016678,0
9.149999999999995,8,18.93726057122965,14.53717120259902,15.003967606967178,2.2795147615800615,0.33944027955845363,-0.0029088665531368913,2.471294545383677,0.37774697652016975,-0.003239087333642925,0.0,0.0,0.14782279138638746,0
9.199999999999996,0,2.9096635123594936,3.7966507202865754,8.977017831043176,1.5705791620829979,1.5027638239810754,1.2559506714128719,1.6292093902878975,1.568520901689894,1.0655603894475711,0.0,0.0,0.7633360846299366,0
9.199999999999996,1,14.987016521500555,6.11176509032197,6.111765081603302,-1.7510076358763635,3.311644021402218,3.3116440229308486,4.964029187704e-11,1.3109513474773848e-11,1.3127277043167851e-11,0.0,0.0,2.0571728284014763,0
9.199999999999996,2,6.79572294775123,16.76047135193644,7.6370827210201355,2.885003388789447,-1.9630083651077157,2.755122602046066,1.7462019301665601,-0.6909492357303595,1.650263001077771,0.0,0.0,-0.5974624646881334,0
9.199999999999996,3,2.945049723289745,3.811109082797297,21.261229584216725,1.565298462234666,1.4988725020761962,-1.2650885368341058,1.621628758305329,1.562883923494228,-1.0852253277178912,0.0,0.0,0.7637232770137062,0
9.199999999999996,4,14.98701815441368,23.88823562766773,6.111764387457406,-1.7510078296331753,-3.311643972268712,3.3116439696168465,4.96358509849415e-11,-1.3127277043167851e-11,1.3136158827364852e-11,0.0,0.0,-2.0571728802568177,0
9.199999999999996,5,14.987015643999369,6.11176555911487,23.888234457753036,-1.7510075386914772,3.311644046380721,-3.3116440493381445,4.96447327691385e-11,1.3127277043167851e-11,-1.3127277043167851e-11,0.0,0.0,2.057172802350102,0
9.199999999999996,6,6.799552377603459,22.341259986117585,16.59393042654273,2.8913730094314523,-2.7585550461742856,-1.9385255751371662,1.7476075025005207,-1.6490329376374668,-0.6903320851522398,0.0,0.0,-0.7618945888319832,0
9.199999999999996,7,14.987015490462019,23.888235130940302,23.888235141844415,-1.751007459190802,-3.311644067921231,-3.3116440698330325,4.96447327691385e-11,-1.3109513474773848e-11,-1.3127277043167851e-11,0.0,0.0,-2.0571727809010003,0
9.199999999999996,8,19.05432535812798,14.554615853822948,15.003818110801149,2.4030767143531593,0.35834576939872465,-0.003070980088064981,2.471239055461952,0.37810979680542034,-0.0032422706985617998,0.0,0.0,0.1480287816133584,0
9.249999999999996,0,2.9902292586709587,3.8737498718973,9.041146436761526,1.6520506903756145,1.5812022404479014,1.3091935573211522,1.6294305658523303,1.5687683293365189,1.0648577181656065,0.0,0.0,0.7634892328871069,0
9.249999999999996,1,14.899466139706737,6.277347291392081,6.277347282749845,-1.7510076358763527,3.3116440214022216,3.3116440229308512,2.1760371282653068e-13,7.105427357601002e-14,5.3290705182007514e-14,0.0,0.0,2.057172828401473,0
9.249999999999996,2,6.942156927477497,16.661461899939667,7.776902502900827,2.972355800261237,-1.9973697147632397,2.8376686731816076,1.7470482294358047,-0.6872269931104782,1.6509214227108302,0.0,0.0,-0.5916734554657818,0
9.249999999999996,3,3.025341947077889,3.8880066128604223,21.196619453728427,1.646390489291101,1.5770287004488173,-1.3193166826978353,1.621840541128699,1.563123967452424,-1.0845629172745874,0.0,0.0,0.7638834046099122,0
9.249999999999996,4,14.899467762932021,23.722653429054294,6.277346585938248,-1.7510078296331646,-3.3116439722687145,3.311643969616849,2.1316282072803006e-13,-5.3290705182007514e-14,5.3290705182007514e-14,0.0,0.0,-2.0571728802568146,0
9.249999999999996,5,14.899465267064794,6.277347761433906,23.72265225528613,-1.7510075386914667,3.3116440463807235,-3.311644049338147,2.0872192862952943e-13,5.3290705182007514e-14,-5.3290705182007514e-14,0.0,0.0,2.0571728023500992,0
9.249999999999996,6,6.9463065734953,22.201270152512404,16.496145755717702,2.978794826242189,-2.841038298033043,-1.972861257863957,1.7484363362147317,-1.6496650371751431,-0.6867136545358187,0.0,0.0,-0.7617323972816408,0
9.249999999999996,7,14.899465117502478,23.72265292754424,23.722652938352763,-1.7510074591907911,-3.3116440679212342,-3.311644069833035,2.1760371282653068e-13,-6.217248937900877e-14,-5.3290705182007514e-14,0.0,0.0,-2.0571727809009976,0
9.249999999999996,8,19.17756816764447,14.573006269558809,15.003660504658962,2.526635666306458,0.37727086003563337,-0.0032332655993793273,2.4711790390659765,0.37850181273817396,-0.0032457102262869212,0.0,0.0,0.14822237556701276,0
9.299999999999997,0,3.07486886008521,3.9547712561290576,9.10793630062366,1.7335333661944379,1.6596531288224048,1.3624009971642395,1.629653516376468,1.5690177674900674,1.0641487968617442,0.0,0.0,0.7636284887757943,0
9.299999999999997,1,14.811915757912919,6.442929492462192,6.442929483896387,-1.7510076358763527,3.3116440214022207,3.3116440229308512,0.0,-1.7763568394002505e-14,0.0,0.0,0.0,2.0571728284014736,0
9.299999999999997,2,7.092959628435206,16.560739248309158,7.920850443714731,3.0597522380470945,-2.0315363504570247,2.920248959374566,1.7479287557171475,-0.6833327138757045,1.651605723859169,0.0,0.0,-0.5861226174353729,0
9.299999999999997,3,3.109689039080076,3.968812255344589,21.129298751305885,1.7274931907963829,1.6551969989178483,-1.3735114142037816,1.6220540301056392,1.5633659693806221,-1.0838946301189265,0.0,0.0,0.7640290213715557,0
9.299999999999997,4,14.811917371450363,23.557071230440858,6.44292878441909,-1.7510078296331646,-3.3116439722687145,3.311643969616849,0.0,0.0,0.0,0.0,0.0,-2.0571728802568146,0
9.299999999999997,5,14.811914890130222,6.442929963752942,23.55707005281922,-1.7510075386914665,3.311644046380724,-3.311644049338147,4.440892098500626e-15,8.881784197001252e-15,0.0,0.0,0.0,2.057172802350099,0
9.299999999999997,6,7.09743293795732,22.057155335356185,16.39664903101302,3.0662597522386132,-2.923554388215656,-2.007007730323274,1.749298519928486,-1.6503218036522593,-0.682929449186343,0.0,0.0,-0.7615779964776789,0
9.299999999999997,7,14.811914744542939,23.557070724148176,23.55707073486111,-1.7510074591907911,-3.3116440679212342,-3.311644069833035,0.0,0.0,0.0,0.0,0.0,-2.0571727809009976,0
9.299999999999997,8,19.30698884300571,14.592343473230592,15.003494779561148,2.650191348143137,0.3962172868357099,-0.0033957383132045492,2.4711136367335764,0.37892853600153076,-0.003249454276504438,0.0,0.0,0.14840596336967707,0
9.349999999999998,0,3.163582876365114,4.039715499279008,9.177385641959367,1.815027285001725,1.7381165971755759,1.4155726562640099,1.6298783761457458,1.569269367063422,1.0634331819954057,0.0,0.0,0.7637557301582111,0
9.349999999999998,1,14.724365376119101,6.608511693532304,6.60851168504293,-1.7510076358763524,3.3116440214022207,3.3116440229308512,4.440892098500626e-15,0.0,0.0,0.0,0.0,2.0571728284014736,0
9.349999999999998,2,7.248133320962252,16.45831346851877,8.068928306792015,3.1471954630347376,-2.065494841158512,3.002865563716777,1.7488644997528628,-0.6791698140297389,1.6523320868442204,0.0,0.0,-0.5807891826069029,0
9.349999999999998,3,3.1980915353121797,4.053526617885103,21.059269155534302,1.8086066584877825,1.7333775027027232,-1.4276724166596026,1.622269353827992,1.5636100756974955,-1.0832200491164212,0.0,0.0,0.7641620868649736,0
9.349999999999998,4,14.724366979968705,23.391489031827422,6.608510982899932,-1.7510078296331646,-3.3116439722687145,3.311643969616849,0.0,0.0,0.0,0.0,0.0,-2.0571728802568146,0
9.349999999999998,5,14.724364513195649,6.608512166071978,23.391487850352313,-1.7510075386914665,3.311644046380724,-3.3116440493381467,0.0,0.0,8.881784197001252e-15,0.0,0.0,2.057172802350099,0
9.349999999999998,6,7.252933693189655,21.908913842979825,16.295450034465293,3.153770457054751,-3.0061053068387564,-2.0409521315857067,1.7502140963227544,-1.6510183724620098,-0.6788880252486558,0.0,0.0,-0.7614306549935104,0
9.349999999999998,7,14.7243643715834,23.391488520752112,23.391488531369458,-1.7510074591907911,-3.311644067921234,-3.311644069833035,0.0,8.881784197001252e-15,0.0,0.0,0.0,-2.0571727809009976,0
9.349999999999998,8,19.442587212619898,14.612628583695955,15.003320925690897,2.773743436424335,0.4151871317787677,-0.00355841649686475,2.4710417656239567,0.37939689886115613,-0.003253563673204015,0.0,0.0,0.1485816341304675,0
9.399999999999999,0,3.2563718722269455,4.128583233250504,9.249492662768342,1.8965325494715317,1.8165927616842792,1.4687081760950023,1.630105289396135,1.5695232901740666,1.0627103966198486,0.0,0.0,0.7638725121171447,0
9.399999999999999,1,14.636814994325283,6.774093894602415,6.774093886189473,-1.7510076358763524,3.3116440214022216,3.3116440229308512,0.0,1.7763568394002505e-14,0.0,0.0,0.0,2.057172828401473,0
9.399999999999999,2,7.408618094113988,16.351913726715352,8.215946584977853,3.2721954630347376,-2.190494830978176,2.877865563716777,2.5,-2.4999997963932854,-2.5,0.0,0.0,-0.5899109246496219,0
9.399999999999999,3,3.290549976549597,4.142150313574865,20.986532361294167,1.889730991008929,1.811570324887732,-1.4817993529459106,1.6224866504229332,1.5638564437001738,-1.082538725726159,0.0,0.0,0.7642842241441772,0
9.399999999999999,4,14.636816588487047,23.225906833213987,6.774093181380774,-1.7510078296331646,-3.3116439722687145,3.311643969616849,0.0,0.0,0.0,0.0,0.0,-2.0571728802568146,0
9.399999999999999,5,14.636814136261076,6.7740943683910135,23.225905647885405,-1.7510075386914667,3.311644046380724,-3.3116440493381467,-4.440892098500626e-15,0.0,0.0,0.0,0.0,2.0571728023500992,0
9.399999999999999,6,7.413747216042392,21.761733577637887,16.196527427886007,3.278770457054751,-2.8811053068387564,-1.9159521315857067,2.5,2.5,2.5,0.0,0.0,-0.7209302910216082,0
9.399999999999999,7,14.636813998623861,23.22590631735605,23.225906327877805,-1.7510074591907918,-3.3116440679212342,-3.311644069833035,-1.3322676295501878e-14,-8.881784197001252e-15,0.0,0.0,0.0,-2.0571727809009976,0
9.399999999999999,8,19.58436308699035,14.633862834984706,15.003138932220876,2.8972915383937354,0.4341829197712853,-0.0037213223039445865,2.4709620393880067,0.3799157598503524,-0.0032581161415967353,0.0,0.0,0.1487512734420618,0
9.45,0,3.3532364177159253,4.221375095975218,9.32425554647783,1.9780492700876697,1.8950817473042627,1.5218071722845399,1.630334412322759,1.5697797123996695,1.0619799237907537,0.0,0.0,0.7639801335390207,0
9.45,1,14.549264612531465,6.939676095672526,6.939676087336015,-1.7510076358763524,3.3116440214022207,3.3116440229308512,0.0,-1.7763568394002505e-14,0.0,0.0,0.0,2.0571728284014736,0
9.45,2,7.575352867265725,16.239263985166442,8.356714863163692,3.3971954630347376,-2.315494830978176,2.752865563716777,2.5,-2.5,-2.5,0.0,0.0,-0.5982631836827985,0
9.45,3,3.387064908686888,4.234683961373941,20.91109008092962,1.970866294482715,1.8897755870753246,-1.5358918616359922,1.6227060694757198,1.5641052437518503,-1.0818501738016333,0.0,0.0,0.7643967891052871,0
9.45,4,14.54926619700539,23.06032463460055,6.939675379861616,-1.7510078296331646,-3.3116439722687145,3.311643969616849,0.0,0.0,0.0,0.0,0.0,-2.0571728802568146,0
9.45,5,14.549263759326504,6.939676570710049,23.060323445418497,-1.7510075386914667,3.3116440463807244,-3.3116440493381467,0.0,8.881784197001252e-15,0.0,0.0,0.0,2.057172802350099,0
9.45,6,7.58081073889513,21.62080330996175,16.103854821306722,3.403770457054751,-2.7561054002067733,-1.7909521315857067,2.5,2.499998132639664,2.5,0.0,0.0,-0.6806405120828629,0
9.45,7,14.549263625664322,23.060324113959986,23.060324124386153,-1.7510074591907918,-3.311644067921234,-3.311644069833035,0.0,8.881784197001252e-15,0.0,0.0,0.0,-2.0571727809009976,0
9.45,8,19.732316254723536,14.656047601776436,15.002948787089691,3.0208351709336623,0.4532077518978837,-0.0038844829434501404,2.4708726507985364,0.3804966425319678,-0.0032632127901110804,0.0,0.0,0.14891664918346734,0
9.5,0,3.4541770886149328,4.318091731872579,9.401672456589534,2.0595775658726234,1.9735836885902032,1.5748692321836792,1.6305659156990726,1.5700388257188111,1.061241197982787,0.0,0.0,0.7640796878795133,0
9.5,1,14.461714230737647,7.105258296742638,7.105258288482558,-1.751007635876352,3.3116440214022207,3.311644022930851,8.881784197001252e-15,0.0,-8.881784197001252e-15,0.0,0.0,2.057172828401473,0
9.5,2,7.742087640417462,16.120364243617534,8.49123314134953,3.2721954630347376,-2.440494830978176,2.627865563716777,-2.5,-2.5,-2.5,0.0,0.0,-0.6408256446923369,0
9.5,3,3.487636883129195,4.331128186555374,20.83294404552092,2.0520126832095493,1.9679934201820073,-1.589949554711896,1.6229277745366884,1.5643566621336544,-1.0811538615180742,0.0,0.0,0.76450092337917,0
9.5,4,14.464840805523732,22.897867435987116,7.1021325783424585,-1.6260078296331646,-3.1866439722687145,3.186643969616849,2.5,2.5,-2.5,0.0,0.0,-2.0426159341351737,0
9.5,5,14.461713382391931,7.105258773029085,22.89474124295159,-1.7510075386914667,3.311644046380724,-3.3116440493381463,0.0,-8.881784197001252e-15,8.881784197001252e-15,0.0,0.0,2.0571728023500992,0
9.5,6,7.747874261747867,21.486123039951412,16.016866985018602,3.278770457054751,-2.6311054002067733,-1.6885613199392124,-2.5,2.5,2.0478162329298844,0.0,0.0,-0.6762434584157223,0
9.5,7,14.464838252704784,22.897866910563923,22.8978669208945,-1.6260074591907918,-3.186644067921234,-3.186644069833035,2.5,2.4999999999999996,2.4999999999999996,0.0,0.0,-2.0426158297487875,0
9.5,8,19.886446477264176,14.679184432925913,15.002750476707726,3.1443737306920285,0.4722654940811783,-0.004047932335130392,2.4707711951673255,0.3811548436658913,-0.003268987833605031,0.0,0.0,0.1490794947296768,0
9.55,0,3.5591944668940183,4.4187337923551215,9.481741535190814,2.141117565290815,2.0520987307114757,1.6278939118675404,1.6307999883638324,1.5703008424254536,1.060493593677225,0.0,0.0,0.764172102331663,0
9.55,1,14.374163848943828,7.270840497812749,7.270840489629101,-1.7510076358763524,3.3116440214022216,3.3116440229308512,-8.881784197001252e-15,1.7763568394002505e-14,8.881784197001252e-15,0.0,0.0,2.057172828401473,0
9.55,2,7.902572414181836,15.99521450443207,8.619501420295762,3.1471954875402206,-2.565494736440349,2.5028655941325164,-2.499999509890345,-2.499998109243456,-2.4999993916852183,0.0,0.0,-0.6839218571425701,0
9.55,3,3.5922664572227454,4.431483621195525,20.75209600628453,2.133170280532476,2.04622396542403,-1.643972014743863,1.6231519464585382,1.564610904840455,-1.0804492006393407,0.0,0.0,0.7645975951505538,0
9.55,4,14.386665414042074,22.741660237373683,7.258339776823301,-1.5010078296331646,-3.0616439722687145,3.061643969616849,2.5,2.5,-2.5,0.0,0.0,-2.0266232663091093,0
9.55,5,14.374163005457358,7.270840975348121,22.72915904048468,-1.751007538691467,3.311644046380724,-3.3116440493381467,-4.440892098500626e-15,0.0,-8.881784197001252e-15,0.0,0.0,2.0571728023500992,0
9.55,6,7.908687784600605,21.357692769941075,15.934877678982417,3.153770457054751,-2.5061054002067733,-1.5910109215081893,-2.5,2.5,1.951007968620462,0.0,0.0,-0.6714627804565277,0
9.55,7,14.386662879745245,22.741659707167862,22.74165971740285,-1.5010074591907918,-3.061644067921234,-3.061644069833035,2.5,2.5,2.5,0.0,0.0,-2.026623156412135,0
9.55,8,20.04675348179425,14.703275096563301,15.002543985561434,3.2679064505109525,0.4913610514143356,-0.004211713516503759,2.470654396378476,0.38191114666314674,-0.0032756236274673447,0.0,0.0,0.14924159953038968,0
9.600000000000001,0,3.668289141211023,4.523301936391271,9.564460901296483,2.222669407389373,2.130627030734503,1.6808807323592934,1.631036841971162,1.5705660004605453,1.0597364098350612,0.0,0.0,0.764258168378248,0
9.600000000000001,1,14.28661346715001,7.43642269888286,7.436422690775643,-1.7510076358763524,3.3116440214022216,3.3116440229308512,0.0,0.0,0.0,0.0,0.0,2.057172828401473,0
9.600000000000001,2,8.056807188558846,15.863814767610052,8.741519700002387,3.0221954875402206,-2.690494736440349,2.3778655941325164,-2.5,-2.5,-2.5,0.0,0.0,-0.7273994405635275,0
9.600000000000001,3,3.7009541947342965,4.535750904720165,20.66854773613244,2.2143392199295753,2.1244673755615437,-1.697958791339645,1.6233787879419783,1.5648682027502776,-1.0797355319156403,0.0,0.0,0.7646876310053136,0
9.600000000000001,4,14.314740022560416,22.591703038760247,7.408296975304144,-1.3760078296331646,-2.9366439722687145,2.936643969616849,2.5,2.5,-2.5,0.0,0.0,-2.0089809922126616,0
9.600000000000001,5,14.286612628522786,7.436423177667157,22.563576838017774,-1.751007538691467,3.311644046380724,-3.3116440493381467,0.0,0.0,0.0,0.0,0.0,2.0571728023500992,0
9.600000000000001,6,8.063251307472697,21.235512499914766,15.857652629210648,3.02877045782894,-2.3811054008455,-1.4979910693625822,-2.499999984516226,2.499999987225463,1.8603970429121452,0.0,0.0,-0.6662462341024964,0
9.600000000000001,7,14.314737506785706,22.591702503771803,22.591702513911198,-1.3760074591907918,-2.936644067921234,-2.936644069833035,2.5,2.5,2.5,0.0,0.0,-2.008980876262859,0
9.600000000000001,8,20.213236951402767,14.728321642341246,15.002329295667177,3.391432333829567,0.5105007797034667,-0.004375882253786854,2.4705176663722876,0.38279456578262266,-0.003283374745661894,0.0,0.0,0.14940492039906061,0
9.650000000000002,0,3.7814617074775283,4.631796831141575,9.649828648974724,2.3042332432708315,2.209168759277622,1.7338291747703927,1.631276717629166,1.5708345708623859,1.0589688482219854,0.0,0.0,0.7643385658668559,0
9.650000000000002,1,14.199063085356192,7.602004899952972,7.602004891922186,-1.7510076358763516,3.3116440214022207,3.3116440229308512,8.881784197001252e-15,0.0,1.7763568394002505e-14,0.0,0.0,2.057172828401473,0
9.650000000000002,2,8.204791962935856,15.726165030788033,8.857287979709012,2.8971954875402206,-2.815494736440349,2.2528655941325164,-2.5,-2.5,-2.5,0.0,0.0,-0.7710975137351497,0
9.650000000000002,3,3.813700666393135,4.643930684521801,20.582301031434582,2.295519646423966,2.2027238165038967,-1.7519093965746637,1.6236085298878178,1.5651288188470571,-1.079012104700376,0.0,0.0,0.7647717410310638,0
9.650000000000002,4,14.249064631078758,22.447995840146813,7.552004173784987,-1.2510078296331646,-2.8116439722687145,2.811643969616849,2.5,2.5,-2.5,0.0,0.0,-1.9894328985531915,0
9.650000000000002,5,14.199062251588213,7.602005379986193,22.397994635550866,-1.7510075386914672,3.311644046380724,-3.3116440493381463,-4.440892098500626e-15,0.0,8.881784197001252e-15,0.0,0.0,2.0571728023500992,0
9.650000000000002,6,8.211564830364143,21.119582229872492,15.784971242742635,2.90377045782894,-2.2561054008455,-1.409264389357918,-2.4999999999999996,2.5,1.7745336000932859,0.0,0.0,-0.6605316902539432,0
9.650000000000002,7,14.249062133826166,22.44799530037574,22.447995310419547,-1.2510074591907918,-2.811644067921234,-2.811644069833035,2.5,2.5,2.5,0.0,0.0,-1.9894327759375947,0
9.650000000000002,8,20.38589651105226,14.754326489984706,15.002106385794274,3.5149500521501538,0.5296931260348777,-0.0045405126623322255,2.4703543664117307,0.38384692662821934,-0.0032926081709074287,0.0,0.0,0.14957173458121484,0
9.700000000000003,0,3.898712769510383,4.744219152691061,9.737842845191068,2.3858092380433504,2.287724102701798,1.7867386738833473,1.631519895450375,1.5711068684835208,1.0581899822590943,0.0,0.0,0.7644138821629917,0
9.700000000000003,1,14.111512703562374,7.767587101023083,7.7675870930687285,-1.751007635876352,3.3116440214022207,3.311644022930852,-8.881784197001252e-15,0.0,1.7763568394002505e-14,0.0,0.0,2.057172828401473,0
9.700000000000003,2,8.346526737312866,15.582265293966016,8.966806259415637,2.7721954875402206,-2.940494736440349,2.1278655941325164,-2.5,-2.5,-2.5,0.0,0.0,-0.8148502388956423,0
9.700000000000003,3,3.930506450515001,4.756023616670256,20.493357714046272,2.3767117184506588,2.280993469434328,-1.8058232989576506,1.623841440533852,1.5653930586086204,-1.0782780476597364,0.0,0.0,0.7648505387898983,0
9.700000000000003,4,14.189639239597101,22.310538641533377,7.689461372265829,-1.1260078296331646,-2.6866439722687145,2.686643969616849,2.5,2.5,-2.5,0.0,0.0,-1.9676702155961645,0
9.700000000000003,5,14.11151187465364,7.767587582305229,22.232412433083958,-1.7510075386914672,3.3116440463807244,-3.3116440493381463,0.0,8.881784197001252e-15,0.0,0.0,0.0,2.0571728023500992,0
9.700000000000003,6,8.353628353255589,21.009901959830216,15.716626450594763,2.77877045782894,-2.1311054008455,-1.3245272965569699,-2.4999999999999996,2.5,1.6947418560189622,0.0,0.0,-0.6542446954970087,0
9.700000000000003,7,14.189636760866627,22.31053809697968,22.310538106927897,-1.1260074591907918,-2.686644067921234,-2.686644069833035,2.5,2.5,2.5,0.0,0.0,-1.967670085622226,0
9.700000000000003,8,20.564731706790237,14.78129255990949,15.001875230318944,3.638457777368966,0.5489496709565298,-0.0047057063509157475,2.4701545043762465,0.385130898433041,-0.003303873771670433,0.0,0.0,0.1497448721905704,0
9.750000000000004,0,4.020042939798493,4.860569586911058,9.828501527273666,2.467397573481057,2.366293266098097,1.839608609420569,1.6317667087541294,1.5713832679259763,1.0573987107444365,0.0,0.0,0.7644846275281686,0
9.750000000000004,1,14.027087321768557,7.9300443020931946,7.936294294215271,-1.626007635876352,3.1866440214022207,3.436644022930852,2.5,-2.5,2.5,0.0,0.0,2.042615879650669,0
9.750000000000004,2,8.482011511689876,15.432115557143998,9.070074539122263,2.6471954875402206,-3.065494736440349,2.0028655941325164,-2.5,-2.5,-2.5,0.0,0.0,-0.8584905325980128,0
9.750000000000004,3,4.051372133736334,4.872030366748785,20.401719633691815,2.4579156104026545,2.3592765337068378,-1.8596999152206892,1.6240778390399129,1.5656612854501963,-1.0775323252607716,0.0,0.0,0.7649245573573538,0
9.750000000000004,4,14.136463848115444,22.179331442919942,7.820668570746672,-1.0010078296331646,-2.5616439722687145,2.561643969616849,2.5,2.5,-2.5,0.0,0.0,-1.9433186118529575,0
9.750000000000004,5,14.023961497719068,7.933169784624265,22.06683023061705,-1.7510075386914672,3.311644046380724,-3.3116440493381454,0.0,-8.881784197001252e-15,1.7763568394002505e-14,0.0,0.0,2.0571728023500992,0
9.750000000000004,6,8.489441900363381,20.90022168978794,15.653525062186757,2.6537714264827494,-2.2561054008455,-1.199528239763299,-2.499980626923807,-2.5,2.49998113587342,0.0,0.0,-0.7045814954447678,0
9.750000000000004,7,14.136461387907088,22.179330893583618,22.179330903436245,-1.0010074591907918,-2.561644067921234,-2.561644069833035,2.5,2.5,2.5,0.0,0.0,-1.943318473740138,0
9.750000000000004,8,20.74974197352421,14.80922347464513,15.001635797456984,3.761952891989911,0.5682869184690427,-0.004871608127495425,2.4699022924189,0.386744950250257,-0.0033180355315935535,0.0,0.0,0.14992810197143186,0
9.800000000000004,0,4.1454528404300675,4.980848830501173,9.921802699852677,2.5489984517819035,2.4448764775064684,1.8924382937398763,1.6320175660169287,1.5716642281674291,1.056593686386143,0.0,0.0,0.7645512475813879,0
9.800000000000004,1,13.948911939974739,8.086251503163306,8.111251495361815,-1.501007635876352,3.0616440214022207,3.561644022930852,2.5,-2.5,2.5,0.0,0.0,2.026623208944179,0
9.800000000000004,2,8.611246286066887,15.27571582032198,9.167092818828888,2.5221954875402206,-3.190494736440349,1.8778655941325164,-2.4999999999999996,-2.5,-2.5,0.0,0.0,-0.9018538690162866,0
9.800000000000004,3,4.176298311902066,4.991951610864859,20.307388670842546,2.5391315162266506,2.4375732309361338,-1.913538598750023,1.624318116479924,1.5659339445859168,-1.0767736705866757,0.0,0.0,0.7649942623214919,0
9.800000000000004,4,14.089538456633786,22.05437424430651,7.945625769227514,-0.8760078296331646,-2.4366439722687145,2.436643969616849,2.5,2.5,-2.5,0.0,0.0,-1.9159216757672903,0
9.800000000000004,5,13.936411120784495,8.0987519869433,21.901248028150142,-1.7510075386914674,3.3116440463807244,-3.3116440493381463,-4.440892098500626e-15,8.881784197001252e-15,-1.7763568394002505e-14,0.0,0.0,2.0571728023500992,0
9.800000000000004,6,8.619005471687519,20.78429142253895,15.596673650198593,2.5287714264827494,-2.381105289114077,-1.074528239763299,-2.5,-2.499997765371535,2.5,0.0,0.0,-0.7553319015566929,0
9.800000000000004,7,14.08953601494755,22.054373690187557,22.054373699944595,-0.8760074591907918,-2.436644067921234,-2.436644069833035,2.5,2.5,2.5,0.0,0.0,-1.9159215286406792,0
9.800000000000004,8,20.940926582129123,14.838123887266432,15.001388046382056,3.8854314522067472,0.5877295863830729,-0.005038434869624148,2.4695712043367246,0.38885335828060563,-0.0033365348425744685,0.0,0.0,0.15012683036404595,0
9.850000000000005,0,4.274943104252142,5.1050575922919945,10.01774433104,2.6306121011011014,2.52347399412639,1.9452269537530282,1.6322729863839556,1.5719503323984338,1.0557732002630384,0.0,0.0,0.7646141334987384,0
9.850000000000005,1,13.876986558180922,8.236208704233416,8.292458696508358,-1.376007635876352,2.9366440214022207,3.686644022930852,2.5,-2.5,2.5,0.0,0.0,2.008980931683404,0
9.850000000000005,2,8.734231060443898,15.11306608349996,9.257861098535512,2.3971954875402206,-3.315494736440349,1.7528655941325164,-2.5,-2.5,-2.5,0.0,0.0,-0.94478193932526,0
9.850000000000005,3,4.305285591175642,5.115788036913691,20.21036674030912,2.6203596547164016,2.515883811017131,-1.9673386225870766,1.6245627697950247,1.5662116016199437,-1.07600047674107,0.0,0.0,0.7650600624240369,0
9.850000000000005,4,14.048863065152128,21.935667045693073,8.064332967708356,-0.7510078296331646,-2.3116439722687145,2.311643969616849,2.5,2.5,-2.5,0.0,0.0,-1.8849200523747036,0
9.850000000000005,5,13.848860743849922,8.264334189262337,21.735665825683235,-1.7510075386914674,3.3116440463807244,-3.3116440493381454,0.0,0.0,1.7763568394002505e-14,0.0,0.0,2.0571728023500992,0
9.850000000000005,6,8.742319043011655,20.662111158261585,15.546072238210428,2.4037714264827494,-2.506105281980513,-0.9495282397632989,-2.5,-2.4999998573287243,2.5,0.0,0.0,-0.8062375952671008,0
9.850000000000005,7,14.04886064198801,21.935666486791497,21.935666496452942,-0.7510074591907918,-2.311644067921234,-2.311644069833035,2.5,2.5,2.5,0.0,0.0,-1.8849198952636435,0
9.850000000000005,8,21.138284545913592,14.868000057160884,15.00113192217377,4.0088870991719885,0.6073172093949921,-0.005206533461813859,2.4691129393048215,0.3917524602383835,-0.003361971843794205,0.0,0.0,0.15034949947031556,0
9.900000000000006,0,4.408514376382688,5.233196594943487,10.116324347458114,2.7122387841207396,2.6020861119333016,1.9979737029715698,1.6325336603927665,1.5722423561382337,1.054934984370833,0.0,0.0,0.7646736304663347,0
9.900000000000006,1,13.811311176387106,8.379915905303527,8.479915897654902,-1.251007635876352,2.8116440214022207,3.811644022930852,2.5,-2.5,2.5,0.0,0.0,1.9894328345385788,0
9.900000000000006,2,8.850965866080722,14.944166368020301,9.342379383169956,2.2721967379327705,-3.440493882746036,1.6278657912452033,-2.499974992148997,-2.4999829261137436,-2.4999960577462628,0.0,0.0,-0.9871256006743551,0
9.900000000000006,3,4.4383345894862565,5.243540346225188,20.11065579591563,2.7016002777081893,2.594208561442763,-2.0210991531524334,1.6248124598357507,1.566495008512646,-1.0752106113071342,0.0,0.0,0.7651223183802867,0
9.900000000000006,4,14.01443767367047,21.82320984707964,8.176790166189198,-0.6260078296331646,-2.1866439722687145,2.186643969616849,2.5,2.5,-2.5,0.0,0.0,-1.8496254328907475,0
9.900000000000006,5,13.76131036691535,8.429916391581374,21.570083623216327,-1.7510075386914674,3.3116440463807244,-3.3116440493381454,0.0,0.0,0.0,0.0,0.0,2.0571728023500992,0
9.900000000000006,6,8.859382614335791,20.533680994958644,15.501683799611794,2.2787714264827494,-2.631101250137113,-0.8260093041821048,-2.5,-2.4999193631319994,2.470378711623882,0.0,0.0,-0.8570348317367649,0
9.900000000000006,7,14.014435269028471,21.823209283395435,21.82320929296129,-0.6260074591907918,-2.186644067921234,-2.186644069833035,2.5,2.5,2.5,0.0,0.0,-1.8496252647378848,0
9.900000000000006,8,21.341814437499167,14.89886096375547,15.000867346045526,4.132308564251077,0.6271190543883461,-0.005376511667912107,2.4684293015817675,0.39603689986707985,-0.0033995641219649615,0.0,0.0,0.15061075092779602,0
9.950000000000006,0,4.547251315376805,5.366425900456017,10.213098032606693,2.837238775643938,2.7270861085678684,1.8729737029715698,2.499999830463972,2.4999999326913387,-2.5,0.0,0.0,0.7656045166428307,0
9.950000000000006,1,13.751885794593289,8.517373106373638,8.673623098801444,-1.126007635876352,2.6866440214022207,3.936644022930852,2.5,-2.5,2.5,0.0,0.0,1.9676701477333645,0
9.950000000000006,2,8.961450702977361,14.769016673883,9.420672286967521,2.1471967379327705,-3.565493882746036,1.5038503606574398,-2.5,-2.5,-2.4803086117552686,0.0,0.0,-1.0287491570905707,0
9.950000000000006,3,4.570289603371666,5.3701257742973265,20.01272583825801,2.5766002777081893,2.469208561442763,-1.8960991531524334,-2.5,-2.5,2.4999999999999996,0.0,0.0,0.7641180260348757,0
9.950000000000006,4,13.986262282188813,21.717002648466202,8.28299736467004,-0.5010078296331646,-2.0616439722687145,2.061643969616849,2.5,2.5,-2.5,0.0,0.0,-1.809188963129802,0
9.950000000000006,5,13.67688498986316,8.598623593838559,21.40762642074682,-1.6260075433961827,3.4366440439066452,-3.186644049442147,2.4999999059056934,2.4999999505184207,2.499999997919965,0.0,0.0,2.0127244978218766,0
9.950000000000006,6,8.970196185659928,20.39900093511652,15.463407164699946,2.1537714264827494,-2.756101143547975,-0.7050560922918405,-2.5,-2.499997868217244,2.4190642378052862,0.0,0.0,-0.907465503057261,0
9.950000000000006,7,13.986259896068931,21.717002079999375,21.71700208946964,-0.5010074591907918,-2.061644067921234,-2.061644069833035,2.5,2.5,2.5,0.0,0.0,-1.8091887828201871,0
9.950000000000006,8,21.551513972817776,14.930720791098349,15.000594193543865,4.255672848493212,0.6472740393268441,-0.005549588398521886,2.467285684842697,0.40309969876995877,-0.003461534612195578,0.0,0.0,0.15093993231961425,0
10.000000000000007,0,4.685988254159002,5.499655205884411,10.30362171775527,2.712238775643938,2.6020861085678684,1.7479737029715698,-2.5,-2.5,-2.5,0.0,0.0,0.7646736313815627,0
10.000000000000007,1,13.698710412799471,8.648580307443748,8.873580299947987,-1.001007635876352,2.5616440214022207,4.061644022930852,2.5,-2.5,2.5,0.0,0.0,1.9433185397328667,0
10.000000000000007,2,9.065685539873998,14.587616979745697,9.492739805000392,2.0221967379327705,-3.690493882746036,1.3788503606574398,-2.4999999999999996,-2.5,-2.5,0.0,0.0,-1.0695303303510229,0
10.000000000000007,3,4.6959946172570755,5.490461202369465,19.92104588060039,2.4516002777081893,2.344208561442763,-1.7710991531524334,-2.5,-2.5,2.5,0.0,0.0,0.7630090784391336,0
10.000000000000007,4,13.964336890707155,21.617045449852768,8.382954563150882,-0.3760078296331646,-1.9366439722687145,1.9366439696168491,2.5,2.5,-2.4999999999999996,0.0,0.0,-1.7625647919619833,0
10.000000000000007,5,13.598709612693352,8.773580796033892,21.251419218274712,-1.5010075433961827,3.5616440439066452,-3.061644049442147,2.5,2.5,2.5,0.0,0.0,1.969644967260617,0
10.000000000000007,6,9.074759756984065,20.258071413939255,15.431125367342558,2.0287714264827494,-2.8810797035425217,-0.5862158020036735,-2.5,-2.4995711998909314,2.37680580576334,0.0,0.0,-0.957276828575932,0
10.000000000000007,7,13.964334523109393,21.617044876603313,21.61704488597799,-0.3760074591907918,-1.9366440679212338,-1.9366440698330352,2.5,2.5,2.5,0.0,0.0,-1.762564598388874,0
10.000000000000007,8,21.767378805746908,14.963605904608144,15.00031223333074,4.378920468672086,0.6681305010649181,-0.005728820126459636,2.4649524035774775,0.4171292347614791,-0.0035846345587549973,0.0,0.0,0.1514110580746091,0
10.050000000000008,0,4.818475192941199,5.626634511312804,10.387895402903847,2.587238775643938,2.4770861085678684,1.6229737029715698,-2.5,-2.5,-2.5,0.0,0.0,0.7636508814420174,0
10.050000000000008,1,13.651785031005655,8.773537508513858,9.07978750109453,-0.876007635876352,2.4366440214022207,4.186644022930852,2.5,-2.5,2.5,0.0,0.0,1.9159215989311034,0
10.050000000000008,2,9.167708278259806,14.402349252420063,9.562772940078638,2.0587127974995307,-3.720215210279339,1.422475042472404,0.7303211913352057,-0.5944265506660606,0.8724936362992812,0.0,0.0,-1.0653576733628174,0
10.050000000000008,3,4.815449631142485,5.604546630441603,19.835615922942768,2.3266002777081893,2.219208561442763,-1.6460991531524334,-2.5,-2.5,2.5,0.0,0.0,0.76177822072459,0
10.050000000000008,4,13.948661499225498,21.523338251239334,8.476661761631725,-0.2510078296331646,-1.8116439722687145,1.8116439696168491,2.5,2.5,-2.5,0.0,0.0,-1.7084723278806027,0
10.050000000000008,5,13.526784235523543,8.954787998229225,21.101462015802145,-1.3760075433961827,3.6866440439066452,-2.936644049460553,2.5,2.5,2.4999999996318896,0.0,0.0,1.928024167481973,0
10.050000000000008,6,9.173073328308202,20.11089243041164,15.404743895579436,1.9037714264827494,-3.006079637562143,-0.46904306852121325,-2.5,-2.499998680392422,2.343454669649205,0.0,0.0,-1.0062456924722127,0
10.050000000000008,7,13.948659150149854,21.52333767320725,21.52333768248634,-0.2510074591907918,-1.8116440679212338,-1.8116440698330352,2.5,2.5,2.5,0.0,0.0,-1.708472120075824,0
10.050000000000008,8,21.98937781695837,14.99767940602678,15.00002003417688,4.501039979786393,0.6948095556805091,-0.00595914602804854,2.442390222286142,0.5335810923118189,-0.004606518031778084,0.0,0.0,0.15315755321015526,0
10.100000000000009,0,4.944712131723397,5.747363816741197,10.465919088052425,2.462238775643938,2.3520861085678684,1.4979737029715698,-2.5,-2.5,-2.5,0.0,0.0,0.7625219649674466,0
10.100000000000009,1,13.611109649211839,8.892244709583968,9.292244702241074,-0.751007635876352,2.3116440214022207,4.311644022930852,2.5,-2.5,2.5,0.0,0.0,1.8849199703130641,0
10.100000000000009,2,9.272622386379227,14.215163433369991,9.635825792460224,2.1378515272773657,-3.767217551723513,1.4996390527910792,1.5827745955567007,-0.9400468288834811,1.5432802063735038,0.0,0.0,-1.054625684189306,0
10.100000000000009,3,4.928654645027895,5.712382058513741,19.756435965285146,2.2016002777081893,2.094208561442763,-1.5210991531524334,-2.5,-2.5,2.5,0.0,0.0,0.7604041851137705,0
10.100000000000009,4,13.93923610774384,21.4358810526259,8.564118960112566,-0.1260078296331646,-1.6866439722687145,1.6866439696168491,2.5,2.5,-2.5,0.0,0.0,-1.6453669994295612,0
10.100000000000009,5,13.461108858353734,9.142245200424558,20.957754813329117,-1.2510075433961827,3.8116440439066452,-2.811644049460553,2.5,2.4999999999999973,2.4999999999999996,0.0,0.0,1.8879259387963385,0
10.100000000000009,6,9.265136899632338,19.957463449430808,15.384192190990463,1.7787714264827494,-3.1310796016710825,-0.3530251150377503,-2.5,-2.499999282178789,2.320359069669259,0.0,0.0,-1.0541618084849198,0
10.100000000000009,7,13.939233777190315,21.43588046981119,21.435880478994687,-0.12600745919079182,-1.6866440679212338,-1.6866440698330352,2.5,2.5,2.5,0.0,0.0,-1.645366776802446,0
10.100000000000009,8,22.211339934393276,15.031952721161149,14.999726081680183,4.377444717609844,0.6761230496942928,-0.005798953839809433,-2.4719052435309843,-0.37373011972432485,0.0032038437647821526,0.0,0.0,0.15324511943798097,0
10.15000000000001,0,5.064699070505593,5.861843122169591,10.537692773201004,2.337238775643938,2.2270861085678684,1.3729737029715698,-2.5,-2.5,-2.5,0.0,0.0,0.7612694494542447,0
10.15000000000001,1,13.576684267418022,9.004701910654079,9.510951903387618,-0.626007635876352,2.1866440214022207,4.436644022930852,2.5,-2.5,2.5,0.0,0.0,1.8496253450483002,0
10.15000000000001,2,9.381480884944798,14.025650660354644,9.71272826687572,2.2164884153454696,-3.813293368890363,1.5764599238287782,1.5727377613620772,-0.921516343336999,1.5364174207539776,0.0,0.0,-1.044275409429363,0
10.15000000000001,3,5.035609658913304,5.81396748658588,19.683506007627525,2.0766002777081893,1.969208561442763,-1.3960991531524334,-2.5,-2.5,2.5,0.0,0.0,0.7588604526104237,0
10.15000000000001,4,13.936060716262181,21.354673854012464,8.645326158593408,-0.001007829633164592,-1.5616439722687145,1.5616439696168491,2.5,2.5,-2.5,0.0,0.0,-1.5714416912384848,0
10.15000000000001,5,13.401683481183925,9.33595240261989,20.82029761085609,-1.1260075433961827,3.9366440439066452,-2.686644049460553,2.5,2.5,2.5,0.0,0.0,1.8493900196772153,0
10.15000000000001,6,9.350950470956475,19.79778446938803,15.369425473444245,1.6537714264827494,-3.2560796000400423,-0.237643586810944,-2.5,-2.4999999673791966,2.3076305645361264,0.0,0.0,-1.1008466104210695,0
10.15000000000001,7,13.936058404230776,21.35467326641513,21.354673275503036,-0.0010074591907918151,-1.5616440679212338,-1.5616440698330352,2.5,2.5,2.5,0.0,0.0,-1.571441453985991,0
10.15000000000001,8,22.427123051310456,15.06528669503814,14.999440182802498,4.253879959077254,0.6572359053853452,-0.005637001267548778,-2.471295170651804,-0.37774288617895424,0.0032390514452130988,0.0,0.0,0.15329062317181316,0
10.20000000000001,0,5.178436009287791,5.970072427597985,10.603216458349582,2.212238775643938,2.1020861085678684,1.2479737029715698,-2.5,-2.5,-2.5,0.0,0.0,0.759871865742191,0
10.20000000000001,1,13.548508885624205,9.11090911172419,9.73590910453416,-0.49793016906758614,2.048980260227687,4.533623874995543,2.5,-2.5,2.5,0.0,0.0,1.8091888689201614,0
10.20000000000001,2,9.494257620601452,13.833857785577583,9.7934621720338,2.2945810109207456,-3.8584216221921364,1.6528962824943996,1.5618519115055203,-0.9025650660354645,1.528727173312428,0.0,0.0,-1.0342872739692388,0
10.20000000000001,3,5.1363268438649,5.909315085724204,19.616826049969905,1.9520871203556525,1.8446954040902261,-1.2710991531524334,-2.4902631470507384,-2.4902631470507384,2.5,0.0,0.0,0.7571207758476076,0
10.20000000000001,4,13.939135324780525,21.279716655399028,8.72028335707425,0.12399217036683541,-1.4366439722687145,1.4366439696168491,2.5,2.5,-2.4999999999999996,0.0,0.0,-1.484702851741757,0
10.20000000000001,5,13.348508104014117,9.535909604815224,20.689090408383063,-1.0010075433961827,4.061644043906645,-2.561644049460553,2.5,2.5,2.5,0.0,0.0,1.8124345999302585,0
10.20000000000001,6,9.430514042280612,19.631855489386027,15.36042541134143,1.5287714264827494,-3.3810796000400423,-0.12235889730167424,-2.5,-2.5,2.305693790185395,0.0,0.0,-1.1461518991142583,0
10.20000000000001,7,13.939133031271236,21.27971606301907,21.279716072011386,0.12399254080920818,-1.4366440679212338,-1.4366440698330352,2.5,2.5,2.5,0.0,0.0,-1.4847026014995615,0
10.20000000000001,8,22.63672828339986,15.097674007560041,14.99916240176984,4.130329324498932,0.6382565954907109,-0.005474240038749962,-2.4710126915664223,-0.3795861978926843,0.00325522457597634,0.0,0.0,0.1533165388173243,0
10.25000000000001,0,5.285922948069988,6.072051733026378,10.66249014349816,2.087238775643938,1.9770861085678684,1.1229737029715698,-2.5,-2.5,-2.5,0.0,0.0,0.7583024681171872,0
10.25000000000001,1,13.526737095393914,9.210233193790986,9.965715220807931,-0.3689521756340874,1.9034026407459401,4.608788634695266,2.4997745784703267,-2.499944755670736,2.4999380191954486,0.0,0.0,1.7622601366799935,0
10.25000000000001,2,9.61092488889666,13.639832472256034,9.878007803365772,2.3721097208875555,-3.9025909106699053,1.7289289707844595,1.5505741993361986,-0.8833857695553746,1.5206537658011998,0.0,0.0,-1.0246397515846652,0
10.25000000000001,3,5.230806199882683,5.998424855928715,19.556396092312283,1.8270871203556525,1.7196954040902261,-1.1460991531524334,-2.5,-2.5,2.5,0.0,0.0,0.7551287812684014,0
10.25000000000001,4,13.948459933298867,21.211009456785593,8.788990555555092,0.2489921703668354,-1.3116439722687145,1.3116439696168491,2.5,2.5,-2.5,0.0,0.0,-1.3831964053445651,0
10.25000000000001,5,13.301582726844309,9.742116807010557,20.564133205910036,-0.8760075433961827,4.186644043906645,-2.436644049460553,2.5,2.5,2.5,0.0,0.0,1.7770591700894043,0
10.25000000000001,6,9.503827613604749,19.459676509384025,15.357201664165187,1.4037714264827494,-3.5060796000400423,-0.006590989748014628,-2.5,-2.5,2.315358151073192,0.0,0.0,-1.189960617812611,0
10.25000000000001,7,13.948457658311698,21.211008859623007,21.211008868519734,0.24899254080920818,-1.3116440679212338,-1.3116440698330352,2.5,2.5,2.5,0.0,0.0,-1.3831961461042694,0
10.25000000000001,8,22.840156122195253,15.129111454352088,14.998892766697258,4.006784227316684,0.619241276191154,-0.005311162864547798,-2.4709019436449644,-0.3803063859911383,0.0032615434840432634,0.0,0.0,0.15333506641287556,0
10.300000000000011,0,5.387159886852185,6.1677810384547715,10.715513828646737,1.9622387756439381,1.8520861085678684,0.9979737029715698,-2.5,-2.5,-2.5,0.0,0.0,0.7565275076212922,0
10.300000000000011,1,13.51141448661221,9.302278325828281,10.199279652542696,-0.24093065694818724,1.7563758775244145,4.6751573444530035,2.5,-2.5,2.5,0.0,0.0,1.7071203917918272,0
10.300000000000011,2,9.731454009329926,13.443622947663506,9.966344500929575,2.449055096443072,-3.9457900730311852,1.8045389317676306,1.538907511110334,-0.8639832472256034,1.5121992196634229,0.0,0.0,-1.0153128338387003,0
10.300000000000011,3,5.319035555900466,6.081284626133227,19.502216134654663,1.7020871203556525,1.5946954040902261,-1.0210991531524334,-2.5,-2.5,2.5,0.0,0.0,0.7528349734454906,0
10.300000000000011,4,13.96403454181721,21.14855225817216,8.851447754035934,0.3739921703668354,-1.1866439722687145,1.1866439696168491,2.5,2.5,-2.5,0.0,0.0,-1.2654827030142286,0
10.300000000000011,5,13.260907348458417,9.95457400920589,20.44542600218775,-0.7510075920395163,4.311644043906645,-2.311644099430905,2.499999027133327,2.5,2.4999990005929567,0.0,0.0,1.7432474717552833,0
10.300000000000011,6,9.570891184928886,19.28124752938202,15.359791002432218,1.2787714264827494,-3.6310796000400423,0.11016452042921702,-2.5,-2.5,2.335110203544633,0.0,0.0,-1.2321861716012183,0
10.300000000000011,7,13.96403228535216,21.148551656226946,21.148551665028084,0.3739925408092082,-1.1866440679212338,-1.1866440698330352,2.5,2.5,2.5,0.0,0.0,-1.2654824421541517,0
10.300000000000011,8,23.037406776886073,15.1595976757392,14.9986312895145,3.883241960316201,0.600207579293285,-0.005147924445744141,-2.470845340009664,-0.38067393795737914,0.003264768376073136,0.0,0.0,0.1533500406626695,0
10.350000000000012,0,5.482146825634382,6.257260343883165,10.762287513795314,1.8372387756439381,1.7270861085678684,0.8729737029715698,-2.5,-2.5,-2.5,0.0,0.0,0.7545037800632648,0
10.350000000000012,1,13.502492953764802,9.3869721197045,10.436162519765347,-0.1143046086654069,1.6084941306763534,4.732830135132421,2.5,-2.5,2.5,0.0,0.0,1.641740184099172,0
10.350000000000012,2,9.855815332386895,13.245277991145732,10.05845065444851,2.4852068486091246,-3.9245401888517883,1.8497922114965968,1.5268545878519502,-0.8443622929715919,1.503365544442315,0.0,0.0,-1.006287908069163,0
10.350000000000012,3,5.4010149119182485,6.157894396337738,19.45428617699704,1.5770871203556525,1.4696954040902261,-0.8960991531524334,-2.5,-2.5,2.5,0.0,0.0,0.7501651678280246,0
10.350000000000012,4,13.985859150335552,21.092345059558724,8.907654952516776,0.4989921703668354,-1.0616439722687145,1.0616439696168491,2.5,2.5,-2.5,0.0,0.0,-1.1314203925672812,0
10.350000000000012,5,13.226481968856442,10.173281211401223,20.332968797216207,-0.6260075920395163,4.436644043906645,-2.186644099430905,2.5,2.5,2.5,0.0,0.0,1.7109703223535662,0
10.350000000000012,6,9.631704756253022,19.09656854938002,15.36825946397448,1.1537714264827494,-3.7560796000400423,0.2285739412613504,-2.5,-2.5,2.368188416642667,0.0,0.0,-1.2727705970082257,0
10.350000000000012,7,13.98585691239262,21.092344452830886,21.09234446153643,0.4989925408092082,-1.0616440679212338,-1.0616440698330352,2.5,2.5,2.5,0.0,0.0,-1.1314201414570964,0
10.350000000000012,8,23.22848036180542,15.189131929532826,14.998377976733515,3.7597014364577634,0.5811625724517473,-0.004984586793727868,-2.4708104771687536,-0.380900136830756,0.003266753040325453,0.0,0.0,0.1533629909348883,0
10.400000000000013,0,5.570883806100838,6.340489683611815,10.80281122202505,1.7122404430142981,1.6020874805781145,0.7479746262178251,-2.4999666525928013,-2.4999725597950775,-2.4999815350748946,0.0,0.0,0.7521750080997582,0
10.400000000000013,1,13.499902723331532,9.464271826238317,10.669679026521967,0.010695391334593102,1.4834941306763534,4.607830135132421,2.5,-2.5,-2.5,0.0,0.0,1.5635868570639735,0
10.400000000000013,2,9.981968695577992,13.048020322304497,10.15280795747257,2.511710426260124,-3.889550380692696,1.8875138597291128,1.514416608511773,-0.8245275189162519,1.4941539593841877,0.0,0.0,-0.9974085722794123,0
10.400000000000013,3,5.476744267936032,6.22825416654225,19.41260621933942,1.4520871203556525,1.3446954040902261,-0.7710991531524334,-2.5,-2.5,2.5,0.0,0.0,0.7470187107776884,0
10.400000000000013,4,14.013933758853893,21.04238786094529,8.957612150997617,0.6239921703668354,-0.9366439722687145,0.9366439696168491,2.5,2.5,-2.4999999999999996,0.0,0.0,-0.9831169022653359,0
10.400000000000013,5,13.198306589254466,10.398238413596555,20.226761592244664,-0.49793012088488986,4.533623853822003,-2.0489803187858326,2.5,2.5,2.5,0.0,0.0,1.680188365191562,0
10.400000000000013,6,9.686268327577158,18.905639569378017,15.382706228148256,1.0287714264827494,-3.8810796000400423,0.3492966256897041,-2.5,-2.5,2.4144536885670735,0.0,0.0,-1.3116819028047846,0
10.400000000000013,7,14.01393153943308,21.042387249434825,21.04238725804478,0.6239925408092082,-0.9366440679212338,-0.9366440698330352,2.5,2.5,2.4999999999999996,0.0,0.0,-0.9831166754607717,0
10.400000000000013,8,23.413376950413152,15.217713739206259,14.998132832535335,3.6361621078515585,0.5621098144855552,-0.0048211811334854995,-2.4707865721241,-0.38105515932384293,0.00326811320484738,0.0,0.0,0.15337468958129943,0
10.450000000000014,0,5.653370828251553,6.417469057640721,10.837084953335939,1.5872404430142981,1.4770874805781145,0.6229746262178251,-2.4999999999999996,-2.5,-2.5,0.0,0.0,0.7494667760793591,0
10.450000000000014,1,13.503562492898263,9.535321532772134,10.896945533278588,0.1356953913345931,1.3584941306763534,4.482830135132421,2.5,-2.5,-2.5,0.0,0.0,1.4712399298322383,0
10.450000000000014,2,10.10943147080405,12.852536800729574,10.24903954946434,2.5373839865263275,-3.8547182595256606,1.9242737966825887,1.5018031304422008,-0.8048020322304497,1.484719204252743,0.0,0.0,-0.9886404629903393,0
10.450000000000014,3,5.546223623953814,6.292363936746762,19.3771762616818,1.3270871203556525,1.2196954040902261,-0.6460991531524334,-2.5,-2.5,2.5,0.0,0.0,0.7432555258763439,0
10.450000000000014,4,14.048258365201777,20.998680662331854,9.00131934947846,0.7489920835484621,-0.8116439722687145,0.8116439696168491,2.499998263632534,2.5,-2.5,0.0,0.0,-0.825521716736956,0
10.450000000000014,5,13.176535083210222,10.628044606287656,20.127437576305372,-0.3689409064571404,4.608790792746036,-1.9033995997272735,2.5,2.5,2.5,0.0,0.0,1.650677547383381,0
10.450000000000014,6,9.734581898901295,18.708460589376013,15.403263061792876,0.9037714264827494,-4.006079600040042,0.47297672009507896,-2.5,-2.5,2.473601888107497,0.0,0.0,-1.3489109004286348,0
10.450000000000014,7,14.048256166473541,20.998680046038764,20.99868005455313,0.7489925408092082,-0.8116440679212338,-0.8116440698330352,2.5,2.5,2.5,0.0,0.0,-0.8255214712041842,0
10.450000000000014,8,23.592096594569625,15.245342768500304,14.997895859870292,3.5126236584074775,0.5430513572762815,-0.004657725468178976,-2.47076898888162,-0.38116914418547443,0.0032691133061304644,0.0,0.0,0.1533855886464077,0
10.500000000000014,0,5.729607850402268,6.488198431669627,10.86510868464683,1.4622404430142981,1.3520874805781145,0.49797462621782507,-2.5,-2.5,-2.5,0.0,0.0,0.7462780723235451,0
10.500000000000014,1,13.513472247137223,9.600121243175975,11.117962043154064,0.2606947782237824,1.2334942854772766,4.3578302598866,2.4999877377837856,-2.499996903981537,-2.4999975049164127,0.0,0.0,1.3625147943232023,0
10.500000000000014,2,10.238161991196517,12.6588193206532,10.347097109354788,2.562255331920113,-3.8200600142831735,1.9600992580279684,1.4890568529195949,-0.7852536800729574,1.475096045053566,0.0,0.0,-0.9799811387367585,0
10.500000000000014,3,5.609452979971597,6.350223706951273,19.34799630402418,1.2020871203556525,1.0946954040902261,-0.5210991531524334,-2.5,-2.5,2.5,0.0,0.0,0.7386747337512046,0
10.500000000000014,4,14.08883296884615,20.96122346371842,9.038776547959301,0.8739920622264493,-0.6866439722687145,0.6866439696168491,2.499999573559744,2.5,-2.5,0.0,0.0,-0.6659239054284325,0
10.500000000000014,5,13.161213037887366,10.861609145924959,20.03539259631901,-0.2409195079986494,4.675159100293361,-1.7563727331093082,2.5,2.5,2.5,0.0,0.0,1.6222826154286174,0
10.500000000000014,6,9.776645470277646,18.511281609374013,15.427249666773342,0.7787714285713022,-3.8810796000400423,0.48648747912360757,-2.4999999582289445,2.5,0.2702151805705719,0.0,0.0,-1.372767719290779,0
10.500000000000014,7,14.088830793514003,20.9612228426427,20.96122285106148,0.8739925408092082,-0.6866440679212338,-0.6866440698330352,2.5,2.5,2.5,0.0,0.0,-0.6659237070895803,0
10.500000000000014,8,23.76463933324366,15.272018764826173,14.9976670609546,3.3890858885540296,0.523988495758461,-0.00449423115953685,-2.470755397068956,-0.38125723035641,0.003269886172842523,0.0,0.0,0.1533959827571974,0
10.550000000000015,0,5.799594872552984,6.552677805698533,10.88688241595772,1.3372404430142981,1.2270874805781145,0.37297462621782507,-2.5,-2.5,-2.5,0.0,0.0,0.7424686750746328,0
10.550000000000015,1,13.529631986048413,9.658670957449838,11.332728556148393,0.3856947782237824,1.1084942854772766,4.2328302598866,2.5,-2.5,-2.5,0.0,0.0,1.2359536281342731,0
10.550000000000015,2,10.368119987519439,12.46685896751758,10.44693368509908,2.586351514367602,-3.7855901928168443,1.9950169764133194,1.476183781532489,-0.7658819371696372,1.465290274313077,0.0,0.0,-0.9714282029462805,0
10.550000000000015,3,5.66643233598938,6.401833477155785,19.325066346366558,1.0770871203556525,0.9696954040902261,-0.3960991531524334,-2.5,-2.5,2.5,0.0,0.0,0.7329776793105774,0
10.550000000000015,4,14.135657571957474,20.930016265104985,9.069983746440144,0.9989920622264493,-0.5616439722687145,0.5616439696168491,2.5,2.5,-2.5,0.0,0.0,-0.5121696268355337,0
10.550000000000015,5,13.152292062487435,11.098492100939628,19.950698959663544,-0.11429360717537645,4.732831497133598,-1.6084909048853793,2.5,2.5,2.5,0.0,0.0,1.5949407310785917,0
10.550000000000015,6,9.81245904170621,18.32035262937201,15.451823415656579,0.6537714285713022,-3.7560796000400423,0.4964624762058459,-2.5,2.5,0.19949994164476625,0.0,0.0,-1.3984659193439988,0
10.550000000000015,7,14.135655420554464,20.93001563924664,20.930015647569828,0.9989925408092082,-0.5616440679212338,-0.5616440698330352,2.5,2.5,2.5,0.0,0.0,-0.512169494938848,0
10.550000000000015,8,23.93100519705433,15.297741529765842,14.997446437529172,3.2655486638726536,0.5049221018283317,-0.004330705857559941,-2.4707444936275174,-0.3813278786025836,0.003270506039538183,0.0,0.0,0.15340608158829627,0
10.600000000000016,0,5.863331894703698,6.610907179727438,10.90240614726861,1.2122404430142981,1.1020874805781145,0.24797462621782507,-2.5,-2.5,-2.5,0.0,0.0,0.7378379648346133,0
10.600000000000016,1,13.552041724959603,9.7109706717237,11.541245069142722,0.5106947782237824,0.9834942854772766,4.1078302598866,2.5,-2.5,-2.4999999999999987,0.0,0.0,1.091855271800848,0
10.600000000000016,2,10.49926654823938,12.276646100505797,10.548503667209108,2.609698785702884,-3.7513218461086213,2.029053142430995,1.463188001248056,-0.7466858967517579,1.455306631490092,0.0,0.0,-0.9629793150627564,0
10.600000000000016,3,5.717161692007163,6.447193247360296,19.308386388708936,0.9520871203556525,0.8446954040902261,-0.2710991531524334,-2.5,-2.5,2.5,0.0,0.0,0.7257002817903049,0
10.600000000000016,4,14.188732175068797,20.90505906649155,9.094940944920985,1.1239920622264492,-0.43664397226871454,0.43664396961684915,2.5,2.5,-2.5,0.0,0.0,-0.3705326146671547,0
10.600000000000016,5,13.149702382128666,11.332008675796308,19.873399414419275,0.010706392824623545,4.607831497133598,-1.4834909048853793,2.5,-2.5,2.5,0.0,0.0,1.568472810068145,0
10.600000000000016,6,9.842022613134775,18.13567364937001,15.476786892102552,0.5287714285713022,-3.6310796000400423,0.5020765816330854,-2.5,2.5,0.1122821085447907,0.0,0.0,-1.4261890533851975,0
10.600000000000016,7,14.188730047594925,20.90505843585058,20.905058444078175,1.1239925408092082,-0.4366440679212338,-0.43664406983303516,2.5,2.5,2.5,0.0,0.0,-0.37053254488968584,0
10.600000000000016,8,24.09119421088409,15.32251090210736,14.99723399100848,3.1420118893179243,0.4858527918323927,-0.004167154970061235,-2.470735491094583,-0.38138619991878087,0.0032710177499741247,0.0,0.0,0.15341604646241438,0
10.650000000000016,0,5.920818916854413,6.662886553756344,10.911679878579502,1.0872404430142981,0.9770874805781145,0.12297462621782507,-2.5,-2.4999999999999996,-2.5,0.0,0.0,0.7320885158256479,0
10.650000000000016,1,13.580701463870792,9.757020385997563,11.743511582137051,0.6356947782237824,0.8584942854772766,3.9828302598866,2.5,-2.5,-2.5,0.0,0.0,0.9334182208875745,0
10.650000000000016,2,10.631564079205994,12.088170427437802,10.651762761372257,2.6323225994107857,-3.717266629913455,2.062233385134455,1.4500733451760621,-0.7276646100505797,1.4451496332790892,0.0,0.0,-0.9546321887931547,0
10.650000000000016,3,5.761641048024946,6.486303017564808,19.297956431051315,0.8270871203556525,0.7196954040902261,-0.14609915315243338,-2.5,-2.5,2.5,0.0,0.0,0.7160803020074539,0
10.650000000000016,4,14.24805677818012,20.886351867878115,9.113648143401827,1.2489920622264492,-0.31164397226871454,0.31164396961684915,2.5,2.5,-2.5,0.0,0.0,-0.2445234352609231,0
10.650000000000016,5,13.153362519705485,11.559275348859375,19.802349544233575,0.1356991102481424,4.482835425389024,-1.3585039025425596,2.4998543484703775,-2.4999214348914895,2.4997400468563917,0.0,0.0,1.5405347463233374,0
10.650000000000016,6,9.86533618456334,17.95724466936801,15.501907791506857,0.4037714285713022,-3.5060796000400423,0.5027593945390798,-2.5,2.5,0.013656258119887058,0.0,0.0,-1.4561382099734164,0
10.650000000000016,7,14.248054674635386,20.88635123245452,20.886351240586524,1.2489925408092082,-0.3116440679212338,-0.31164406983303516,2.5,2.5,2.5,0.0,0.0,-0.2445234173512451,0
10.650000000000016,8,24.24520639549435,15.34632674736058,14.997029722572542,3.0184754950924684,0.46678101829637547,-0.00400358246749367,-2.4707278845091194,-0.3814354707203451,0.003271450051351291,0.0,0.0,0.1534260108424703,0
10.700000000000017,0,5.972055939005129,6.70861592778525,10.914703609890392,0.9622404430142981,0.8520874805781145,-0.002025373782174933,-2.5,-2.5,-2.5,0.0,0.0,0.7247597768233083,0
10.700000000000017,1,13.615611202781981,9.796820100271427,11.939528095131381,0.7606947782237824,0.7334942854772766,3.8578302598866,2.5,-2.5,-2.5,0.0,0.0,0.7671959898396232,0
10.700000000000017,2,10.764976263666632,11.9014210746387,10.756667960283808,2.6542476212139707,-3.6834348944422963,2.094582761240254,1.4368435920794007,-0.7088170427437802,1.4348237238627743,0.0,0.0,-0.9463845885457868,0
10.700000000000017,3,5.7998704040427285,6.51916278776932,19.293776473393695,0.7020871203556525,0.5946954040902261,-0.02109915315243338,-2.5,-2.5,2.5,0.0,0.0,0.7027727296443744,0
10.700000000000017,4,14.313631381291442,20.87389466926468,9.126105341882669,1.3739920622264492,-0.18664397226871454,0.18664396961684915,2.5,2.5,-2.5,0.0,0.0,-0.13501423730606907,0
10.700000000000017,5,13.163272475217893,11.780292120128825,19.737549349106448,0.2606991102481424,4.357835425389024,-1.2335039025425596,2.5,-2.5,2.5,0.0,0.0,1.5110444650900323,0
10.700000000000017,6,9.882399755991905,17.785065689366007,15.527002646963993,0.2787714285713022,-3.3810796000400423,0.5010348237463693,-2.5,2.5,-0.03449141585421068,0.0,0.0,-1.4885319843541887,0
10.700000000000017,7,14.313629301675846,20.87389402905846,20.873894037094875,1.3739925408092082,-0.18664406792123378,-0.18664406983303516,2.5,2.5,2.5,0.0,0.0,-0.13501425920309704,0
10.700000000000017,8,24.393041768580822,15.369188950909999,14.99683363322699,2.8949394283664867,0.44770712368039506,-0.0038399913545967375,-2.470721334519638,-0.38147789231960805,0.0032718222579386485,0.0,0.0,0.15343609295444727,0
10.750000000000018,0,6.017042961155844,6.748095301814156,10.911477341201282,0.8372404430142981,0.7270874805781145,-0.12702537378217493,-2.4999999999999996,-2.4999999999999996,-2.5,0.0,0.0,0.715098680990216,0
10.750000000000018,1,13.656770941693171,9.830369814545291,12.12929460812571,0.8856947782237824,0.6084942854772766,3.7328302598866,2.5,-2.5,-2.5,0.0,0.0,0.601964598151801,0
10.750000000000018,2,10.899468022694373,11.716386652282255,10.863177514850785,2.675497738352491,-3.6498357727113504,2.1261257451776543,1.4235023736333368,-0.69014210746387,1.4243332039716192,0.0,0.0,-0.9382343270960727,0
10.750000000000018,3,5.8318497600605115,6.545772557973831,19.295846515736073,0.5770871203556525,0.46969540409022614,0.10390084684756662,-2.5,-2.5,2.5,0.0,0.0,0.6831636459447733,0
10.750000000000018,4,14.385455984402766,20.867687470651244,9.132312540363511,1.4989920622264492,-0.06164397226871454,0.06164396961684915,2.5,2.5,-2.5,0.0,0.0,-0.04110045627956173,0
10.750000000000018,5,13.1794324307303,11.995058891398276,19.67899915397932,0.3856991102481424,4.232835425389024,-1.1085039025425596,2.5,-2.5,2.5,0.0,0.0,1.4799265260631405,0
10.750000000000018,6,9.893213327420469,17.619136709364007,15.55195534091407,0.15377142857130222,-3.2560796000400423,0.49707293425670157,-2.4999999999999996,2.5,-0.07923778979335472,0.0,0.0,-1.5236054463790718,0
10.750000000000018,7,14.385453928716307,20.867686825662396,20.867686833603223,1.4989925408092082,-0.061644067921233794,-0.06164406983303518,2.5,2.4999999999999996,2.4999999999999996,0.0,0.0,-0.04110050687567985,0
10.750000000000018,8,24.53470034549387,15.391097413342576,14.996645723844074,2.7714036481554127,0.42863137362273335,-0.003676383962076518,-2.470715604221476,-0.3815150011532337,0.003272147850404393,0.0,0.0,0.15344640438581666,0
10.800000000000018,0,6.055779983306559,6.781324675843062,10.902001072512173,0.7122404430142981,0.6020874805781145,-0.25202537378217493,-2.5,-2.5,-2.5,0.0,0.0,0.7017842213048414,0
10.800000000000018,1,13.704180680604361,9.857669528819153,12.312811121120038,1.0106947782237823,0.4834942854772766,3.6078302598866,2.5,-2.5,-2.5,0.0,0.0,0.4462009825559195,0
10.800000000000018,2,11.035005476109161,11.533055315315151,10.971250904920312,2.696096071226232,-3.6164772634872335,2.156886222636319,1.4100531977305626,-0.6716386652282255,1.4136822485149216,0.0,0.0,-0.9301792632387763,0
10.800000000000018,3,5.857579116078294,6.566132328178343,19.304166558078453,0.45208712035565246,0.34469540409022614,0.22890084684756662,-2.5,-2.5,2.5,0.0,0.0,0.6514238182044118,0
10.800000000000018,4,14.46353058751409,20.86773027203781,9.132269738844354,1.6239920622264492,0.06335602773128546,-0.06335603038315085,2.5,2.5,-2.5,0.0,0.0,0.03899274903248879,0
10.800000000000018,5,13.201842386242708,12.203575662667728,19.62669895885219,0.5106991102481424,4.107835425389024,-0.9835039025425596,2.5,-2.5,2.5,0.0,0.0,1.447107807697595,0
10.800000000000018,6,9.897776898849033,17.459457729362004,15.576634281749335,0.028771428571302216,-3.1310796000400423,0.49008469915391506,-2.5,2.5,-0.13976470205572966,0.0,0.0,-1.5616076051739298,0
10.800000000000018,7,14.463528555756769,20.867729622266335,20.867729630111572,1.6239925408092082,0.06335593207876619,0.06335593016696482,2.5,2.4999999999999996,2.5,0.0,0.0,0.0389926787430603,0
10.800000000000018,8,24.67018213974799,15.41205204714367,14.996465995191645,2.647868122009239,0.40955397842093205,-0.0035127621350804572,-2.4707105229234783,-0.3815479040360258,0.003272436539921212,0.0,0.0,0.15345705664892823,0
10.85000000000002,0,6.088267005457274,6.808304049871968,10.886274803823063,0.5872404430142981,0.47708748057811445,-0.37702537378217493,-2.5,-2.5,-2.5,0.0,0.0,0.6822700059156075,0
10.85000000000002,1,13.757840419515551,9.878719243093016,12.490077634114368,1.1356947782237823,0.3584942854772766,3.4828302598866,2.5,-2.5,-2.5,0.0,0.0,0.30576183209536517,0
10.85000000000002,2,11.171963458853876,11.35509028975141,11.075970216052127,2.7822232385623686,-3.50212375906242,2.031886222636319,1.722543346722736,2.28707008849627,-2.5,0.0,0.0,-0.8994555287157034,0
10.85000000000002,3,5.877058472096077,6.580242098382854,19.31873660042083,0.32708712035565246,0.21969540409022614,0.3539008468475666,-2.5,-2.4999999999999996,2.5,0.0,0.0,0.591460136708914,0
10.85000000000002,4,14.547855190625413,20.874023073424375,9.125976937325195,1.7489920622264492,0.18835602773128546,-0.18835603038315085,2.5,2.5,-2.5,0.0,0.0,0.10728057183832118,0
10.85000000000002,5,13.230502341755116,12.405842433937178,19.580648763725065,0.6356991102481424,3.982835425389024,-0.8585039025425596,2.5,-2.5,2.5,0.0,0.0,1.4125216594777235,0
10.85000000000002,6,9.896090470277597,17.306028749360003,15.600986861944758,-0.09622857142869778,-3.0060796000400423,0.48401850866296775,-2.5,2.5,-0.12132380981894642,0.0,0.0,-1.6027967177237392,0
10.85000000000002,7,14.54785318279723,20.874022418870275,20.87402242661992,1.7489925408092082,0.1883559320787662,0.18835593016696484,2.5,2.5,2.5,0.0,0.0,0.10728048864445017,0
10.85000000000002,8,24.799487163393056,15.432052774289886,14.99629444795428,2.5243328237933684,0.3904751074277073,-0.0033491273595067745,-2.470705964317414,-0.3815774198644948,0.0032726955114736546,0.0,0.0,0.15346816686502956,0
10.90000000000002,0,6.114504117730614,6.829033478777796,10.864298599031802,0.4622440479193065,0.35208967565502014,-0.5020228178683153,-2.4999279018998317,-2.499956098461886,-2.4999488817228075,0.0,0.0,0.6509449415116793,0
10.90000000000002,1,13.81775015842674,9.89351895736688,12.661094147108697,1.2606947782237823,0.23349428547727658,3.3578302598866,2.5,-2.5,-2.5,0.0,0.0,0.18313558040118136,0
10.90000000000002,2,11.314199620781995,11.180337104212107,11.174439654689545,2.9072232385623686,-3.4880036625096666,1.906891322860417,2.5,0.2824019310550717,-2.4998979955180376,0.0,0.0,-0.8759644033537447,0
10.90000000000002,3,5.89028782811386,6.588101868587366,19.33955664276321,0.20208712035565246,0.09469540409022614,0.4789008468475666,-2.5,-2.5,2.5,0.0,0.0,0.43820294185483927,0
10.90000000000002,4,14.638429793736735,20.88656587481094,9.113434135806036,1.8739920622264492,0.31335602773128546,-0.31335603038315085,2.5,2.5,-2.5,0.0,0.0,0.165680298045419,0
10.90000000000002,5,13.265412297267524,12.601859205206628,19.540848568597937,0.7606991102481424,3.857835425389024,-0.7335039025425596,2.5,-2.5,2.5,0.0,0.0,1.3761109952006503,0
10.90000000000002,6,9.888154041706162,17.158849769358003,15.625002921451301,-0.22122857142869778,-2.8810796000400423,0.47662387159873537,-2.5,2.5,-0.14789274128464713,0.0,0.0,-1.6474326338383551,0
10.90000000000002,7,14.63842780983769,20.886565215474214,20.88656522312827,1.8739925408092082,0.3133559320787662,0.31335593016696484,2.5,2.5,2.5,0.0,0.0,0.16568020685004867,0
10.90000000000002,8,24.922615427291756,15.451099524450584,14.99613108274906,2.4007977321546665,0.3713948990001983,-0.0031854808492989967,-2.470701832774041,-0.38160416855018026,0.003272930204155554,0.0,0.0,0.15347986335108385,0
10.95000000000002,0,6.134491320126579,6.843512962560547,10.836072458138386,0.3372440479193065,0.22708967565502014,-0.6270228178683153,-2.5,-2.5,-2.5,0.0,0.0,0.5926283144345322,0
10.95000000000002,1,13.88390989733793,9.902068671640743,12.825860660103027,1.3856947782237823,0.10849428547727658,3.2328302598866,2.5,-2.5,-2.5,0.0,0.0,0.0781365419304967,0
10.95000000000002,2,11.46268577483895,11.005028010527544,11.266659220832565,3.032222923715898,-3.524360084872875,1.781891322860417,2.4999937030705848,-0.7271284472641731,-2.5,0.0,0.0,-0.8603176813762672,0
10.95000000000002,3,5.897267184131643,6.5897116387918775,19.36662668510559,0.07708712035565246,-0.030304595909773857,0.6039008468475666,-2.5,-2.5,2.5,0.0,0.0,-0.3745625123305906,0
10.95000000000002,4,14.735254396848058,20.905358676197505,9.094641334286878,1.9989920622264492,0.43835602773128546,-0.43835603038315085,2.5,2.5,-2.5,0.0,0.0,0.2158715777093362,0
10.95000000000002,5,13.306571731638238,12.791625976476078,19.50729741174724,0.8856782645804283,3.732835425389024,-0.6085423714854717,2.499583086645717,-2.5,2.4992306211417565,0.0,0.0,1.3378371978013488,0
10.95000000000002,6,9.873967613134727,17.017920789356,15.648627630556273,-0.3462285714286978,-2.7560796000400423,0.4683644926001346,-2.5,2.5,-0.16518757997201605,0.0,0.0,-1.6957652553588496,0
10.95000000000002,7,14.735252436878152,20.90535801207764,20.90535801963662,1.9989925408092082,0.43835593205835205,0.43835593016696484,2.5,2.4999999995917164,2.5,0.0,0.0,0.21587148195313074,0
10.95000000000002,8,25.039566941331447,15.469192233614573,14.995975900137617,2.2772628294328996,0.35231346755936943,-0.003021823608385022,-2.4706980544353403,-0.38162862881657683,0.0032731448182794975,0.0,0.0,0.15349229175604406,0
11.000000000000021,0,6.148228522522545,6.851742446343298,10.80159631724497,0.2122440479193065,0.10208967565502014,-0.7520228178683153,-2.5,-2.5,-2.5,0.0,0.0,0.4483335061520943,0
11.000000000000021,1,13.95631963624912,9.904368385914607,12.990627173097357,1.5106947782237823,-0.016505714522723425,3.3578302598866,2.5,-2.5,2.5,0.0,0.0,-0.010925474831208724,0
11.000000000000021,2,11.617421921020073,10.82684538612134,11.352628786975586,3.1142586665954526,-3.5539151415668107,1.6343439430172804,2.499999996261145,-1.571696130048794,-2.5,0.0,0.0,-0.851236434495716,0
11.000000000000021,3,5.897996540149426,6.585071408996389,19.39994672744797,-0.04791287964434754,-0.15530459590977386,0.7289008468475666,-2.5,-2.5,2.5,0.0,0.0,-1.8700412291708506,0
11.000000000000021,4,14.838328999959382,20.93040147758407,9.06959853276772,2.123992062226449,0.5633560277312855,-0.5633560303831509,2.5,2.5,-2.5,0.0,0.0,0.2592648548048561,0
11.000000000000021,5,13.35398064486726,12.97514274774553,19.479995293172966,1.0106782645804282,3.607835425389024,-0.48354237148547174,2.5,-2.5,2.5,0.0,0.0,1.2976631397165541,0
11.000000000000021,6,9.853531184563291,16.883241809354,15.671827653137013,-0.4712285714286978,-2.6310796000400423,0.4596364106295103,-2.4999999999999996,2.5,-0.17456163941248595,0.0,0.0,-1.7480181890170245,0
11.000000000000021,7,14.838327063918614,20.93040080868056,20.930400816144967,2.1239925408092084,0.5633559320583521,0.5633559301669648,2.5,2.5,2.5,0.0,0.0,0.2592647568862165,0
11.000000000000021,8,25.150341714589032,15.486330843021408,14.995828900635518,2.1537281008705063,0.3332309087140394,-0.002858156475635345,-2.470694571247864,-0.3816511769066016,0.0032733426549935362,0.0,0.0,0.15350562241031657,0
11.050000000000022,0,6.15571572491851,6.853721930126049,10.760870176351553,0.08724404791930652,-0.02291032434497986,-0.8770228178683153,-2.4999999999999996,-2.5,-2.5,0.0,0.0,-0.25680228232361363,0
11.050000000000022,1,14.03497937516031,9.90041810018847,13.161643686091688,1.6356947782237823,-0.14150571452272342,3.4828302598866,2.5,-2.5,2.5,0.0,0.0,-0.0862962184468008,0
11.050000000000022,2,11.776259854349846,10.647131052767323,11.43122098412645,3.1774755639272683,-3.5653335466207983,1.4805558895176663,2.5,-1.6148610205402367,-2.5,0.0,0.0,-0.8428565681599393,0
11.050000000000022,3,5.892475896167208,6.574181179200901,19.439516769790348,-0.17291287964434754,-0.28030459590977386,0.8539008468475666,-2.4999999999999996,-2.5,2.5,0.0,0.0,-2.1235315524337173,0
11.050000000000022,4,14.947653603070705,20.961694278970636,9.038305731248562,2.248992062226449,0.6883560277312855,-0.6883560303831509,2.5,2.5,-2.5,0.0,0.0,0.297019113551164,0
11.050000000000022,5,13.407639558096282,13.152409522203726,19.458943174598694,1.1356782645804282,3.482835552938771,-0.35854237148547174,2.5,-2.499997449005061,2.5,0.0,0.0,1.2555891483779231,0
11.050000000000022,6,9.826844756405166,16.754812829039977,15.694593309873468,-0.5962285548963486,-2.506079612520903,0.45098985882871256,-2.4999996693530164,2.499999750382785,-0.17293103601595403,0.0,0.0,-1.8043669017604271,0
11.050000000000022,7,14.947651690959075,20.96169360528348,20.961693612653317,2.2489925408092084,0.6883559320583521,0.6883559301669648,2.5,2.4999999999999996,2.5,0.0,0.0,0.2970190151016607,0
11.050000000000022,8,25.254939755461486,15.502515298315618,14.995690084719675,2.030193534027497,0.3141473030543856,-0.0026944801581471043,-2.4706913368601855,-0.38167211319307587,0.0032735263497648175,0.0,0.0,0.15352005970303817,0
11.100000000000023,0,6.156952927314475,6.849451413908801,10.713894035458136,-0.037755952080693475,-0.14791032434497986,-1.0020228178683153,-2.5,-2.5,-2.5,0.0,0.0,-1.8207217204399218,0
11.100000000000023,1,14.1198891140715,9.890217814462332,13.338910199086019,1.7606947782237823,-0.2665057145227234,3.6078302598866,2.5,-2.5,2.5,0.0,0.0,-0.15022361536534187,0
11.100000000000023,2,11.93825863254621,10.466863590119203,11.502123778602332,3.236317777679764,-3.5723381431767063,1.3284003284698176,2.5,-1.6006282536639078,-2.5,0.0,0.0,-0.8347100925208101,0
11.100000000000023,3,5.880705252184991,6.557040949405412,19.485336812132726,-0.29791287964434754,-0.40530459590977386,0.9789008468475666,-2.5,-2.5,2.5,0.0,0.0,-2.2046505444907827,0
11.100000000000023,4,15.063228206182028,20.9992370803572,9.000762929729403,2.373992062226449,0.8133560277312855,-0.8133560303831509,2.5,2.4999999999999996,-2.5,0.0,0.0,0.3300771741399627,0
11.100000000000023,5,13.467548471325303,13.323426299850665,19.44414105602442,1.2606782645804282,3.357835552938771,-0.23354237148547174,2.5,-2.5,2.5,0.0,0.0,1.2116367002039377,0
11.100000000000023,6,9.793908328660347,16.63263384841393,15.716915741145097,-0.7212285548963486,-2.381079612520903,0.44190739203648466,-2.5,2.5,-0.18164933584455834,0.0,0.0,-1.86491136675096,0
11.100000000000023,7,15.063226317999536,20.999236401886396,20.999236409161664,2.3739925408092084,0.8133559320583521,0.8133559301669648,2.5,2.5,2.5,0.0,0.0,0.3300770762604902,0
11.100000000000023,8,25.353361071770692,15.517745548867214,14.995559452834314,1.9066591183406782,0.2950627190094246,-0.002530795256315591,-2.470688313736375,-0.38169168089922,0.003273698036630269,0.0,0.0,0.15353585461370536,0
11.150000000000023,0,6.151940129710441,6.838930897691552,10.66066789456472,-0.1627559520806935,-0.27291032434497986,-1.1270228178683153,-2.5,-2.5,-2.5,0.0,0.0,-2.108543574908743,0
11.150000000000023,1,14.211048852982689,9.873767528736195,13.52242671208035,1.8856947782237823,-0.3915057145227234,3.7328302598866,2.5,-2.5,2.5,0.0,0.0,-0.20471049491449686,0
11.150000000000023,2,12.103199521430199,10.286258633849897,11.565418795025822,3.290813008941594,-3.5752611159560366,1.1781586026140825,2.5,-1.5904392883764567,-2.5,0.0,0.0,-0.8268025435397679,0
11.150000000000023,3,5.862684608202774,6.533650719609923,19.537406854475105,-0.42291287964434754,-0.5303045959097739,1.1039008468475666,-2.5,-2.5,2.5,0.0,0.0,-2.244005214477659,0
11.150000000000023,4,15.185052809293351,21.043029881743767,8.956970128210244,2.498992062226449,0.9383560277312855,-0.9383560303831509,2.5,2.5,-2.5,0.0,0.0,0.3592035212624388,0
11.150000000000023,5,13.533707384554326,13.488193077497602,19.43558893745015,1.3856782645804282,3.232835552938771,-0.10854237148547174,2.5,-2.5,2.5,0.0,0.0,1.1658582046515122,0
11.150000000000023,6,9.754721900915529,16.516704867787887,15.73883259408655,-0.8462285548963486,-2.256079612520903,0.434766725621571,-2.5,2.5,-0.14281332829827376,0.0,0.0,-1.9296442097093138,0
11.150000000000023,7,15.185050945039997,21.043029198489315,21.043029205670013,2.4989925408092084,0.9383559320583521,0.9383559301669648,2.5,2.5,2.5,0.0,0.0,0.3592034246840396,0
11.150000000000023,8,25.44560567084887,15.532021547218259,14.99543700539583,1.783124844786525,0.2759772150323705,-0.002367102283008519,-2.470685471083063,-0.3817100795410826,0.003273859466141437,0.0,0.0,0.1535533220758051,0
11.200000000000024,0,6.1406773321064065,6.822160381474303,10.601191753671303,-0.2877559520806935,-0.39791032434497986,-1.2520228178683153,-2.5,-2.5,-2.5,0.0,0.0,-2.196902552730752,0
11.200000000000024,1,14.308458591893878,9.851067243010059,13.71219322507468,2.0106947782237823,-0.5165057145227234,3.8578302598866,2.5,-2.5,2.5,0.0,0.0,-0.2514426738919524,0
11.200000000000024,2,12.270865056031676,10.106073860676732,11.621202031628627,3.351456033785352,-3.5637020680500875,1.0333295813917691,2.499907323518035,-1.1373739002910255,-2.499754822320027,0.0,0.0,-0.8160813986674386,0
11.200000000000024,3,5.838413964220557,6.504010489814435,19.595726896817485,-0.5479128796443475,-0.6553045959097739,1.2289008468475666,-2.5,-2.5,2.5,0.0,0.0,-2.2671765824339434,0
11.200000000000024,4,15.313127412404674,21.09307268313033,8.906927326691086,2.623992062226449,1.0633560277312855,-1.0633560303831509,2.5,2.5,-2.5,0.0,0.0,0.3850185451225992,0
11.200000000000024,5,13.606116297783348,13.64670985514454,19.433286818875875,1.5106782645804282,3.107835552938771,0.016457628514528255,2.5,-2.5,2.5,0.0,0.0,1.118340990963839,0
11.200000000000024,6,9.709285473170711,16.407025887161844,15.760383475146886,-0.9712285548963486,-2.131079612520903,0.42726851679188876,-2.5,2.5,-0.14996417659364472,0.0,0.0,-1.9984173888528032,0
11.200000000000024,7,15.313125572080459,21.093071995092235,21.093072002178364,2.6239925408092084,1.063355932058352,1.0633559301669648,2.5,2.5,2.4999999999999996,0.0,0.0,0.385018450319325,0
11.200000000000024,8,25.53167355960903,15.545343248626429,14.995322742796795,1.659590705619867,0.25689084129441647,-0.0022034016784272287,-2.470682783333158,-0.3817274747590801,0.0032740120916258026,0.0,0.0,0.15357286579885632,0
11.250000000000025,0,6.123164534502372,6.799139865257054,10.535465612777887,-0.4127559520806935,-0.5229103243449799,-1.3770228178683153,-2.4999999999999996,-2.5,-2.5,0.0,0.0,-2.239005643632522,0
11.250000000000025,1,14.412118330805068,9.822116957283923,13.90820973806901,2.1356947782237823,-0.6415057145227234,3.9828302598866,2.5,-2.5,2.5,0.0,0.0,-0.2917992475953847,0
11.250000000000025,2,12.441562857720944,9.926893428081257,11.669743510698215,3.4157753645738924,-3.5406167800153283,0.8924749160867107,2.5,-0.796263354375438,-2.5,0.0,0.0,-0.803342524915513,0
11.250000000000025,3,5.80789332023834,6.468120260018947,19.660296939159863,-0.6729128796443475,-0.7803045959097739,1.3539008468475666,-2.5,-2.5,2.5,0.0,0.0,-2.2824293010542007,0
11.250000000000025,4,15.44241458235362,21.144492882674587,8.855507127014516,2.547494735731391,0.9934519540390387,-0.9934519566797008,-1.5299465299011659,-1.3980814738449352,1.3980814740690026,0.0,0.0,0.3718318849820102,0
11.250000000000025,5,13.684774957750703,13.798976632791478,19.4372347003016,1.6356681341137433,2.982835552938771,0.14145762851452826,2.4997973906663025,-2.5,2.5,0.0,0.0,1.069212993934047,0
11.250000000000025,6,9.657599045425894,16.303596906535798,15.77862190098648,-1.0962285548963486,-2.006079612520903,0.30226851679188876,-2.5,2.5,-2.5,0.0,0.0,-2.070912362618122,0
11.250000000000025,7,15.447450194666303,21.149364791695152,21.149364783506563,2.748992362624543,1.188355932058352,1.1883553229609756,2.499996436306697,2.5,2.4999878558802164,0.0,0.0,0.40802727195807803,0
11.250000000000025,8,25.61156474460375,15.557710610684113,14.99521666540929,1.536056694168961,0.2378036410129436,-0.0020396938217604747,-2.4706802290181225,-0.38174400562945754,0.0032741571333350767,0.0,0.0,0.15359501482947688,0
11.300000000000026,0,6.099401736898337,6.769869349039805,10.46348947188447,-0.5377559520806935,-0.6479103243449799,-1.5020228178683153,-2.5,-2.5,-2.5,0.0,0.0,-2.263555373391209,0
11.300000000000026,1,14.522028069716258,9.786916671557785,14.110476251063341,2.2606947782237823,-0.7665057145227234,4.1078302598866,2.5,-2.5,2.5,0.0,0.0,-0.32689350464400485,0
11.300000000000026,2,12.61547662594964,9.748532271066153,11.71124225650255,3.4692337283244052,-3.5212159014754505,0.7519680268819817,2.5,-1.0642544114706334,-2.5,0.0,0.0,-0.7928341965268423,0
11.300000000000026,3,5.771122676256122,6.425980030223458,19.731116981502243,-0.7979128796443475,-0.9053045959097739,1.4789008468475666,-2.5,-2.5,2.5,0.0,0.0,-2.293225585019003,0
11.300000000000026,4,15.567871314709945,21.192420934016518,8.807579075540849,2.470774558521599,0.9236700996381532,-0.9236701022670255,-1.5344035441958295,-1.3956370880177107,1.395637088253505,0.0,0.0,0.3577517831142922,0
11.300000000000026,5,13.769683334153488,13.944993413891341,19.447432510357338,1.7606669219976183,2.857835691055754,0.26645477371482945,2.4999757576775012,-2.4999972376603337,2.4999429040060237,0.0,0.0,1.0186342038367386,0
11.300000000000026,6,9.599662617681075,16.206417925909754,15.790610326826073,-1.2212285548963486,-1.881079612520903,0.17726851679188876,-2.5,2.5,-2.5,0.0,0.0,-2.1466207959133428,0
11.300000000000026,7,15.58802481279753,21.21190758829807,21.21190754965461,2.873992362624543,1.313355932058352,1.3133553229609756,2.5,2.5,2.5,0.0,0.0,0.4286429968784247,0
11.300000000000026,8,25.685279232074805,15.569123592997029,14.995118773587734,1.4125228046731448,0.2187156515036784,-0.001875979040415941,-2.4706777899163255,-0.38175979018530454,0.0032742956268906735,0.0,0.0,0.1536204791010485,0
11.350000000000026,0,6.069388939294303,6.7343488328225565,10.385263330991053,-0.6627559520806935,-0.7729103243449799,-1.6270228178683153,-2.4999999999999996,-2.5,-2.5,0.0,0.0,-2.279617521305436,0
11.350000000000026,1,14.638187808627448,9.745466385831648,14.318992764057672,2.3856947782237823,-0.8915057145227234,4.2328302598866,2.5,-2.4999999999999996,2.5,0.0,0.0,-0.3576200029583558,0
11.350000000000026,2,12.79206331236586,9.570895706889257,11.745715657846647,3.5137470121338987,-3.5039835925962044,0.6129281503868887,2.5,-1.2606152825007313,-2.5,0.0,0.0,-0.7840069140337528,0
11.350000000000026,3,5.728102032273905,6.37758980042797,19.80818702384462,-0.9229128796443475,-1.0303045959097739,1.6039008468475666,-2.5,-2.5,2.5,0.0,0.0,-2.301267838212844,0
11.350000000000026,4,15.689486528352903,21.2368629284757,8.763137080950536,2.39383398719672,0.8540096787290112,-0.854009681345513,-1.538811426497591,-1.3932084181828395,1.3932084184302505,0.0,0.0,0.3426789656059812,0
11.350000000000026,5,13.860841680253369,14.084760198444128,19.46388024904308,1.8856669219976183,2.732835691055754,0.39145477371482945,2.5,-2.5,2.5,0.0,0.0,0.9668107964082095,0
11.350000000000026,6,9.535476189936256,16.11548894528371,15.796348752665667,-1.3462285548963486,-1.756079612520903,0.052268516791888764,-2.5,2.5,-2.5,0.0,0.0,-2.2248434911859687,0
11.350000000000026,7,15.734849430928758,21.280700384820975,21.28070031580266,2.998992362624543,1.4383559288577936,1.4383553229609756,2.5,2.499999935988832,2.5,0.0,0.0,0.4472054513444685,0
11.350000000000026,8,25.752817027995462,15.579582156910156,14.99502906767129,1.2889890321531094,0.19962690502142322,-0.0017122576173968181,-2.470675450400707,-0.38177492964510346,0.00327442846038246,0.0,0.0,0.15365023676020512,0
11.400000000000027,0,6.033126141690269,6.692578316605307,10.300787190097637,-0.7877559520806935,-0.8979103243449799,-1.7520228178683153,-2.5,-2.5,-2.5,0.0,0.0,-2.2909395958885947,0
11.400000000000027,1,14.760597547538637,9.697766100105511,14.533759277052003,2.4465756284415123,-0.9905457759713211,4.246538208944009,2.5,-2.5,2.5,0.0,0.0,-0.384697836314967,0
11.400000000000027,2,12.970875662972556,9.393901108999039,11.77323706536599,3.5500459692334725,-3.4886337195643105,0.47603401879283425,2.5,-1.4363346083255208,-2.5,0.0,0.0,-0.7766734175475773,0
11.400000000000027,3,5.678831388291688,6.322949570632481,19.891507066187,-1.0479128796443475,-1.1553045959097739,1.7289008468475666,-2.5,-2.5,2.5,0.0,0.0,-2.3074899078742903,0
11.400000000000027,4,15.807249261561411,21.277824919589918,8.722175089705816,2.316675341143609,0.7844699658397197,-0.7844699684432753,-1.5431729210622194,-1.3907942577858303,1.3907942580447545,0.0,0.0,0.32649996278995347,0
11.400000000000027,5,13.95825002635325,14.218276982996915,19.486577987728822,2.0106669219976183,2.607835691055754,0.5164547737148295,2.5,-2.5,2.5,0.0,0.0,0.9139839686822676,0
11.400000000000027,6,9.465039762191438,16.030809964657664,15.795837178505261,-1.4712285548963486,-1.631079612520903,-0.07273148320811124,-2.5,2.5,-2.5,0.0,0.0,-2.3047135260694214,0
11.400000000000027,7,15.887924049059986,21.355743181263865,21.35574308195071,3.123992362624543,1.5633559288577936,1.5633553229609756,2.5,2.5,2.5,0.0,0.0,0.46399575602211685,0
11.400000000000027,8,25.81417813810695,15.58908626527161,14.994947547985923,1.16545537230649,0.18053742943667725,-0.0015485297972385472,-2.47067319693239,-0.38178951169491915,0.0032745564031654213,0.0,0.0,0.1536856768869108,0
11.450000000000028,0,5.990613344086234,6.644557800388059,10.21006104920422,-0.9127559520806935,-1.0229103243449797,-1.8770228178683153,-2.5,-2.5,-2.5,0.0,0.0,-2.2993480736057252,0
11.450000000000028,1,14.886051328960713,9.645113811306944,14.749211187499204,2.475977121867164,-1.0740752825435962,4.209025965638522,2.5,-2.5,2.5,0.0,0.0,-0.40929943131478375,0
11.450000000000028,2,13.15150296143423,9.217478132152396,11.79391376630563,3.578861183102054,-3.4748947500661314,0.34184661479704603,2.5,-1.5930326947431994,-2.5,0.0,0.0,-0.7706600711883639,0
11.450000000000028,3,5.623310744309471,6.262059340836993,19.98107710852938,-1.1729128796443475,-1.2803045959097739,1.8539008468475666,-2.5,-2.5,2.5,0.0,0.0,-2.3124465563418015,0
11.450000000000028,4,15.921148665278194,21.31531292609769,8.684687083068205,2.2393008075276857,0.7150502944711457,-0.7150502970611843,-1.5474906723184698,-1.3883934273714804,1.3883934276418208,0.0,0.0,0.3090846740941687,0
11.450000000000028,5,14.061908372453132,14.347277645346189,19.515525726414563,2.1356669219976183,2.5521908029151317,0.6414547737148295,2.5,-1.1128977628124486,2.5,0.0,0.0,0.874017095449734,0
11.450000000000028,6,9.38835333444662,15.952380984031619,15.789075604344855,-1.5962285548963486,-1.506079612520903,-0.19773148320811124,-2.5,2.5,-2.5,0.0,0.0,-2.385244983003493,0
11.450000000000028,7,16.047248667191216,21.437035977706756,21.43703584809876,3.248992362624543,1.6883559288577936,1.6883553229609756,2.5,2.5,2.5,0.0,0.0,0.47924788015410297,0
11.450000000000028,8,25.869362567950198,15.597635882227106,14.994874214846222,1.0419218214233634,0.16144724878323347,-0.001384795790813262,-2.4706710176625317,-0.38180361306887545,0.003274680128505705,0.0,0.0,0.15372884361236583,0
11.500000000000028,0,5.9418505464822,6.59028728417081,10.113084908310805,-1.0377559520806936,-1.1479103243449797,-2.0020228178683155,-2.5,-2.5,-2.5,0.0,0.0,-2.3058385640145413,0
11.500000000000028,1,15.012974959570547,9.588285275479585,14.962787408457228,2.5034063828860607,-1.1540894530294092,4.171454664326536,2.499819613179836,-2.4998173601429587,2.499938140877317,0.0,0.0,-0.4319700779914353,0
11.500000000000028,2,13.333571020589334,9.041596862007816,11.807881097045483,3.601468714343497,-3.4619307562301853,0.2108519354250698,2.5,-1.7092261130170159,-2.5,0.0,0.0,-0.7656456616758149,0
11.500000000000028,3,5.561540100327254,6.1949191110415045,20.07689715087176,-1.2979128796443475,-1.4053045959097739,1.9789008468475666,-2.5,-2.5,2.5,0.0,0.0,-2.316488002205046,0
11.500000000000028,4,16.031173996614484,21.3493329348561,8.650667074180648,2.1617124459238433,0.6457500558652093,-0.6457500584411646,-1.5517672320768514,-1.3860047721187265,1.3860047724003928,0.0,0.0,0.29028347670250715,0
11.500000000000028,5,14.171816718553014,14.47371407977924,19.550723465100305,2.2606669219976183,2.505266574406909,0.7664547737148295,2.5,-0.9384845701644567,2.5,0.0,0.0,0.8366756797314922,0
11.500000000000028,6,9.305416906701803,15.880202003405573,15.776064030184449,-1.7212285548963486,-1.381079612520903,-0.32273148320811124,-2.5,2.5,-2.5,0.0,0.0,-2.4654020892806408,0
11.500000000000028,7,16.212823285322443,21.524578774149646,21.52457861424681,3.373992362624543,1.8133559288577936,1.8133553229609756,2.5,2.5,2.5,0.0,0.0,0.4931577220839463,0
11.500000000000028,8,25.918370322893722,15.605230973039264,14.99480906855697,0.9183883763175986,0.14235638370305392,-0.001221055779233272,-2.4706689021152948,-0.38181730160359056,0.003274800231599796,0.0,0.0,0.15378287713056124,0
11.55000000000003,0,5.886837748878165,6.529766767953561,10.009858767417388,-1.1627559520806936,-1.2729103243449797,-2.1270228178683155,-2.5,-2.5,-2.5,0.0,0.0,-2.3109997260748933,0
11.55000000000003,1,15.14127027871485,9.527455802828113,15.174485141673555,2.52899262112054,-1.2307106730248378,4.133950599804092,2.5,-2.5,2.5,0.0,0.0,-0.4529031437350317,0
11.55000000000003,2,13.516769456306509,8.866251239981018,11.815298693816736,3.618791058746664,-3.449260864881962,0.08337121283119964,2.5,-1.7992673722306833,-2.5,0.0,0.0,-0.7614173414323228,0
11.55000000000003,3,5.498451136704931,6.126462645107245,20.174044999743337,-1.225645665248565,-1.332954041460615,1.9070131080155983,1.445344287915651,1.447011088983178,-1.437754776639367,0.0,0.0,-2.3142787797165676,0
11.55000000000003,4,16.137314612577782,21.379890903700034,8.620109105208282,2.0839121926081283,0.5765686978921823,-0.5765687004534923,-1.5560050663143006,-1.3836271594605392,1.3836271597534464,0.0,0.0,0.26992379888034007,0
11.55000000000003,5,14.287975064652896,14.597719871053236,19.592171203786048,2.3856669219976183,2.454965076552915,0.8914547737148295,2.5,-1.0060299570798732,2.5,0.0,0.0,0.7997131166998726,0
11.55000000000003,6,9.216230478956984,15.81427302277953,15.756802456024042,-1.8462285548963486,-1.256079612520903,-0.44773148320811124,-2.5,2.5,-2.5,0.0,0.0,-2.544177436735652,0
11.55000000000003,7,16.384647903453672,21.618371570592537,21.61837138039486,3.498992362624543,1.9383559288577936,1.9383553229609756,2.5,2.5,2.5,0.0,0.0,0.5058902685066321,0
11.55000000000003,8,25.961201408158438,15.611871503927048,14.994752109414565,0.7948550342709871,0.12326485180832365,-0.0010573099170276107,-2.470666840932229,-0.3818306378946054,0.0032749172441132266,0.0,0.0,0.1538528658144138,0
11.60000000000003,0,5.82557495127413,6.462996251736312,9.900382626523971,-1.2877559520806936,-1.3979103243449797,-2.2520228178683155,-2.5,-2.4999999999999996,-2.5,0.0,0.0,-2.3152018079734744,0
11.60000000000003,1,15.270844909770878,9.46279526917687,15.38430767166376,2.5528466341779144,-1.3040433500110107,4.096638256382732,2.5,-2.5,2.5,0.0,0.0,-0.4722655447426505,0
11.60000000000003,2,13.700834009237541,8.691450603866157,11.816342254458295,3.6315743498399238,-3.4365734556721406,-0.04038100239438869,2.4999999949584,-1.870074296609986,-2.5,0.0,0.0,-0.7578164760754839,0
11.60000000000003,3,5.438974202312092,6.061622907447292,20.267596320505948,-1.1534317104649787,-1.2606354649374891,1.8350397224888428,1.4442790956717244,1.4463715304625147,-1.4394677105351095,0.0,0.0,-2.311815705750696,0
11.60000000000003,4,16.239559964006222,21.40699276424867,8.593007244531963,2.0059018645295006,0.507505724053211,-0.5075057265993176,-1.560206561572557,-1.381259476779425,1.381259477083494,0.0,0.0,0.24780607461369725,0
11.60000000000003,5,14.410383410752777,14.719115383931847,19.63986894247179,2.5106669219976183,2.400855438591474,1.0164547737148295,2.5,-1.082192759228818,2.5,0.0,0.0,0.7630439555948398,0
11.60000000000003,6,9.120794051212165,15.754594042153485,15.731290881863636,-1.9712285548963486,-1.131079612520903,-0.5727314832081112,-2.5,2.5,-2.5,0.0,0.0,-2.620664998164617,0
11.60000000000003,7,16.5627225215849,21.718414367035425,21.71841414654291,3.623992362624543,2.063355928857794,2.063355322960976,2.5,2.5,2.5,0.0,0.0,0.5175852645404889,0
11.60000000000003,8,25.99785582883991,15.617557441921653,14.994703337708271,0.6713217929878152,0.10417266797585109,-0.0008935583347252276,-2.4706648256634383,-0.3818436766494512,0.0032750316460476623,0.0,0.0,0.15394763895452712,0
11.65000000000003,0,5.758062153670096,6.389975735519063,9.784656485630554,-1.4127559520806936,-1.5229103243449797,-2.3770228178683155,-2.5,-2.5,-2.5,0.0,0.0,-2.3186893012845187,0
11.65000000000003,1,15.401612241479775,9.394468101676319,15.592264584482898,2.575078383039386,-1.3742006700728218,4.059623608116234,2.5,-2.5,2.5,0.0,0.0,-0.4902068837133567,0
11.65000000000003,2,13.885537726729538,8.517178141660816,11.811198204338575,3.639745918142631,-3.4244084936400925,-0.16023769859072884,2.5,-1.955031537387736,-2.5,0.0,0.0,-0.7549244859429671,0
11.65000000000003,3,5.383106643377897,6.000398304182439,20.35754684896448,-1.0812706469028281,-1.188348665656669,1.7629814158523855,1.4432212712430104,1.4457359856164027,-1.4411661327291447,0.0,0.0,-2.3090506023201005,0
11.65000000000003,4,16.33789958969394,21.43064442466487,8.569355583988852,1.927683162979239,0.4385606925947432,-0.43856069512509177,-1.5643740310052308,-1.3789006291693573,1.3789006294845163,0.0,0.0,0.22369900056564815,0
11.65000000000003,5,14.539041755249707,14.837400460821454,19.69381667891032,2.6356668578796287,2.330547636992818,1.141454683826376,2.49999871764021,-1.4061560319731217,2.499998202230927,0.0,0.0,0.7240363007306694,0
11.65000000000003,6,9.019107623467347,15.70116506152744,15.69952930770323,-2.0962285548963484,-1.006079612520903,-0.6977314832081112,-2.4999999999999996,2.5,-2.5,0.0,0.0,-2.6941153645761977,0
11.65000000000003,7,16.747047139716127,21.824707163478315,21.824706912690957,3.748992362624543,2.188355928857794,2.188355322960976,2.5,2.5,2.5,0.0,0.0,0.5283617248594948,0
11.65000000000003,8,26.028333589928558,15.622288754735685,14.994662753721379,0.5477886505580862,0.08507984458543102,-0.0007298011409462317,-2.47066284859458,-0.38185646780840143,0.003275143875579918,0.0,0.0,0.15408398482497998,0
11.700000000000031,0,5.684299356066061,6.3107052193018145,9.662680344737138,-1.5377559520806936,-1.6479103243449797,-2.5020228178683155,-2.5,-2.5,-2.5,0.0,0.0,-2.3216301346483927,0
11.700000000000031,1,15.533491160631744,9.322633068172676,15.79837076488871,2.595792427280333,-1.4412965826451216,4.02299960667778,2.5,-2.5,2.5,0.0,0.0,-0.5068599298767835,0
11.700000000000031,2,14.07065002263667,8.343390159647267,11.800061319409664,3.643252111290341,-3.413285810128431,-0.2760326646510806,2.5,-2.0540458652355555,-2.4999999995,0.0,0.0,-0.7528205816366966,0
11.700000000000031,3,5.330845823933599,5.942787251108475,20.443892356135223,-1.0091621308691219,-1.116093457301887,1.6908388709775077,1.4421703206741252,1.4451041670956424,-1.4428508974975554,0.0,0.0,-2.305922311345353,0
11.700000000000031,4,16.432323110692767,21.45085177237304,8.549148236154574,1.849257676973938,0.3697332157319839,-0.36973321824602345,-1.5685097201060199,-1.3765495372551846,1.376549537581366,0.0,0.0,0.19733403770092522,0
11.700000000000031,5,14.67395009814369,14.952379865015743,19.75401441310164,2.7606668578796287,2.2686285307786873,1.266454683826376,2.5,-1.23838212428262,2.5,0.0,0.0,0.6878740805110589,0
11.700000000000031,6,8.91117119572253,15.653986080901396,15.661517733542825,-2.2212285548963484,-0.881079612520903,-0.8227314832081112,-2.5,2.5,-2.5,0.0,0.0,-2.763966139317017,0
11.700000000000031,7,16.937621757847356,21.937249959921207,21.937249678839006,3.8200486819637685,2.281143440602791,2.281142843142826,2.5,2.4999999999999996,2.5,0.0,0.0,0.5383215413004933,0
11.700000000000031,8,26.05263469632821,15.626065410643097,14.994630357732254,0.42425560542801755,0.06598639171108238,-0.000566038424079842,-2.470660902601374,-0.3818690574869729,0.003275254337327792,0.0,0.0,0.15429823674347726,0
11.750000000000032,0,5.604286558462027,6.225184703084565,9.534454203843723,-1.6627559520806936,-1.7729103243449797,-2.6270228178683155,-2.5,-2.5,-2.5,0.0,0.0,-2.3241434580364553,0
11.750000000000032,1,15.666405781995762,9.24744323904042,16.0026457452226,2.615087922032467,-1.5054449705633353,3.986847200564059,2.5,-2.5,2.5,0.0,0.0,-0.5223426274730503,0
11.750000000000032,2,14.255937628201188,8.169600869140845,11.783496875687101,3.6348573823203356,-3.4130318030394853,-0.3728615314461944,2.5,-2.5,-2.2102483920076765,0.0,0.0,-0.7539345054138068,0
11.750000000000032,3,5.282189124593845,5.888788172986485,20.526628646143095,-0.937105842721034,-1.0438696675777501,1.6186127293374934,1.4411257629617567,1.444475794482738,-1.444522832800284,0.0,0.0,-2.3023520098270516,0
11.750000000000032,4,16.52282022477628,21.46762067674081,8.532379331661518,1.7706268863665213,0.3010229589789486,-0.301022961476131,-1.5726158121483342,-1.3742051350607067,1.3742051353978488,0.0,0.0,0.16839915280541684,0
11.750000000000032,5,14.814543090426547,15.06436521055279,19.82046214729296,2.863052833434637,2.210785290703219,1.391454683826376,2.047719511100163,-1.1568648015093699,2.5,0.0,0.0,0.6575443514763644,0
11.750000000000032,6,8.796984767977712,15.61305710027535,15.617256159382418,-2.3462285548963484,-0.756079612520903,-0.9477314832081112,-2.5,2.5,-2.5,0.0,0.0,-2.8298471618541323,0
11.750000000000032,7,17.131749191945545,22.054432131951348,22.054431820996147,3.7861496692623775,2.3092285865788877,2.309228013183467,2.5,2.5,2.5,0.0,0.0,0.5476778914073123,0
11.750000000000032,8,26.07075915287333,15.628887378367674,14.99460615001531,0.3007226563767611,0.046892317271979025,-0.00040227025360878256,-2.4706589810251285,-0.38188148878206707,0.00327536340942119,0.0,0.0,0.15468640946536066,0
11.800000000000033,0,5.518023760857992,6.133414186867316,9.399978062950305,-1.7877559520806936,-1.8979103243449797,-2.7520228178683155,-2.5,-2.5,-2.5,0.0,0.0,-2.326316149825683,0
11.800000000000033,1,15.800285178097386,9.169045990512252,16.205113105250806,2.6330586688060253,-1.5667589456649946,3.951236319533945,2.5,-2.5,2.5,0.0,0.0,-0.536759892121928,0
11.800000000000033,2,14.440805497317136,7.995824278988872,11.761937808472673,3.625060227143215,-3.4111874646853115,-0.47195172460557744,2.4999999999447544,-2.5,-2.3327925136940246,0.0,0.0,-0.755011664504879,0
11.800000000000033,3,5.237133941369037,5.838399502849718,20.605751554182156,-0.8651014862712882,-0.9716771378929226,1.5463035922249315,1.4400871289949146,1.4438505936965487,-1.4461827422512372,0.0,0.0,-2.2982363404961825,0
11.800000000000033,4,16.6093807010529,21.480956991729865,8.519043016548043,1.6917921646982925,0.23242964058311097,-0.23242964306289104,-1.5766944333645778,-1.3718663679167524,1.3718663682647991,0.0,0.0,0.13653190394192316,0
11.800000000000033,5,14.959717873832437,15.173551044719918,19.893159881462672,2.943938502800961,2.1566480759818853,1.5164546829621428,1.6177133873264786,-1.082744294426668,2.4999999827153356,0.0,0.0,0.6322538247464664,0
11.800000000000033,6,8.676548340232893,15.578378119649306,15.566744585222011,-2.4712285548963484,-0.631079612520903,-1.0727314832081112,-2.5,2.5,-2.5,0.0,0.0,-2.8915655428313336,0
11.800000000000033,7,17.324181675408663,22.173018561280294,22.173018221655322,3.7532311070752575,2.3359429388962156,2.335942388652499,2.5,2.5,2.4999999999999996,0.0,0.0,0.5567143886236836,0
11.800000000000033,8,26.082706964345213,15.63075462697818,14.99459013084194,0.17718980249855062,0.02779762714823893,-0.00023849668112500822,-2.4706570775642094,-0.38189380247480187,0.003275471449675487,0.0,0.0,0.15561216932219687,0
11.850000000000033,0,5.4255109632539575,6.035393670650068,9.259251922056889,-1.9127559520806936,-2.0229103243449797,-2.8770228178683155,-2.5,-2.5,-2.5,0.0,0.0,-2.3282130471115923,0
11.850000000000033,1,15.935063111537689,9.087583043229001,16.405799921227505,2.6497932101218895,-1.6253502574427456,3.916226817259534,2.5,-2.5,2.5,0.0,0.0,-0.5502052012630093,0
11.850000000000033,2,14.625183508674297,7.822236488005463,11.735216150314466,3.6154284757801363,-3.405509414031134,-0.5754846370351118,2.5,-2.4227341993146476,-2.4992575423430776,0.0,0.0,-0.7555080623663776,0
11.850000000000033,3,5.195677684506153,5.791619681325601,20.681256944534674,-0.7931487882440579,-0.8995157230717924,1.4739120218757882,1.4390539605446082,1.4432282964226046,-1.4478314069828655,0.0,0.0,-2.293437070984007,0
11.850000000000033,4,16.69199437471545,21.49086655852102,8.509133449633348,1.6127547818037107,0.16395303106307985,-0.16395303352491486,-1.580747657891636,-1.3695321904006228,1.3695321907595233,0.0,0.0,0.10131217846010773,0
11.850000000000033,5,15.10839243680695,15.28010880545944,19.972107566958776,3.003044016179557,2.105662353599006,1.6414527368820302,1.1821102675719177,-1.0197144476575797,2.499961078397748,0.0,0.0,0.6115147817882653,0
11.850000000000033,6,8.549861912488074,15.549949139023262,15.509983011061605,-2.5962285548963484,-0.506079612520903,-1.1977314832081112,-2.5,2.5,-2.5,0.0,0.0,-2.9490780075140854,0
11.850000000000033,7,17.514968230762427,22.292940708225107,22.29294034108795,3.7212902715751417,2.3613556708131256,2.361355142836186,2.5,2.5,2.5,0.0,0.0,0.5654393683959107,0
11.850000000000033,8,26.088478135487417,15.63166712578852,14.994582300481385,0.05365704318968473,0.008702325265403876,-7.471774107112728e-05,-2.470655186177318,-0.38190603765670106,0.003275578801077618,0.0,0.0,0.15561216932219687,0
11.900000000000034,0,5.326748165649923,5.931123154432819,9.112275781163472,-2.0377559520806936,-2.1479103243449797,-3.0020228178683155,-2.5,-2.5,-2.5,0.0,0.0,-2.3298835172046606,0
11.900000000000034,1,16.070677772043783,9.003190530356862,16.604736262090483,2.6653749591122047,-1.6813288027537585,3.8818693672466913,2.5,-2.5,2.5,0.0,0.0,-0.5627619926014837,0
11.900000000000034,2,14.809079932463305,7.648836017303906,11.70331691846271,3.60283491062253,-3.400637828397427,-0.6747169531529356,2.5,-2.5,-2.5,0.0,0.0,-0.7565352066168742,0
11.900000000000034,3,5.1578177773555725,5.74844715597147,20.753140708644192,-0.7212474977791626,-0.8273852910934746,1.4014385425050278,1.4380258092979044,1.442608639566356,-1.4494695874152086,0.0,0.0,-2.287765049845869,0
11.900000000000034,4,16.770651141915,21.4973552081188,8.502644799912936,1.5335159061783308,0.09559295284816616,-0.09559295529151576,-1.5847775125075998,-1.3672015642982738,1.3672015646679818,0.0,0.0,0.06225525504622614,0
11.900000000000034,5,15.259352053242903,15.384172201890353,20.057305196830264,3.0353406412585553,2.0568735036374486,1.7664524579774328,0.6459325015799677,-0.9757769992311504,2.4999944219080525,0.0,0.0,0.5955622912474275,0
11.900000000000034,6,8.416925484743256,15.521520158397216,15.4469714369012,-2.7212285548963484,-0.631079612520903,-1.3227314832081112,-2.5,-2.5,-2.5,0.0,0.0,-2.913711161652054,0
11.900000000000034,7,17.70415774063973,22.414133491765764,22.41413309215432,3.690321199964053,2.3855327466204086,2.385532006890194,2.499997038837678,2.5,2.4999951396505793,0.0,0.0,0.5738611559005158,0
11.900000000000034,8,26.088072671020658,15.631624844261413,14.994582659201576,-0.0698756218600738,-0.01039358634966622,8.906654876929265e-05,-2.4706533009951706,-0.38191823230140187,0.0032756857968083983,0.0,0.0,0.15561216932219687,0
11.950000000000035,0,5.221735368045889,5.82060263821557,8.959049640270056,-2.1627559520806936,-2.2729103243449797,-3.1270228178683155,-2.5,-2.5,-2.5,0.0,0.0,-2.331365810780063,0
11.950000000000035,1,16.207071519999396,8.915999090219174,16.80195473045282,2.6798823563850265,-1.7348022252428885,3.848206308818247,2.5,-2.5,2.5,0.0,0.0,-0.5745048880918783,0
11.950000000000035,2,14.986096677994432,7.475679125884035,11.666456070805062,3.466414213040993,-3.5140601530750097,-0.7970908004724586,-2.5,-2.5,-2.5,0.0,0.0,-0.7922236594357833,0
11.950000000000035,3,5.123551655261529,5.708880380622705,20.82139876323827,-0.6493973859825815,-0.755285722857137,1.3288836412580927,1.4370022359316246,1.4419913647267504,-1.4510980249386998,0.0,0.0,-2.2809544256605587,0
11.950000000000035,4,16.845340954747435,21.500428763940484,8.499571243969562,1.4540766071191569,0.02734928001913893,-0.02734928244346478,-1.5887859811834795,-1.3648734565805445,1.3648734569610197,0.0,0.0,0.01880647517431573,0
11.950000000000035,5,15.41119588753401,15.485836564608256,20.14875279623241,3.0384127303857165,2.009701005078639,1.8914515181084366,0.061441782543227526,-0.9434499711761914,2.4999812026200767,0.0,0.0,0.5843692923330984,0
11.950000000000035,6,8.277739056998438,15.48684117777117,15.377709862740794,-2.8462285548963484,-0.756079612520903,-1.4477314832081112,-2.5,-2.5,-2.5,0.0,0.0,-2.8819465648435796,0
11.950000000000035,7,17.89179879943947,22.536535129096784,22.53653469054539,3.660315050138168,2.4085366421750654,2.4085358575350475,2.4999990412322157,2.5,2.499998437249161,0.0,0.0,0.5819879866931623,0
11.950000000000035,8,26.08149057565736,15.63062775191418,14.994591207269972,-0.19340819267195553,-0.029490107539711045,0.00025285618701655803,-2.4706514162376347,-0.3819304238008965,0.0032757927649453076,0.0,0.0,-2.9902820742904015,0
12.000000000000036,0,5.115356919997477,5.708721895055056,8.804584206193555,-2.0923819698557975,-2.2023194020755934,-3.051594545191769,1.407479644497926,1.4118184453877256,1.508565453530929,0.0,0.0,-2.3306016913074776,0
12.000000000000036,1,16.34419063781865,8.826133978957028,16.997490045893734,2.693389047501102,-1.7858755938852515,3.8152724413816257,2.5,-2.5,2.5,0.0,0.0,-0.5855007620740241,0
12.000000000000036,2,15.15629238864648,7.296851118663209,11.623476531146553,3.3243009443103677,-3.6204224542077634,-0.9173682383456662,-2.5,-2.499999653660049,-2.4999997079090517,0.0,0.0,-0.8280121343037959,0
12.000000000000036,3,5.0928767644739255,5.672917814751957,20.88602704849678,-0.5775982455215208,-0.6832169119727524,1.2562477690821239,1.4359828092212128,1.441376217687694,-1.452717443519376,0.0,0.0,-2.272619476502006,0
12.000000000000036,4,16.916053816341552,21.50009304439471,8.499906963394608,1.374437856645527,-0.040778061850090586,0.04077805944532506,-1.5927750094725959,-1.3625468373845901,1.3625468377757968,0.0,0.0,-0.029660201143600715,0
12.000000000000036,5,15.562466343235617,15.585337651772635,20.246450372137833,3.012405497678544,1.9703424814965287,2.0164515181084366,-0.5201446541434523,-0.7871704716422071,2.5,0.0,0.0,0.5792353436080722,0
12.000000000000036,6,8.132302629253621,15.445912197145125,15.302198288580387,-2.9712285548963484,-0.881079612520903,-1.5727314832081112,-2.5,-2.5,-2.5,0.0,0.0,-2.853315816619023,0
12.000000000000036,7,18.07793955194638,22.660086961205536,22.660086483422145,3.6312605710767754,2.4304269505315697,2.4304261978247745,2.5,2.5,2.5,0.0,0.0,0.5898280775349952,0
12.000000000000036,8,26.068731854116095,15.628675818225341,14.994607944954364,-0.3169406689786398,-0.04858724001387883,0.00041665118866675977,-2.4706495261336863,-0.38194264948335577,0.0032759000330040344,0.0,0.0,-2.989476169096331,0
12.050000000000036,0,5.0124956729753025,5.600369698857083,8.653892516226088,-2.0220679110311672,-2.1317684458432815,-2.9760730535068665,1.4062811764926064,1.411019124646238,1.5104298336980553,0.0,0.0,-2.32979117716328,0
12.050000000000036,1,16.481985090193703,8.733715199262765,17.191378667962816,2.7059640753723473,-1.8346511508565133,3.7830957663605536,2.5,-2.4999999999999996,2.5,0.0,0.0,-0.5958096717980272,0
12.050000000000036,2,15.319382435861998,7.1127049959528215,11.574483119229269,3.177122770466561,-3.719458460274763,-1.035142339812924,-2.5,-2.5,-2.5,0.0,0.0,-0.8638750012560816,0
12.050000000000036,3,5.065790561079325,5.6405579228382265,20.94702152626184,-0.5058498902624945,-0.6111787645765006,1.1835313415203932,1.434967105180527,1.4407629479250363,-1.4543285512346158,0.0,0.0,-2.262178676183215,0
12.050000000000036,4,16.98277977603788,21.496353865454715,8.503646142214865,1.294600531207554,-0.10878909574966368,0.10878909336499358,-1.596746508759461,-1.3602206779914618,1.3602206783933704,0.0,0.0,-0.0838359787042673,0
12.050000000000036,5,15.711700615885372,15.683384392344085,20.35039793705622,2.956965408311635,1.951527141361464,2.14145107862699,-1.1088017873381766,-0.37630680270129235,2.4999912103710638,0.0,0.0,0.583356510276703,0
12.050000000000036,6,7.980616201508804,15.398733216519078,15.22043671441998,-3.0962285548963484,-1.006079612520903,-1.6977314832081112,-2.5,-2.5,-2.5,0.0,0.0,-2.827417621638061,0
12.050000000000036,7,18.26262758050022,22.784733308732115,22.784732793313385,3.6031444099070353,2.451260278009454,2.4512595559851884,2.5,2.5,2.5,0.0,0.0,0.5973895763009984,0
12.050000000000036,8,26.049796511136112,15.625769012540736,14.994632872523713,-0.4404730502207259,-0.06768498737030701,0.0005804515852900415,-2.4706476248417224,-0.3819549471285635,0.003276007932465635,0.0,0.0,-2.9891209693350684,0
12.100000000000037,0,4.91314864838807,5.495544062528722,8.506979199944482,-1.9518130724581302,-2.061257007291126,-2.9004595977573633,1.405096771460741,1.4102287710431098,1.5122691149900678,0.0,0.0,-2.3289293760523466,0
12.100000000000037,1,16.62040829396232,8.638857641719937,17.383658456280845,2.7176720827596346,-1.8812281197634293,3.7516981770926434,2.5,-2.5,2.5,0.0,0.0,-0.605485667407257,0
12.100000000000037,2,15.475113574385325,6.923607072939084,11.519601002238621,3.025539500899403,-3.8109741337010967,-1.1500377736224867,-2.5,-2.5,-2.5,0.0,0.0,-0.8997848317147473,0
12.100000000000037,3,5.042290509948986,5.61179917374456,21.004378178285673,-0.43415215495106924,-0.5391711991701591,1.1107347394330414,1.4339547062285052,1.4401513081268296,-1.455932041747039,0.0,0.0,-2.248712913265568,0
12.100000000000037,4,17.04550892464777,21.489217043231246,8.510782964319619,1.2145654131880885,-0.17668379318918764,0.17668379082514674,-1.6007023603893098,-1.3578939487904795,1.357893949203063,0.0,0.0,-0.14445748875759024,0
12.100000000000037,5,15.857435666745328,15.78071326022762,20.46059549098757,2.8724366260866376,1.9416275739799072,2.26645107862699,-1.6905756444999476,-0.19799134763113727,2.5,0.0,0.0,0.5944029844159254,0
12.100000000000037,6,7.822679773763986,15.345304235893032,15.132425140259574,-3.2212285548963484,-1.131079612520903,-1.8227314832081112,-2.4999999999999996,-2.5,-2.5,0.0,0.0,-2.803908846176277,0
12.100000000000037,7,18.44590979829389,22.910421322632587,22.910420766780028,3.5759514301501323,2.471090408448115,2.4710895496689202,2.4999978386557893,2.5,2.4999965339067463,0.0,0.0,0.6046805579515041,0
12.100000000000037,8,26.024684551492115,15.62190730397785,14.994665990248981,-0.5640053355391139,-0.08678335514514836,0.0007442574254606665,-2.470645706367761,-0.3819673554968269,0.003276116803412499,0.0,0.0,-2.9889202830689836,0
12.150000000000038,0,4.817312901942378,5.394243020840672,8.363848825664434,-1.8816167853695425,-1.9907846602309232,-2.824755373444562,1.403925741771753,1.4094469412040516,1.5140844862560268,0.0,0.0,-2.3280106952288153,0
12.150000000000038,1,16.7594168981003,8.541671235731766,17.574368365135477,2.7285735208231228,-1.925702566088108,3.721096097714299,2.5,-2.5,2.5,0.0,0.0,-0.6145774969055025,0
12.150000000000038,2,15.623265549430295,6.729933366254029,11.458974113557497,2.8702323882357836,-3.894847987522367,-1.2617151784833534,-2.5,-2.5,-2.5,0.0,0.0,-0.9357122850138012,0
12.150000000000038,3,5.022374083701905,5.586640040103208,21.05809300451267,-0.36250489493212856,-0.46719414648392604,1.037858309646851,1.4329452003788137,1.4395410537246611,-1.457528595723807,0.0,0.0,-2.23068039728957,0
12.150000000000038,4,17.104231389782548,21.47868839655026,8.52131161088293,1.1343331922031386,-0.24446207405021836,0.24446207170733938,-1.6046444196989982,-1.3555656172206143,1.3555656176438529,0.0,0.0,-0.21226519981225658,0
12.150000000000038,5,15.998275706450361,15.877760361318412,20.57704304491892,2.7611649621146452,1.9402564696517752,2.39145107862699,-2.225433279439848,-0.02742208656263868,2.5,0.0,0.0,0.6125323168549744,0
12.150000000000038,6,7.658493346019169,15.285625255266986,15.038163566508562,-3.3462285548963484,-1.256079612520903,-1.9477314668323975,-2.5,-2.5,-2.499999672485726,0.0,0.0,-2.7824961200274885,0
12.150000000000038,7,18.627832369801396,23.037100843054994,23.037100244263474,3.5496649655415857,2.4899681458054137,2.4899673221311565,2.5,2.5,2.5,0.0,0.0,0.611708964485245,0
12.150000000000038,8,25.99339598000956,15.617090661326982,14.994707298404004,-0.6875375237630625,-0.10588235088954673,0.0009080687754324573,-2.470643764478973,-0.38197991488796734,0.003276226999435817,0.0,0.0,-2.9887908058749586,0
12.200000000000038,0,4.724985521958148,5.296464629340383,8.224505903347644,-1.8114784139996747,-1.9203509997806303,-2.748961519226985,1.4027674273973567,1.4086732090058562,1.515877084351546,0.0,0.0,-2.327028710783488,0
12.200000000000038,1,16.898970574141458,8.44226110742736,17.763548170021192,2.738724860365097,-1.9681673024986424,3.691301072602098,2.5,-2.4999999999999996,2.5,0.0,0.0,-0.6231292199671238,0
12.200000000000038,2,15.763652168843802,6.53206596687791,11.39276335463333,2.7118934877534735,-3.97102978442339,-1.3698745060415682,-2.499999998626255,-2.5,-2.5,0.0,0.0,-0.9716260341328318,0
12.200000000000038,3,5.006038761680859,5.565078997707054,21.10816202139225,-0.29090798590969424,-0.3952475493622296,0.9649023655364389,1.4319381804486864,1.4389319424339289,-1.459118882208241,0.0,0.0,-2.205286562840148,0
12.200000000000038,4,17.158937331242743,21.46477374954065,8.535226257775937,1.0539044662046515,-0.31212380633414905,0.31212380401296397,-1.6085745199697388,-1.353234645678614,1.3532346461124913,0.0,0.0,-0.28792967466443414,0
12.200000000000038,5,16.133208954556093,15.973780156035229,20.69974059885027,2.6361649621146452,1.9005353190209142,2.51645107862699,-2.5,-0.7944230126172197,2.5,0.0,0.0,0.6246464802608881,0
12.200000000000038,6,7.494273249555777,15.222379963323169,14.940656410293812,-3.222575303639368,-1.27373206523179,-1.9525547817576203,2.4730650251396153,-0.3530490542177392,-0.09646629850445813,0.0,0.0,-2.765185336304656,0
12.200000000000038,7,18.808440618078475,23.164724250245367,23.164723610370032,3.524267123155982,2.507941904010082,2.5079411178797923,2.5,2.499999920081719,2.5,0.0,0.0,0.6184826769945553,0
12.200000000000038,8,25.955930801580642,15.61131905294782,14.994756797266392,-0.8110696133935485,-0.12498198427697649,0.0010718857200804743,-2.4706417926097197,-0.38199266774859525,0.003276338892960339,0.0,0.0,-2.9886999862420445,0
12.250000000000039,0,4.636163627750757,5.202206963306889,8.088954887383315,-1.741397354295964,-1.8499556415591212,-2.6730791193461805,1.4016211940742154,1.407907164430182,1.5176479976160926,0.0,0.0,-2.325976006573786,0
12.250000000000039,1,17.039031817159714,8.340727742302427,17.9512382236513,2.7481788030080008,-2.00871183244288,3.662320308342988,2.5,-2.5,2.5,0.0,0.0,-0.6311807428027524,0
12.250000000000039,2,15.896121843493534,6.3303894795269,11.321144633300513,2.551215396936151,-4.0395377964378145,-1.4742572331809132,-2.4999997903529163,-2.499998503872665,-2.4999968245901276,0.0,0.0,-1.0074927417364867,0
12.250000000000039,3,4.993282028939478,5.547114524906194,21.154581260219132,-0.2193613237455307,-0.3233313626721826,0.8918671875389195,1.430933243283271,1.4383237338009405,-1.460703559950389,0.0,0.0,-2.166906305917351,0
12.250000000000039,4,17.209616936457575,21.447478934237218,8.55252107296387,0.9732797423885434,-0.3796688058032951,0.37966880350433535,-1.6124944763221607,-1.3508999893829214,1.3508999898274272,0.0,0.0,-0.3719360722660607,0
12.250000000000039,5,16.261892202661823,16.067887951183472,20.82868815278162,2.5111649621146452,1.8637764869088158,2.64145107862699,-2.5,-0.7351766422419689,2.5,0.0,0.0,0.638487784696536,0
12.250000000000039,6,7.3362376681533235,15.158261986691855,14.842920245553803,-3.098847952458781,-1.2909870000207853,-1.9568918078427604,2.474547023611743,-0.3450986957799051,-0.08674052170280172,0.0,0.0,-2.7468564307984398,0
12.250000000000039,7,18.987778974236274,23.293246345445873,23.293245666264024,3.499738970235448,2.5250575189083357,2.5250567649896127,2.5,2.5,2.5,0.0,0.0,0.6250094529893434,0
12.250000000000039,8,25.91228902118127,15.604592446659787,14.994814487118498,-0.9346016025813918,-0.14408226724440615,0.0012357083641397041,-2.470639783756864,-0.38200565934859326,0.003276452881184596,0.0,0.0,-2.9886324815349186,0
12.30000000000004,0,4.5508443680754445,5.111468116744548,7.9572001792523865,-1.6713730327165242,-1.7795982209345358,-2.5971092058909555,1.4004864315887988,1.4071484124917057,1.519398269104498,0.0,0.0,-2.3248439742384117,0
12.30000000000004,1,17.179565757310115,8.237167150680282,18.137479239068448,2.7569844900752223,-2.0474223261623514,3.634157170488999,2.5,-2.5,2.5,0.0,0.0,-0.638768284747047,0
12.30000000000004,2,16.02055761334034,6.125287589705009,11.244306771641467,2.3888812991145443,-4.100454755142169,-1.5746481955575895,-2.5,-2.5,-2.5,0.0,0.0,-1.04327714927685,0
12.30000000000004,3,4.984101375238442,5.532745102008528,21.1973467654977,-0.14786482429593964,-0.2514455532344458,0.8187530236037692,1.4299299889918209,1.437716188754736,-1.462283278703004,0.0,0.0,-2.1023894206227602,0
12.30000000000004,4,17.256260415965034,21.426809793204328,8.573190213882384,0.8924594379098233,-0.4470968355123788,0.4470968332361754,-1.616406089574403,-1.3485605941816732,1.3485605946368002,0.0,0.0,-0.464424589537791,0
12.30000000000004,5,16.384325450767555,16.160213030645753,20.96388570671297,2.3861649621146452,1.829226691582511,2.76645107862699,-2.5,-0.6909959065260971,2.5,0.0,0.0,0.6540387907014591,0
12.30000000000004,6,7.18439021812243,15.093291157759031,14.744979322858905,-2.975050048776972,-1.3078461572921798,-1.9607450999531555,2.475958073636172,-0.3371831454278895,-0.0770658422079016,0.0,0.0,-2.727416961471075,0
12.30000000000004,7,19.165890922248877,23.422624221391292,23.422623503702603,3.4760607532408065,2.5413584431025606,2.5413576890021377,2.4999996006642524,2.5,2.499999351277792,0.0,0.0,0.6312969301739467,0
12.30000000000004,8,25.86247064388925,15.596910809624376,14.994880368248447,-1.0581334890994165,-0.16318321417199075,0.001399536833781655,-2.470637730360494,-0.38201893855169206,0.003276569392839017,0.0,0.0,-2.9885801119547986,0
12.35000000000004,0,4.469024919629836,5.0242462014131135,7.829246130082332,-1.6014049051078258,-1.709278392322819,-2.521052760911245,1.3993625521739679,1.4063965722343368,1.521128899594202,0.0,0.0,-2.3236225628671217,0
12.35000000000004,1,17.320539978476734,8.131671040007133,18.322312091823665,2.76518775668341,-2.084381541365704,3.6068116474667904,2.4999973302860896,-2.4999954920247065,2.4999953846125615,0.0,0.0,-0.6459247582188323,0
12.35000000000004,2,16.136876678296066,5.917139851947901,11.162449361863587,2.2255564640459475,-4.153922799538322,-1.6708751601538074,-2.5,-2.5,-2.5,0.0,0.0,-1.0789421320554013,0
12.35000000000004,3,4.978494294048885,5.521969210683258,21.236454593327277,-0.07641842328633495,-0.17959009977637058,0.745560089579308,1.4289280201920938,1.4371090691615043,-1.4638586804892262,0.0,0.0,-1.973103772367108,0
12.35000000000004,4,17.29885799892292,21.402772182185842,8.59722782478764,0.8114438804055987,-0.514407605226982,0.514407602974066,-1.6203111500844916,-1.3462153942920652,1.3462153947578122,0.0,0.0,-0.5650030309094248,0
12.35000000000004,5,16.500508698873286,16.250866001169655,21.10533326064432,2.2611649621146452,1.7968921293735414,2.89145107862699,-2.5,-0.6466912441793925,2.5,0.0,0.0,0.6714857803450565,0
12.35000000000004,6,7.038734340143247,15.027487224411908,14.646857768288601,-2.851185070390357,-1.3243111765926951,-1.9641170828589691,2.4772995677322966,-0.3293003860103055,-0.0674396581162732,0.0,0.0,-2.7067647140585516,0
12.35000000000004,7,19.342818959910918,23.55281714354642,23.55281638815271,3.4532120669873336,2.5568858127008687,2.556885089561533,2.5,2.5,2.5,0.0,0.0,0.6373526110847021,0
12.35000000000004,8,25.80647567490407,15.588274108217387,14.994954440951256,-1.1816652703076833,-0.1822848421075248,0.0015633712785836883,-2.4706356241653378,-0.38203255871068104,0.003276688896040663,0.0,0.0,-2.9885381161128937,0
12.400000000000041,0,4.390702485610705,4.940539345891709,7.705097043099754,-1.5314924556574396,-1.6389958285333335,-2.4449107183918586,1.3982489890077234,1.4056512757897104,1.5228408503877344,0.0,0.0,-2.3222999628930046,0
12.400000000000041,1,17.461924366310907,8.024326962938847,18.505777674197006,2.772831132227003,-2.1196691829795093,3.5802807245912565,2.5,-2.4999999999999996,2.5,0.0,0.0,-0.6526802370570735,0
12.400000000000041,2,16.24502950149836,5.706318711970986,11.075780603855895,2.061880168799584,-4.200137542220088,-1.762808780311804,-2.5,-2.5,-2.5,0.0,0.0,-1.1144489199014507,0
12.400000000000041,3,4.9764582815611424,5.514785333366163,21.271900809805185,-0.005022076223371294,-0.10776499290739765,0.6722885695368969,1.4279269412592732,1.4365021373794586,-1.465430400848223,0.0,0.0,-1.6173647461110954,0
12.400000000000041,4,17.3373999286412,21.375371972787047,8.624628034074384,0.7302333083256454,-0.5816007707248428,0.5816007684957454,-1.6242114415990663,-1.3438633099572153,1.3438633104335873,0.0,0.0,-0.6725779628979704,0
12.400000000000041,5,16.61044194726433,16.33994418289615,21.253030814494622,2.1361649735270407,1.7662351396862737,3.01645107538508,-2.4999997717520923,-0.6131397937453542,2.4999999351618056,0.0,0.0,0.6908851267667795,0
12.400000000000041,6,6.899273302654078,14.960869855124827,14.548579589975574,-2.7272564291764168,-1.3403835948905818,-1.9670100496621246,2.4785728242788108,-0.321448365957733,-0.05785933606310862,0.0,0.0,-2.6847867255987707,0
12.400000000000041,7,19.518604562517353,23.683786434181464,23.683785641395826,3.4311720233788288,2.571678669287729,2.571677928495892,2.4999994056530714,2.5,2.4999990120296487,0.0,0.0,0.6431838755711938,0
12.400000000000041,8,25.744304119568618,15.578682307888604,14.995036705530069,-1.3051969431105297,-0.20138717104380446,0.0017272118739626537,-2.4706334560569263,-0.3820465787255933,0.0032768119075793087,0.0,0.0,-2.988503533041373,0
12.450000000000042,0,4.315874294321339,4.860345694674409,7.584757175987572,-1.461635195917168,-1.568750220158699,-2.368683966095452,1.3971451948054296,1.4049121674926914,1.52453504592813,0.0,0.0,-2.3208622031227266,0
12.450000000000042,1,17.603690922922258,7.9152185037898715,18.68791671042657,2.779954334070882,-2.153361441383815,3.5545588197752394,2.5,-2.5,2.5,0.0,0.0,-0.6590620991827689,0
12.450000000000042,2,16.34499850993834,5.493186834859982,10.984515164840305,1.898459075053889,-4.239341571127228,-1.8503610954778686,-2.5,-2.5,-2.5,0.0,0.0,-1.1497573320277854,0
12.450000000000042,3,4.977990835696943,5.511191952665558,21.30368148944445,0.06632424165541238,-0.035970235116801405,0.5989386160336453,1.4269263575756734,1.4358951558119248,-1.4669990700650324,0.0,0.0,-0.4969425668749438,0
12.450000000000042,4,17.371876458126067,21.34461505519455,8.655384951556035,0.6488278710690601,-0.6486759329751035,0.6486759307703562,-1.6281087451317047,-1.3415032450052122,1.341503245492217,0.0,0.0,-0.785281063090853,0
12.450000000000042,5,16.71412519594068,16.427520543723904,21.406978368263875,2.0111649735270407,1.736819293423873,3.14145107538508,-2.5,-0.5883169252480094,2.5,0.0,0.0,0.7123302819400888,0
12.450000000000042,6,6.766010205054415,14.893458644128197,14.450168684724817,-2.6032674748100746,-1.3560648449745913,-1.9694261603681635,2.4797790873268455,-0.3136250016801927,-0.04832221412077984,0.0,0.0,-2.66135829010803,0
12.450000000000042,7,19.693288163686297,23.815495367645852,23.81549453782062,3.4099193809730615,2.585773915943466,2.585773205617749,2.5,2.5,2.5,0.0,0.0,0.6487979478248654,0
12.450000000000042,8,25.67595598339326,15.56813537300602,14.995127162297523,-1.428728503903774,-0.2204902242595047,0.0018910588241656677,-2.4706312158648878,-0.3820610643140051,0.00327693900406028,0.0,0.0,-2.9884744235726557,0
12.500000000000043,0,4.244537597826103,4.783663407295286,7.468230743153104,-1.3918326638922913,-1.4985412750062468,-2.292373347283284,1.396050640497533,1.4041789030490421,1.5262123762433641,0.0,0.0,-2.319292631728724,0
12.500000000000043,1,17.7458136396258,7.804425431720681,18.868769651415334,2.786594250715036,-2.1855313934363716,3.5296380848730053,2.5,-2.5,2.5,0.0,0.0,-0.6650954154880997,0
12.500000000000043,2,16.43679646369103,5.278094756303621,10.88887211006641,1.7358617700391166,-4.271817597190397,-1.9334834707468105,-2.5,-2.5,-2.5,0.0,0.0,-1.18482608050765,0
12.500000000000043,3,4.983089455123185,5.511187550767788,21.331792713603143,0.1376205353942793,0.03579415920601614,0.5255103503140985,1.425925874777338,1.4352878864563507,-1.4685653143909352,0.0,0.0,0.2544553127815982,0
12.500000000000043,4,17.4022778456259,21.310507340940426,8.689492665700541,0.567227628924275,-0.7156326371897688,0.715632635009904,-1.632004842895701,-1.339134084293305,1.3391340847909556,0.0,0.0,-0.9005691338834151,0
12.500000000000043,5,16.811558444617035,16.513655135727703,21.56717592203313,1.8861649735270407,1.708564386728055,3.26645107538508,-2.5,-0.5650981339163589,2.4999999999999996,0.0,0.0,0.7360324736912641,0
12.500000000000043,6,6.638947980722064,14.82527311665508,14.351648844701234,-2.479221498483954,-1.3713562539501445,-1.9713674405751254,2.4809195265224084,-0.30582817951106334,-0.03882560413923523,0.0,0.0,-2.6363419915606623,0
12.500000000000043,7,19.86690913273495,23.947909063443024,23.94790819810151,3.3894326802969257,2.5992065757001983,2.5992058946093617,2.5,2.5,2.5,0.0,0.0,0.6542019183949209,0
12.500000000000043,8,25.601431272082916,15.556633266681098,14.995225811577276,-1.5522599485099469,-0.2395940287373806,0.0020549123659393477,-2.470628892123456,-0.3820760895575174,0.003277070835473601,0.0,0.0,-2.988449463469031,0
12.550000000000043,0,4.17668967064897,4.7104906574809124,7.3555219179129825,-1.3220844231930164,-1.4283687175687054,-2.215979662321561,1.3949648139854989,1.4034511487508272,1.5278736992344577,0.0,0.0,-2.317571240267918,0
12.550000000000043,1,17.888268352161553,7.692023862048862,19.048376555658987,2.792785170490069,-2.2162489879749407,3.5055087241070737,2.5,-2.5,2.5,0.0,0.0,-0.670803161972212,0
12.550000000000043,2,16.520464552192987,5.061378876444101,10.789072936529069,1.5746145490193608,-4.297881473561961,-2.012163974737006,-2.5,-2.5,-2.5,0.0,0.0,-1.2196131249496611,0
12.550000000000043,3,4.9917516382653915,5.514770608841148,21.35623056892227,0.20886679029395366,0.10752816372835551,0.452003862451056,1.4249250979934875,1.4346800904467873,-1.4701297572608507,0.0,0.0,0.4754307833299893,0
12.550000000000043,4,17.428594350169217,21.273054765717163,8.726945240815445,0.48543255280836384,-0.7824703717406751,0.7824703695862261,-1.6359015223182238,-1.3367546910181263,1.3367546915264414,0.0,0.0,-1.0155228519826185,0
12.550000000000043,5,16.902741693306794,16.598398494049633,21.733623475563576,1.7611649740632733,1.681169946149058,3.391451065832652,-2.4999999892753495,-0.5478888115799433,2.4999998089514466,0.0,0.0,0.7621637499933028,0
12.550000000000043,6,6.518089399844249,14.756332734261036,14.253043764180516,-2.3551217366286394,-1.3862590418115748,-1.9728357802536174,2.48199523710629,-0.29805575722860705,-0.02936679356984027,0.0,0.0,-2.609586834198874,0
12.550000000000043,7,20.039505766749798,24.080994392228035,24.080993492831976,3.3696903462737677,2.6120097991511115,2.6120091461110833,2.5,2.5,2.5,0.0,0.0,0.6594027233158619,0
12.550000000000043,8,25.5207299915677,15.544175950570716,14.995332653705752,-1.6757912720987496,-0.25869861567783903,0.0022187727730360904,-2.4706264717760518,-0.38209173880916875,0.0032772081419348504,0.0,0.0,-2.9884277164581694,0
12.600000000000044,0,4.11232780851303,4.640825632328396,7.24663483460043,-1.2523900622445527,-1.3582322885319322,-2.1395036701805306,1.393887218969274,1.4027285807354617,1.529519842820609,0.0,0.0,-2.315673772419593,0
12.600000000000044,1,18.031032610686058,7.578086412650116,19.22677699186434,2.7985589510227133,-2.2455811271292636,3.4821592725105956,2.5,-2.5,2.5,0.0,0.0,-0.6762064322201581,0
12.600000000000044,2,16.596070279643953,4.8433598027660025,10.685339737792217,1.415198411230487,-4.3178752853163065,-2.0864243282001222,-2.5,-2.5,-2.5,0.0,0.0,-1.2540760685884353,0
12.600000000000044,3,5.003974882318932,5.52193960643705,21.376991145769182,0.2800629718476799,0.17923174010771808,0.3784192114253308,1.4239236310745254,1.4340715275872515,-1.4716930205145042,0.0,0.0,0.5692915029102847,0
12.600000000000044,4,17.450816227084427,21.23226329225029,8.767736714175243,0.4034425238000886,-0.8491885669341885,0.8491885648056896,-1.6398005801655042,-1.334363903870267,1.3343639043892699,0.0,0.0,-1.127273093443738,0
12.600000000000044,5,16.987674942009956,16.681787740374002,21.90632102885521,1.6361649740632733,1.6543999068256634,3.516451065832652,-2.5,-0.5354007864678906,2.5,0.0,0.0,0.7909396879582115,0
12.600000000000044,6,6.403437072062771,14.686656900213979,14.154377046359322,-2.2309713746305,-1.400774320070733,-1.9738329325941224,2.4830072399627863,-0.2903055651831663,-0.019943046810098397,0.0,0.0,-2.5809275748188694,0
12.600000000000044,7,20.21111528406349,24.21471988218559,24.21471895013753,3.3506707855898457,2.6242149847889085,2.62421435866129,2.5,2.5,2.5,0.0,0.0,0.6644071446376129,0
12.600000000000044,8,25.433852148038003,15.53076338465048,14.995447689034123,-1.799322469089065,-0.2778040211316174,0.002382640361764993,-2.4706239398063072,-0.38210810907556747,0.0032773517745780575,0.0,0.0,-2.988408500698701,0
12.650000000000045,0,4.051449327118102,4.574666531507156,7.141573590600095,-1.1827491935525467,-1.2881317443177,-2.062946089832852,1.3928173738401193,1.4020108842846433,1.5311516069535718,0.0,0.0,-2.3135705330091354,0
12.650000000000045,1,18.174085558237195,7.462682356293652,19.404009955489872,2.8039451803158633,-2.2735917548837565,3.459576846654522,2.5,-2.5,2.5,0.0,0.0,-0.681324624955783,0
12.650000000000045,2,16.663705200205477,4.624341038500187,10.57789352138221,1.2580472031229712,-4.332160679988502,-2.1563165531702517,-2.5,-2.5,-2.5,0.0,0.0,-1.2881725842019232,0
12.650000000000045,3,5.019756682256071,5.532693020887277,21.39407053668341,0.3512090256378799,0.25090483790137585,0.30475642514390683,1.4229210758039996,1.4334619558731547,-1.4732557256284795,0.0,0.0,0.6203272500824417,0
12.650000000000045,4,17.468933723490917,21.18813891323607,8.811861093083701,0.32125733245948507,-0.9157865936346117,0.9157865915325988,-1.6437038268120712,-1.331960534008463,1.331960534538183,0.0,0.0,-1.2334095782273988,0
12.650000000000045,5,17.06635819071312,16.763847024472028,22.085268582146842,1.5111649740632733,1.6279714570954442,3.641451065832652,-2.5,-0.5285689946043824,2.5,0.0,0.0,0.8225907549235908,0
12.650000000000045,6,6.2949934489333605,14.616264964951624,14.055672210221987,-2.1067735505459346,-1.4149030904234903,-1.9743605128992607,2.48395648169131,-0.28257540705514445,-0.01055160610276723,0.0,0.0,-2.5501844087574677,0
12.650000000000045,7,20.381773822182964,24.34905563142504,24.34905466594523,3.332352474092737,2.6358519099859388,2.6358512281673807,2.499999071987483,2.5,2.4999982997063124,0.0,0.0,0.6692218139911124,0
12.650000000000045,8,25.340797747985086,15.516395526952614,14.995570917930614,-1.9228535330276413,-0.2969102867830511,0.0025465154978644624,-2.470621278771525,-0.38212531302867364,0.0032775027219893818,0.0,0.0,-2.9883913066418573,0
12.700000000000045,0,3.9940515609537663,4.512011566482721,7.040342248315343,-1.1131614530208893,-1.2180668566597155,-1.9863076015572296,1.3917548106331499,1.4012977531596906,1.532769765512449,0.0,0.0,-2.311224772815177,0
12.700000000000045,1,18.317407817252988,7.345877768549465,19.580113797822598,2.808971329385637,-2.3003419509690723,3.437747369906824,2.5,-2.4999999999999996,2.5,0.0,0.0,-0.6861756099092795,0
12.700000000000045,2,16.723482560361624,4.404608004500762,10.466952693723696,1.103546813269513,-4.341112577723432,-2.2219194446365784,-2.5,-2.5,-2.5,0.0,0.0,-1.321860857009314,0
12.700000000000045,3,5.039094529826827,5.547029326696093,21.407464834821898,0.42230487719235654,0.3225473944512632,0.23101550039556906,1.4219170310895328,1.4328511309977467,-1.4748184949667555,0.0,0.0,0.6522612000419297,0
12.700000000000045,4,17.482937073750527,21.140687654352057,8.859312351863288,0.23887667792491407,-0.9822637617258547,0.9822637596508653,-1.64761309069142,-1.3295433618248613,1.3295433623653317,0.0,0.0,-1.3322373183604508,0
12.700000000000045,5,17.138791439416284,16.844587877669955,22.270466135438475,1.3861649740632733,1.6016626708215536,3.766451065832652,-2.5,-0.526175725477812,2.5,0.0,0.0,0.8573986962370864,0
12.700000000000045,6,6.19276082619941,14.545176231605115,13.956952697462,-1.9825313588120665,-1.4286462434367917,-1.9744199975002195,2.484843834677361,-0.27486306026602947,-0.001189692019174342,0.0,0.0,-2.517163223540929,0
12.700000000000045,7,20.551516445887604,24.483973226924338,24.483972227353597,3.314714013534928,2.646948664881657,2.646948011192585,2.5,2.5,2.5,0.0,0.0,0.6738531840553209,0
12.700000000000045,8,25.241566798248446,15.501072333259886,14.995702340783186,-2.0463844564379112,-0.31601746092610994,0.002710398605065771,-2.4706184682054007,-0.38214348286117694,0.003277662144026171,0.0,0.0,-2.9883757445499346,0
12.750000000000046,0,3.9401318621452646,4.452858959760948,6.942944837072593,-1.0436264993191724,-1.1480374122112125,-1.909588848152771,1.3906990740343361,1.400588888970059,1.5343750680891732,0.0,0.0,-2.3085904618613906,0
12.750000000000046,1,18.46098138372227,7.227735671001011,19.75512616631794,2.813662896503514,-2.325890028449618,3.416655774349839,2.5,-2.5,2.5,0.0,0.0,-0.6907758747883836,0
12.750000000000046,2,16.7755349010251,4.18442737561459,10.352731721491867,0.9520353024893424,-4.345113367318605,-2.283334974979185,-2.5,-2.5,-2.5,0.0,0.0,-1.3551000310769588,0
12.750000000000046,3,5.061985912551604,5.564946994925956,21.417170132400354,0.49335043179871835,0.39415933474327247,0.15719640274267055,1.4209110921272363,1.4322388058401851,-1.4763819530579698,0.0,0.0,0.674096667631808,0
12.750000000000046,4,17.49281649486806,21.08991557734893,8.910084428763355,0.1563001667763686,-1.0486193183992647,1.0486193163518382,-1.651530222970909,-1.327111133468199,1.3271111340194583,0.0,0.0,-1.422832378362474,0
12.750000000000046,5,17.204974688119446,16.92154601121103,22.45566368873011,1.2611649740632733,1.4766626708215536,3.641451065832652,-2.5,-2.5,-2.5,0.0,0.0,0.8639474135365358,0
12.750000000000046,6,6.0967413458802335,14.473409961588198,13.858241879457548,-1.858247853954998,-1.442004557239892,-1.9740127226778688,2.4856700971413708,-0.26716627606200605,0.008145496447013999,0.0,0.0,-2.48165671345297,0
12.750000000000046,7,20.72037714656435,24.61944566016842,24.61944462791323,3.297734218173084,2.657531971329573,2.6575313446225817,2.5,2.5,2.5,0.0,0.0,0.6783075667598581,0
12.750000000000046,8,25.136159306071747,15.484793756744473,14.995841958002709,-2.1699152306300866,-0.3351255996903845,0.0028742901758500544,-2.47061548384351,-0.38216277528549136,0.003277831415685665,0.0,0.0,-2.9883615098264933,0
12.800000000000047,0,3.8896875993298523,4.397206944151102,6.849385354967048,-0.9741440132973164,-1.0780432121826105,-1.8327904360690654,1.3896497204371208,1.3998840005720394,1.5359682416741087,0.0,0.0,-2.3056091630954496,0
12.800000000000047,1,18.599612783813537,7.113654640905959,19.925148699995628,2.7315931071471553,-2.2373511753524467,3.384245572757741,-1.641395787127173,1.7707770619434284,-0.6482040318419563,0.0,0.0,-0.6862580683888814,0
12.800000000000047,2,16.823705264691142,3.9689187575354183,10.241092844573927,0.9747792441524445,-4.275231355848277,-2.182220101738468,0.4548788332620412,1.397640229406575,2.022297464814339,0.0,0.0,-1.3466223912967097,0
12.800000000000047,3,5.088428312703456,5.586444492575533,21.423182519127604,0.5643455742753937,0.46574057123984547,0.08329906634724794,1.419902849533507,1.4316247299314602,-1.4779467279084522,0.0,0.0,0.6899639446766157,0
12.800000000000047,4,17.49856218182875,21.035828783232606,8.964171222778008,0.07352731165133929,-1.1148524462535643,1.1148524442342425,-1.6554571025005862,-1.324662557085992,1.3246625576480842,0.0,0.0,-1.5049391981585063,0
12.800000000000047,5,17.26490793682357,16.99225414475211,22.63461124202174,1.1361649741016406,1.3516626708215536,3.516451065832652,-2.499999999232654,-2.5,-2.5,0.0,0.0,0.871803320443046,0
12.800000000000047,6,6.006936998173916,14.400985380252093,13.759563064301346,-1.7339260542977142,-1.4549786962042452,-1.9731398835702343,2.4864359931456783,-0.2594827792870615,0.01745678215268845,0.0,0.0,-2.4434467441888534,0
12.800000000000047,7,20.888388857473004,24.7554472587349,24.75544619514436,3.281392152545919,2.6676271053855056,2.667626504558427,2.5,2.5,2.4999999999999996,0.0,0.0,0.6825911053535065,0
12.800000000000047,8,25.024575279169486,15.467559747537324,14.995989770026732,-2.293445845460352,-0.35423476859556824,0.0030381907850870696,-2.4706122966053137,-0.38218337810367436,0.0032780121847403045,0.0,0.0,-2.988348359408115,0
12.850000000000048,0,3.8427161565612917,4.34505376204634,6.759667770653907,-0.9047136974451101,-1.008084072007868,-1.7559129364565416,1.3886063170441254,1.3991828034948477,1.5375499922504785,0.0,0.0,-2.3022055521838043,0
12.850000000000048,1,18.734141090397976,7.003995879084543,20.09353707981553,2.649539156230408,-2.148999297504183,3.351289620038429,-1.6410790183349495,1.7670375569652699,-0.6591190543862396,0.0,0.0,-0.6814631412119985,0
12.850000000000048,2,16.87299982863591,3.7569198764505183,10.134501733786541,0.9970033136382226,-4.204723887547728,-2.0814243297570076,0.4444813897155616,1.4101493660109645,2.0159154396292016,0.0,0.0,-1.337980953739203,0
12.850000000000048,3,5.118419206277773,5.611520281948644,21.425498080629517,0.6352901686972622,0.5372910036845407,0.009323393729192775,1.4188918884373705,1.431008648893906,-1.4795134523611033,0.0,0.0,0.7020163489594541,0
12.850000000000048,4,17.500164302859947,20.978433415546505,9.02156659036386,-0.00944247040337913,-1.1809622611905484,1.1809622591998754,-1.6593956410943682,-1.3221962987396836,1.3221962993126593,0.0,0.0,-1.5787917297852279,0
12.850000000000048,5,17.31859118558791,17.056712278293187,22.80730879531337,1.0111649764720456,1.2266626708215536,3.391451065832652,-2.4999999525919,-2.5,-2.5,0.0,0.0,0.8813998618050362,0
12.850000000000048,6,5.9233496231747065,14.327921682607057,13.660939503885865,-1.6095689456706477,-1.4675692095972432,-1.9718025330489737,2.4871421725413305,-0.25181026785995964,0.026747010425210438,0.0,0.0,-2.4023084638142187,0
12.850000000000048,7,21.055583464851473,24.89195361399655,24.89195251986897,3.2656671828813977,2.6772580223675595,2.677257427353601,2.4999998009371502,2.4999999938990447,2.499999597351584,0.0,0.0,0.686709782047755,0
12.850000000000048,8,24.906814725807422,15.449370252208837,14.996145777324045,-2.416976289022184,-0.37334504454395007,0.0032021011075175068,-2.470608871236635,-0.38220551896763655,0.003278206448608738,0.0,0.0,-2.988336095214809,0
12.900000000000048,0,3.7992149322402984,4.296397664720185,6.673796025088962,-0.8353352753946225,-0.9381598210382938,-1.6789568861412583,1.387568441009752,1.3984850193914862,1.5391210063056648,0.0,0.0,-2.2982808468811555,0
12.900000000000048,1,18.864567133964083,6.898750042755783,20.260264188075656,2.5675025864139838,-2.0608341556462264,3.3177947103666403,-1.6407313963284877,1.7633028371591353,-0.6698981934357748,0.0,0.0,-0.6763613893780461,0
12.900000000000048,2,16.923392702377363,3.548461764141973,10.032942392518237,1.0187116360200197,-4.1336006047940925,-1.9809493209751503,0.4341664476359425,1.4224656550727195,2.009500175637147,0.0,0.0,-1.329164866968072,0
12.900000000000048,3,5.151956061947043,5.640172820012682,21.424112896859086,0.7061840580735398,0.6088105188770134,-0.06473074454638095,1.4178777875255522,1.4303903038494528,-1.4810827655114744,0.0,0.0,0.7114844368236125,0
12.900000000000048,4,17.497612994603262,20.917735663764553,9.082264342047006,-0.09260985986403192,-1.246947810087436,1.2469478081259588,-1.6633477892130557,-1.3197109779377538,1.3197109785216674,0.0,0.0,-1.6449294575268405,0
12.900000000000048,5,17.36602443441151,17.114920411874916,22.973756348643636,0.8861649764720456,1.101662672447703,3.2664510673778806,-2.5,-2.499999967477009,-2.4999999690954318,0.0,0.0,0.8933850867149978,0
12.900000000000048,6,5.8459809124047215,14.254238039112236,13.562394401045934,-1.4851794851287692,-1.4797765301955925,-1.9700015805483329,2.4877892108375703,-0.24414641196698522,0.03601905001281865,0.0,0.0,-2.3580167597048707,0
12.900000000000048,7,21.221991823995545,25.028941515114926,25.02894039123665,3.250539010423161,2.686447394473051,2.6864468240495976,2.5,2.5,2.5,0.0,0.0,0.6906694123996778,0
12.900000000000048,8,24.782877654900727,15.430225213135083,14.996309980400243,-2.540506547245725,-0.3924565184061578,0.003366021940440421,-2.4706051644708173,-0.3822294772441542,0.0032784166584582833,0.0,0.0,-2.988324552195325,0
12.950000000000049,0,3.759181338068842,4.251236911637661,6.591774033222233,-0.7660084914636363,-0.868270302262698,-1.6019227885279157,1.3865356786197247,1.3977903755119163,1.5406819522668505,0.0,0.0,-2.2937029134733184,0
12.950000000000049,1,18.990891820893236,6.797907800673458,20.42530324055458,2.485484890752124,-1.9728555276467652,3.2837673887904275,-1.6403539132371934,1.7595725599892245,-0.6805464315242525,0.0,0.0,-0.6709187987595353,0
12.950000000000049,2,16.974858199624464,3.343574976206493,9.936398742888134,1.0399082538640056,-4.06187091262511,-1.8807966642289662,0.423932356879719,1.4345938433796592,2.00305313492368,0.0,0.0,-1.3201626139509353,0
12.950000000000049,3,5.1890363399982595,5.672400557745022,21.419023040489023,0.7770270639751069,0.6802989904165634,-0.13886351025608235,1.4168601180313425,1.4297694307909994,-1.482655314194028,0.0,0.0,0.719121708962853,0
12.950000000000049,4,17.490898357182395,20.85374176680678,9.146258238907448,-0.17597563697067697,-1.3128080682234586,1.3128080662917272,-1.6673155421329013,-1.3172051627204513,1.3172051633153652,0.0,0.0,-1.7040472387196073,0
12.950000000000049,5,17.407207683248387,17.1668785454973,23.13395390201253,0.761164977003057,0.976662672447703,3.1414510673778806,-2.499999989379773,-2.5,-2.5,0.0,0.0,0.9087724266186535,0
12.950000000000049,6,5.774832410159505,14.179953601536232,13.463950916761457,-1.3607606046798797,-1.4916009728445896,-1.9677377908307325,2.4883776089777903,-0.23648885297994196,0.045275794352006474,0.0,0.0,-2.3103557311381406,0
12.950000000000049,7,21.387643774516704,25.16638888483858,25.16638773243913,3.2359877124707923,2.6952167326996195,2.695216185858573,2.5,2.5,2.5,0.0,0.0,0.6944756541807835,0
12.950000000000049,8,24.652764076135323,15.410124567714321,14.996482379804593,-2.664036603370461,-0.4115692984243242,0.003529954233572373,-2.4706011224947217,-0.38225560036332823,0.003278645862639034,0.0,0.0,-2.988313589391721,0
13.00000000000005,0,3.72261279802629,4.209569769779772,6.513605685648172,-0.6967331102384423,-0.7984153720528862,-1.524811114434518,1.3855076245038789,1.3970986041962368,1.542233481867952,0.0,0.0,-2.2882909121548445,0
13.00000000000005,1,19.1131161310657,6.70145983219803,20.58862777415879,2.403487516146398,-1.8850632113703543,3.2492139553779444,-1.639947492114517,1.755846325528219,-0.6910686682496593,0.0,0.0,-0.6650962370127759,0
13.00000000000005,2,17.02737083387542,3.1422896040951906,9.844854629088385,1.0605971161742378,-3.989543971826969,-1.7809678877610033,0.4137772462046433,1.4465388159628163,1.9965755293592569,0.0,0.0,-1.3109619574257763,0
13.00000000000005,3,5.229657491250336,5.708201939465739,21.410224575283024,0.8478189861079484,0.7517562784120841,-0.2130750979837609,1.4158384426568282,1.4291457599104143,-1.4842317545535708,0.0,0.0,0.7254150717032852,0
13.00000000000005,4,17.480010449150484,20.78645801669034,9.213541988928062,-0.25954068430576227,-1.378541936434228,1.3785419345327956,-1.6713009467017061,-1.3146773642153882,1.3146773648213697,0.0,0.0,-1.7568898392148713,0
13.00000000000005,5,17.44214093209854,17.212586679119685,23.287901455381423,0.636164977003057,0.851662672447703,3.0164510673778806,-2.5,-2.5,-2.5,0.0,0.0,0.9292383625678617,0
13.00000000000005,6,5.70990551466677,14.10508750889137,13.365632177423846,-1.2363152150295604,-1.503042732949915,-1.965011782673667,2.4889077930063856,-0.22883520210650762,0.05452016314131161,0.0,0.0,-2.2591318321178564,0
13.00000000000005,7,21.552568160140243,25.30427472147356,25.30427354173206,3.2219937636769225,2.703586416356006,2.7035858921296203,2.5,2.5,2.5,0.0,0.0,0.6981340024885044,0
13.00000000000005,8,24.516474000120063,15.389068247384634,14.996662976138657,-2.7875664372399496,-0.43068351476316,0.00369389912897852,-2.470596677389772,-0.3822843267767162,0.0032788979081229417,0.0,0.0,-2.9883030829680006,0
13.05000000000005,0,3.6895067473654666,4.171394512980109,6.439294850215764,-0.6275089161945081,-0.728594899933604,-1.4476223028618018,1.3844838808786837,1.396409442385643,1.543776231454324,0.0,0.0,-2.2817906145767677,0
13.05000000000005,1,19.231241115635935,6.609396826230154,20.750211634780516,2.321511866663092,-1.7974570273446955,3.21414046949113,-1.6395129896661196,1.7521236805131748,-0.7014697177362887,0.0,0.0,-0.6588484583604826,0
13.05000000000005,2,17.08090531349478,2.9446352874557613,9.758293820115773,1.0807820686002243,-3.9166286937501984,-1.681464471143543,0.40369904851973054,1.4583055615354077,1.9900683323492094,0.0,0.0,-1.3015498799168232,0
13.05000000000005,3,5.273816955948753,5.747575402154937,21.397713554441687,0.9185596018287628,0.823182229155858,-0.2873657356697308,1.4148123144162885,1.4285190148754787,-1.4858127537193973,0.0,0.0,0.7306930353129016,0
13.05000000000005,4,17.464939282299184,20.715890762330424,9.28410924319368,-0.3433059897461717,-1.4441482379624584,1.4441482360918823,-1.6753061088081889,-1.3121260305646099,1.3121260311817324,0.0,0.0,-1.8041863828742277,0
13.05000000000005,5,17.470824180948693,17.25204481274207,23.435599008750316,0.511164977003057,0.726662672447703,2.8914510673778806,-2.5,-2.5,-2.5,0.0,0.0,0.9577640901763694,0
13.05000000000005,6,5.651201479057306,14.0296588934454,13.267461282170428,-1.1118462093489918,-1.514101884888798,-1.9618240274629741,2.4893801136113707,-0.22118303877765833,0.06375510421385779,0.0,0.0,-2.204191161135694,0
13.05000000000005,7,21.71679284832409,25.442579042291364,25.44257783633854,3.208538059468485,2.7115757638590763,2.7115752613184596,2.5,2.5,2.5,0.0,0.0,0.7016497923745567,0
13.05000000000005,8,24.374007438580534,15.367056176372865,14.996851770067268,-2.9110960243412585,-0.4497993257076017,0.003857858015451199,-2.4705917420261816,-0.3823162188888345,0.003279177729453571,0.0,0.0,-2.988292920448094,0
13.100000000000051,0,3.6598606316267617,4.136709421272365,6.368845373601713,-0.5583357133536989,-0.6588087683761494,-1.3703567617002341,1.3834640568161838,1.3957226311490911,1.5453108232313542,0.0,0.0,-2.273833052799116,0
13.100000000000051,1,19.34526789497048,6.521709480015413,20.91002896537125,2.239559306718762,-1.710036821244938,3.1785527541381198,-1.6390511988866054,1.7484041219951507,-0.7117543070602013,0.0,0.0,-0.6521228689654359,0
13.100000000000051,2,17.135436536329266,2.750641226696132,9.676700011921316,1.1004668447791117,-3.843133736634972,-1.582287856634788,0.3936955235777466,1.4698991423045267,1.983532290175096,0.0,0.0,-1.291912517898723,0
13.100000000000051,3,5.321512162634424,5.7905193747527886,21.381486018918697,0.9892486655980754,0.894576674758193,-0.36173568524987565,1.413781275386251,1.4278889120467002,-1.487398991602897,0.0,0.0,0.7351852223703363,0
13.100000000000051,4,17.445674816309722,20.642046413507178,9.357953591924185,-0.4272726498322474,-1.5096257149674377,1.5096257131282786,-1.679333201721513,-1.3095495400995874,1.3095495407279298,0.0,0.0,-1.8466145457468215,0
13.100000000000051,5,17.493257429798845,17.285252946364455,23.57704656211921,0.38616497700305696,0.601662672447703,2.7664510673778806,-2.5,-2.5,-2.5,0.0,0.0,1.0001861808057202,0
13.100000000000051,6,5.598721412146766,13.953686886814994,13.16946131029191,-0.9873564670726009,-1.5247783803275223,-1.9581748476777794,2.4897948455278174,-0.2135299087744892,0.07298359570389613,0.0,0.0,-2.1454409346858596,0
13.100000000000051,7,21.880344751297514,25.58128283048432,25.581281599404463,3.195601933600355,2.719203091155727,2.7192026094093844,2.5,2.4999999999999996,2.5,0.0,0.0,0.7050282003617642,0
13.100000000000051,8,24.22536440461027,15.344088270073186,14.997048762332756,-3.034625334469286,-0.4689169262795308,0.0040218326041126335,-2.4705862025605545,-0.38235201143858116,0.0032794917732286936,0.0,0.0,-2.9882829955639756,0
13.150000000000052,0,3.6336719056684967,4.105512780247587,6.30226108284978,-0.48921332497689024,-0.589056872614968,-1.293014868377101,1.3824477675361737,1.3950379152236292,1.5468378664626614,0.0,0.0,-2.2638617398500913,0
13.150000000000052,1,19.455197656741927,6.438388497828925,21.06805419423377,2.157631164139124,-1.6228024662145408,3.1424564003626876,-1.6385628515927586,1.7446871006079405,-0.7219270755086451,0.0,0.0,-0.6448579836279066,0
13.150000000000052,2,17.190939583916077,2.560336195699046,9.600056829005629,1.1196550586933836,-3.769067503248485,-1.4834394599926646,0.3837642782854372,1.481324667729744,1.976967932842468,0.0,0.0,-1.2820350895557597,0
13.150000000000052,3,5.372740526983509,5.837032277440227,21.361537995702648,1.0598859083653192,0.9659394327393479,-0.43618524339204723,1.4127448553448743,1.427255159623098,-1.4889911628434318,0.0,0.0,0.7390569444365648,0
13.150000000000052,4,17.422206953223736,20.564931445016796,9.435068560323408,-0.5114418736072003,-1.574973024647875,1.5749730228406986,-1.683384475499057,-1.3069461936087476,1.3069461942483978,0.0,0.0,-1.8847845080788646,0
13.150000000000052,5,17.509440678648996,17.312211079986838,23.712244115488105,0.26116497700305696,0.476662672447703,2.6414510673778806,-2.5,-2.5,-2.5,0.0,0.0,1.0695644111822067,0
13.150000000000052,6,5.5524662790266195,13.877190626146,13.071655328718652,-0.8628488577332442,-1.5350720464322365,-1.9540644152525026,2.490152186787136,-0.20587332209428483,0.08220864850553522,0.0,0.0,-2.082874383063786,0
13.150000000000052,7,22.04324984797753,25.720367985042106,25.720366729874932,3.1831671717831016,2.7264857669448537,2.7264853051372744,2.5,2.5,2.5,0.0,0.0,0.7082742462569762,0
13.150000000000052,8,24.070544913002923,15.320164432903534,14.997253953773761,-3.1581543298246526,-0.4880365605065799,0.004185825036062048,-2.4705799071073264,-0.38239268454098185,0.003279848638988283,0.0,0.0,-2.9882732031564028,0
13.200000000000053,0,3.6109380327118004,4.077802880420046,6.239545786879204,-0.42014159329096246,-0.5193391204866447,-1.2155969704459322,1.3814346337185557,1.3943550425664653,1.5483579586233769,0.0,0.0,-2.250996661649588,0
13.200000000000053,1,19.561031654172826,6.359424589547548,21.224262023533704,2.075728733096915,-1.5357538650405402,3.1058567716347074,-1.6380486208441813,1.7409720234800106,-0.7319925745596011,0.0,0.0,-0.6369814809344858,0
13.200000000000053,2,17.24738971533175,2.373748554626412,9.528347825486458,1.138350197933526,-3.694438139656868,-1.3849206807741727,0.37390278480284767,1.4925872718323363,1.970375584369837,0.0,0.0,-1.2719018155277007,0
13.200000000000053,3,5.427499450614624,5.887112520898074,21.337865496059383,1.1304710368793007,1.0372703055745356,-0.5107147423386723,1.411702570279631,1.4266174567037546,-1.4905899789325014,0.0,0.0,0.7424302292890098,0
13.200000000000053,4,17.39452553170873,20.484552401027525,9.515447604223132,-0.5958149869929851,-1.6401887349228679,1.640188733148244,-1.6874622677156959,-1.3043142054998578,1.3043142061509092,0.0,0.0,-1.9192348960674255,0
13.200000000000053,5,17.51937392749915,17.332919213609223,23.841191668856997,0.13616497700305696,0.351662672447703,2.5164510673778806,-2.5,-2.5,-2.5,0.0,0.0,1.2013699551787516,0
13.200000000000053,6,5.512436901462204,13.800189260386198,12.974066399592308,-0.7383262448433967,-1.5449825839598943,-1.9494927498012593,2.4904522577969486,-0.198210750553154,0.09143330902486432,0.0,0.0,-2.0165971127179723,0
13.200000000000053,7,22.205533206566688,25.85981727338935,25.859815995131797,3.1712160218416003,2.7334402648445373,2.7334398221548186,2.5,2.5,2.5,0.0,0.0,0.7113927952266579,0
13.200000000000053,8,23.90954898070158,15.29528455540637,14.99746734535066,-3.2816829622290564,-0.5071585393799145,0.004349838039936717,-2.470572648088075,-0.3824395774666914,0.0032802600774933756,0.0,0.0,-2.9882634334936684,0
13.250000000000053,0,3.5916564833982934,4.053578016600611,6.1807032779650495,-0.35112037924931677,-0.4496554322908019,-1.1381033861202483,1.380424280832914,1.3936737639168553,1.5498716865136797,0.0,0.0,-2.2337604592613314,0
13.250000000000053,1,19.662771204423617,6.284808469116537,21.37862741802984,1.9938532769346813,-1.4488909521999214,3.0687590082106246,-1.6375091232446741,1.737258256812377,-0.7419552684816519,0.0,0.0,-0.6284077310643026,0
13.250000000000053,2,17.30476236072417,2.190906262760679,9.461556485663337,1.15655561776338,-3.6192535349724326,-1.2867329121506628,0.36410839659707916,1.5036920936887102,1.9637553724701984,0.0,0.0,-1.2614958319760274,0
13.250000000000053,3,5.4857863198595105,5.940758505542112,21.310464513729258,1.2010037329161831,1.1085690801869874,-0.5853245508663153,1.410653920737649,1.4259754922490344,-1.4921961705528606,0.0,0.0,0.7453971095808607,0
13.250000000000053,4,17.36160978235908,20.40566796428138,9.594332040880543,-0.7208149869929851,-1.5151887349228679,1.515188733148244,-2.5,2.5,-2.4999999999999996,0.0,0.0,-2.0148370146783496,0
13.250000000000053,5,17.5230571763493,17.347377347231607,23.96388922222589,0.011164977003056964,0.226662672447703,2.3914510673778806,-2.5,-2.5,-2.5,0.0,0.0,1.5215779887563252,0
13.250000000000053,6,5.478633958095329,13.722701956656802,12.876717587930033,-0.6137914898316066,-1.5545095652158873,-1.944459716689768,2.490695100235803,-0.1905396251198624,0.10066066222982975,0.0,0.0,-1.9468515000798399,0
13.250000000000053,7,22.367219007576264,25.999614286612896,25.99961298604806,3.1597312017061507,2.7400822154484947,2.7400817844632814,2.4999999339958205,2.4999999850571797,2.4999998468185316,0.0,0.0,0.7143885604699339,0
13.250000000000053,8,23.748589832590127,15.266801628437374,15.000809837252659,-3.1566829622290564,-0.6321585393799145,0.12934983803993672,2.5,-2.5,2.5,0.0,0.0,-2.9439467379042132,0
13.300000000000054,0,3.5758247348589305,4.032836487276527,6.125737333193209,-0.28214956232519584,-0.3800057406725039,-1.0605344047533682,1.379416338482419,1.392993832365959,1.5513796273376015,0.0,0.0,-2.2094721573752016,0
13.300000000000054,1,19.760417687118952,6.21453085291672,21.531125594021038,1.9120060308786957,-1.362213695792736,3.0311680314372818,-1.636944921119711,1.7335451281437062,-0.751819535466859,0.0,0.0,-0.6190346240221838,0
13.300000000000054,2,17.363033114565596,2.0118368913380213,9.399666224102791,1.1742745358937994,-3.54352132193388,-1.188877550271148,0.35437836260838634,1.5146442607710497,1.957107237590296,0.0,0.0,-1.2507990952446681,0
13.300000000000054,3,5.547598504492804,5.997968620731363,21.27933102307322,1.271483652415532,1.1798355273830647,-0.6600150753752114,1.409598389986978,1.4253289439215475,-1.493810490177923,0.0,0.0,0.7480283017277276,0
13.300000000000054,4,17.32244403300943,20.33303352753524,9.666966477537954,-0.8458149869929851,-1.3901887349228679,1.390188733148244,-2.5,2.5,-2.5,0.0,0.0,-2.1173820994309986,0
13.300000000000054,5,17.52244494294474,17.359321526759015,24.080629423357976,-0.035654313185540534,0.25110450864858874,2.2781569779055477,-0.9363858037719499,0.48883672401771444,-2.265881789446658,0.0,0.0,1.71184341597608,0
13.300000000000054,6,5.451057984448431,13.644747906729792,12.779631969389301,-0.4892474560442959,-1.563652431864518,-1.93896502493949,2.4908806757462134,-0.18285733297261347,0.10989383500555742,0.0,0.0,-1.874034271860672,0
13.300000000000054,7,22.523424041869013,26.134802937174236,26.134801615254474,3.0884701700037316,2.6674638070051766,2.6674633837932977,-1.4252206340483788,-1.452368168866359,-1.452368013399674,0.0,0.0,0.712385167637264,0
13.300000000000054,8,23.593880684478677,15.232068701468378,15.010402329154656,-3.0316829622290564,-0.7571585393799145,0.2543498380399367,2.5,-2.5,2.5,0.0,0.0,-2.896850627422776,0
13.350000000000055,0,3.5634402697923693,4.015576593996568,6.07465171589273,-0.21322904033723555,-0.3103899905258635,-0.9828902872657721,1.3784104397592052,1.3923150029328077,1.552882349751922,0.0,0.0,-2.172724627976241,0
13.350000000000055,1,19.853972543007178,6.148582458037487,21.681732008506376,1.830188204650347,-1.2757220993766143,2.993088547976257,-1.636356524566973,1.7298319283224348,-0.7615896692204971,0.0,0.0,-0.6087394597883775,0
13.350000000000055,2,17.422177728659882,1.8365676363348609,9.34266038526584,1.1915100278777015,-3.467248878192536,-1.0913560032069407,0.3447098396780439,1.525448874826876,1.950430941284145,0.0,0.0,-1.2397922773291365,0
13.350000000000055,3,5.612933356416017,6.0587412439464945,21.244460977160724,1.3419104245129925,1.251069401222165,-0.7347867611246146,1.408535441949209,1.424677476782008,-1.4954337149880625,0.0,0.0,0.7503790377624338,0
13.350000000000055,4,17.277028283659778,20.266649090789095,9.733350914195366,-0.9708149869929851,-1.2651887349228679,1.265188733148244,-2.5,2.5,-2.5,0.0,0.0,-2.225295555351305,0
13.350000000000055,5,17.519496764351622,17.372483693343924,24.191701969167642,-0.08227283053918064,0.275382154747845,2.1647448544811643,-0.9323703470728019,0.48555292198512484,-2.2682424684876725,0.0,0.0,1.8611139785136614,0
13.350000000000055,6,5.429709372726727,13.566346333618732,12.68283263814211,-0.36469701282387096,-1.5724104925778888,-1.9330082249481682,2.491008864408499,-0.17516121426741527,0.11913599982644055,0.0,0.0,-1.7987017086900552,0
13.350000000000055,7,22.67606458672975,26.2663613732205,26.266360030335026,3.017151624425755,2.5948736348454546,2.5948732194288056,-1.4263709115595322,-1.4518034431944418,-1.4518032872898423,0.0,0.0,0.7102944869827195,0
13.350000000000055,8,23.445421536367224,15.191085774499381,15.026244821056654,-2.9066829622290564,-0.8821585393799145,0.3793498380399367,2.5,-2.5,2.5,0.0,0.0,-2.846934169493076,0
13.400000000000055,0,3.554500575551268,4.001796640760455,6.0274501770480535,-0.1443587293068157,-0.2408081389186369,-0.9051712665212779,1.3774062206083966,1.3916370321445322,1.5543804148898854,0.0,0.0,-2.110830533750534,0
13.400000000000055,1,19.943437272747975,6.086954000460162,21.83042234855401,1.7484009849814373,-1.189416203716404,2.954525053929187,-1.6357443933781939,1.726117913204206,-0.7712698809414007,0.0,0.0,-0.5973735660913464,0
13.400000000000055,2,17.48217210493299,1.6651253311752547,9.290522242697875,1.208265023046616,-3.390443328191706,-0.9941696995116173,0.3350999033782895,1.536111000016604,1.943726073906468,0.0,0.0,-1.2284546513091454,0
13.400000000000055,3,5.681788208290233,6.1230747399348635,21.205850305791774,1.4122836504556675,1.3222704383125972,-0.8096400936333822,1.4074645188535007,1.4240207418086435,-1.4970666501753507,0.0,0.0,0.75249308279617,0
13.400000000000055,4,17.22536253431013,20.20651465404295,9.793485350852778,-1.095814986992985,-1.1401887349228679,1.140188733148244,-2.5,2.5,-2.5,0.0,0.0,-2.3363519811414575,0
13.400000000000055,5,17.51422264943636,17.386855663611,24.2971009935623,-0.12869176607130214,0.29949665593530184,2.0512161213051754,-0.9283787106424303,0.48229002374913615,-2.2705746635197785,0.0,0.0,1.9766356840044177,0
13.400000000000055,6,5.414588371414254,13.487516498291583,12.586342714868152,-0.24014303967504375,-1.580782920508049,-1.9265887060101552,2.491079462976544,-0.16744855860320473,0.1283903787602611,0.0,0.0,-1.7215576189597852,0
13.400000000000055,7,22.825137786686366,26.394290997464886,26.394289634003997,2.9457763738387923,2.522311334929928,2.5223109273301025,-1.4275050117392474,-1.451245998310533,-1.4512458419740586,0.0,0.0,0.7081094421094484,0
13.400000000000055,8,23.303212388255773,15.143852847530384,15.048337312958651,-2.7816829622290564,-1.0071585393799145,0.5043498380399367,2.5,-2.5,2.5,0.0,0.0,-2.794207495780974,0
13.450000000000056,0,3.5490031432349247,3.991494933411547,5.984136456693696,-0.07553856334691968,-0.1712601550376876,-0.8273775476530583,1.3764033191979204,1.3909596776189854,1.5558743773643924,0.0,0.0,-1.9862034344880302,0
13.450000000000056,1,20.02881343582351,6.0296361931557065,21.977172520873424,1.6666455380398566,-1.1032960884618328,2.9154818388474117,-1.635108938831611,1.7224023050914234,-0.7808643016355116,0.0,0.0,-0.5847551692965735,0
13.450000000000056,2,17.54299228803204,1.497536459331987,9.243234997799318,1.224542300915375,-3.313111545538996,-0.897320096430669,0.325545557375179,1.546635653054202,1.9369920616189642,0.0,0.0,-1.2167639658450518,0
13.450000000000056,3,5.754160372111202,6.190967459818244,21.163494913444197,1.482602902383079,1.3934383570226045,-0.8845756002697893,1.406385038548227,1.4233583742001499,-1.498710132728143,0.0,0.0,0.7544055639344839,0
13.450000000000056,4,17.16744678496048,20.15263021729681,9.847369787510189,-1.220814986992985,-1.0151887349228679,1.015188733148244,-2.5,2.5,-2.5,0.0,0.0,-2.4478980589026933,0
13.450000000000056,5,17.50663255013499,17.402429304265812,24.396820699755484,-0.1749122059833435,0.32344897025712976,1.9375721264221824,-0.9244087982408272,0.47904628643655806,-2.2728798976598594,0.0,0.0,2.0665272477926626,0
13.450000000000056,6,5.405695084659071,13.408277706514724,12.490185354877426,-0.11558843053229353,-1.5887687505663008,-1.9197056936189525,2.491092182855004,-0.1597166011650381,0.13766024782405403,0.0,0.0,-1.6434218342167788,0
13.450000000000056,7,22.970640825788387,26.51859319483824,26.518591811193314,2.8743451902420123,2.449776560004252,2.4497761602425556,-1.4286236719355963,-1.4506954985135203,-1.450695341750935,0.0,0.0,0.7058222067242181,0
13.450000000000056,8,23.16725324014432,15.090369920561388,15.076679804860648,-2.6566829622290564,-1.1321585393799145,0.6293498380399367,2.5,-2.5,2.5,0.0,0.0,-2.738744177661436,0
13.500000000000057,0,3.546945466786693,3.9846697790317225,5.944714285293862,-0.006768494582358481,-0.1017460201552954,-0.7495093083402928,1.375401375291224,1.3902826976478442,1.5573647862553086,0.0,0.0,-1.6372218895961366,0
13.500000000000057,1,20.110102649568805,5.976619744100028,22.121958641584904,1.584923011772104,-1.0173618737653205,2.8759629896117596,-1.634450525355051,1.7186842939302471,-0.7903769847130458,0.0,0.0,-0.5706598359138482,0
13.500000000000057,2,17.604614457754614,1.3338271667989376,9.200781778193669,1.240344487987654,-3.235260155782974,-0.8008086877952715,0.3160437414455774,1.5570277951204377,1.9302281727079498,0.0,0.0,-1.2046963077918604,0
13.500000000000057,3,5.830047137719591,6.262417740158637,21.11739067713594,1.5528677219524722,1.4645728565931317,-0.9595938520604788,1.4052963913878658,1.422689991410542,-1.5003650358137897,0.0,0.0,0.7561450014582553,0
13.500000000000057,4,17.103281035610827,20.104995780550666,9.8950042241676,-1.345814986992985,-0.8901887349228679,0.8901887331482441,-2.5,2.5,-2.5,0.0,0.0,-2.557210593197465,0
13.500000000000057,5,17.496736366639272,17.419196527786283,24.49085535653244,-0.22093513384535624,0.34723997056166844,1.8238141446559897,-0.9204585572402547,0.47582000609077346,-2.2751596353238526,0.0,0.0,2.1374522480032145,0
13.500000000000057,6,5.4030294714422,13.328649315838256,12.394383756373623,0.00896390185747746,-1.5963668764924117,-1.91235824653313,2.49104664779542,-0.15196251852221782,0.14694894171645365,0.0,0.0,-1.5651811967269853,0
13.500000000000057,7,23.112570925805162,26.63926933331035,26.63926792987382,2.802858810429018,2.3772689788801733,2.377268586977637,-1.4297275962598819,-1.450151622481568,-1.4501514652983718,0.0,0.0,0.7034241009473203,0
13.500000000000057,8,23.037544092032867,15.030636993592392,15.111272296762646,-2.5316829622290564,-1.2571585393799145,0.7543498380399367,2.5,-2.5,2.5,0.0,0.0,-2.68069257604316,0
13.550000000000058,0,3.5483250420946,3.9813194853374307,5.909187385109454,0.061951506898637446,-0.03226572761638491,-0.6715666990360147,1.3744000296199186,1.3896058507782096,1.5588521860855618,0.0,0.0,-0.48016636713097055,0
13.550000000000058,1,20.187306588317337,5.9278953542096104,22.26475702617946,1.5032345381690888,-0.9316137218513751,2.8359723941704256,-1.6337694720603049,1.7149630382789076,-0.7998119088266757,0.0,0.0,-0.5548074895397089,0
13.550000000000058,2,17.667014921326825,1.1740232744164651,9.163145635707924,1.2556740549006518,-3.156895539515928,-0.7046370116344676,0.3065913382599559,1.5672923253409201,1.9234335232160793,0.0,0.0,-1.1922259519514573,0
13.550000000000058,3,5.909445771237948,6.3374239019768535,21.067533444190524,1.6230776187818399,1.5356736161355489,-1.0346954657561973,1.4041979365873505,1.4220151908483423,-1.5020322739143723,0.0,0.0,0.7577347928582231,0
13.550000000000058,4,17.032865286261178,20.063611343804524,9.936388660825012,-1.470814986992985,-0.7651887349228679,0.7651887331482441,-2.5,2.4999999999999996,-2.5,0.0,0.0,-2.6618780712253454,0
13.550000000000058,5,17.484543952479584,17.437149288206495,24.579199294657258,-0.2667614325422586,0.37087044624670595,1.7099433803367794,-0.9165259739380474,0.4726095137007499,-2.2774152863842057,0.0,0.0,2.1943481228723662,0
13.550000000000058,6,5.406591344524181,13.248650742733568,12.298961168870663,0.13351102142179172,-1.603576047695069,-1.9045452535852774,2.4909423912862847,-0.14418342405314294,0.15625985895705197,0.0,0.0,-1.4877296076576816,0
13.550000000000058,7,23.250925344504385,26.756320764676442,26.756319341841785,2.7313179375399503,2.3047882757635656,2.3047878917409577,-1.4308174577813595,-1.4496140623321498,-1.4496139047335912,0.0,0.0,0.7009054700807233,0
13.550000000000058,8,22.914084943921416,14.964654066623396,15.152114788664644,-2.4066829622290564,-1.3821585393799145,0.8793498380399367,2.5,-2.5,2.5,0.0,0.0,-2.6202844408261874,0
13.600000000000058,0,3.553139366093599,3.9814423600758495,5.877559471554892,0.1306214530613003,0.03718071715314762,-0.5935498431464747,1.3733989232532569,1.3889288953906505,1.5603371177908003,0.0,0.0,0.27731060848114486,0
13.600000000000058,1,20.260426982658107,5.883453715199616,22.405544179661838,1.4215812354615973,-0.8460518385483855,2.7955137451247105,-1.633066054149829,1.7112376660597937,-0.8091729809143023,0.0,0.0,-0.5368445317671888,0
13.600000000000058,2,17.73017010554565,1.0181502900352215,9.130309543978568,1.2705333138523158,-3.0780238357338177,-0.6088066575397734,0.29718517903328123,1.577434075642203,1.9166070818938832,0.0,0.0,-1.1793251969718654,0
13.600000000000058,3,5.992353513424416,6.415984249717569,21.013919029891564,1.6932320686768885,1.6067402934930786,-1.109881106202255,1.4030889979009722,1.4213335471505948,-1.503712808921156,0.0,0.0,0.7591943142434289,0
13.600000000000058,4,16.956199536911527,20.02847690705838,9.971523097482423,-1.595814986992985,-0.6401887349228679,0.6401887331482441,-2.5,2.5,-2.5,0.0,0.0,-2.7600804181307206,0
13.600000000000058,5,17.47006511951619,17.456279576983047,24.661846903411508,-0.3123918859934255,0.39434110481531925,1.595960969833244,-0.9126090690233379,0.469413171372266,-2.279648210070709,0.0,0.0,2.240755038039411,0
13.600000000000058,6,5.416380369162282,13.16830146989511,12.203940901775736,0.2580499641022491,-1.610394865843202,-1.8962654302117727,2.4907788536091484,-0.13637636296266226,0.16559646747009343,0.0,0.0,-1.411906887957753,0
13.600000000000058,7,23.38570137400568,26.869748825311184,26.86974738347291,2.659723242511793,2.2323341496261784,2.232333773504016,-1.431893900563144,-1.449082522747748,-1.4490823647388327,0.0,0.0,0.6982555422717089,0
13.600000000000058,8,22.796875795809964,14.892421139654399,15.199207280566641,-2.2816829622290564,-1.5071585393799145,1.0043498380399367,2.5,-2.5,2.5,0.0,0.0,-2.5578388074570313,0
13.650000000000059,0,3.5613859358678654,3.985036710420096,5.849834254547177,0.19924133790936022,0.10659329661672204,-0.515458837162098,1.372397696961198,1.3882515892714884,1.5618201196875356,0.0,0.0,0.4912508095182003,0
13.650000000000059,1,20.329465618800942,5.84328550736608,22.544296786868806,1.3399642102517437,-0.7606764747930654,2.754590543153935,-1.6323405041970735,1.7075072751064024,-0.8184640394155105,0.0,0.0,-0.5163188612738131,0
13.650000000000059,2,17.794056548798437,0.8662334205070538,9.102256395694678,1.2849244162591746,-2.99865094539289,-0.5133192738158364,0.2878220481371766,1.5874578068185528,1.9097476744787392,0.0,0.0,-1.1659641864219685,0
13.650000000000059,3,6.078767577931303,6.498097070153362,20.95654321500962,1.7633305115985702,1.6777725239386467,-1.1851514890754904,1.4019688584336363,1.4206446089113631,-1.5054076574647037,0.0,0.0,0.7605397494543134,0
13.650000000000059,4,16.873283787561878,19.999592470312237,10.000407534139836,-1.720814986992985,-0.5151887349228679,0.5151887331482441,-2.5,2.5,-2.4999999999999996,0.0,0.0,-2.850698820105518,0
13.650000000000059,5,17.453309642850048,17.47657941893459,24.73879262725487,-0.3578271806522207,0.4176525732464451,1.48186798390136,-0.908705893175904,0.4662293686225172,-2.2818597186376803,0.0,0.0,2.2792006941805956,0
13.650000000000059,6,5.432396061590556,13.087621053719387,12.10934633315347,0.38257773302871423,-1.6168217811857335,-1.8875173146788797,2.490555378529302,-0.1285383068506326,0.17496231065786014,0.0,0.0,-1.3384465624331132,0
13.650000000000059,7,23.51689633920433,26.979554836892294,26.979553376445928,2.588075365434131,2.1599063136181003,2.159905945416663,-1.4329575415532416,-1.44855672016156,-1.4485565617470635,0.0,0.0,0.6954622606605685,0
13.650000000000059,8,22.685916647698512,14.813938212685402,15.252549772468639,-2.1566829622290564,-1.6321585393799145,1.1293498380399367,2.5,-2.5,2.5,0.0,0.0,-2.4937593695732616,0
13.70000000000006,0,3.573062247751543,3.9921008423624036,5.826015439849628,0.26781113743773993,0.17597198107557233,-0.4372937507398525,1.3713959905675945,1.3875736891770054,1.5633017284449093,0.0,0.0,0.581332733130238,0
13.70000000000006,1,20.3944243380469,5.80738139729332,22.680991702954458,1.2583845595866492,-0.6754879281173208,2.7132061002721515,-1.6315930133018917,1.7037709335148918,-0.8276888576356742,0.0,0.0,-0.49264444198263707,0
13.70000000000006,2,17.85865089296984,0.8,9.078968999488024,1.2988493505970629,-2.918782535109903,-0.41817657445033624,0.27849868675776285,1.5973682056597411,1.9028539873100039,0.0,0.0,-1.1521107141353464,0
13.70000000000006,3,6.1686851494541335,6.58376063121867,20.895401743181022,1.8333723493146687,1.7487699186736672,-1.2605073840684595,1.4008367543219722,1.4199478947004096,-1.5071178998593835,0.0,0.0,0.761784722303038,0
13.70000000000006,4,16.784118038212227,19.976958033566095,10.023041970797246,-1.845814986992985,-0.3901887349228679,0.3901887331482441,-2.5,2.5,-2.5,0.0,0.0,-2.9332685543092034,0
13.70000000000006,5,17.43428726566397,17.498040868245386,24.810030962598915,-0.4030679067910188,0.44080539918544165,1.3676654298604245,-0.9048145227759616,0.46305651877993065,-2.2840510808187107,0.0,0.0,2.3115048831553104,0
13.70000000000006,6,5.454637787253974,13.006629131975371,12.015200918687048,0.5070912935079797,-1.6228550885748263,-1.8782992639779426,2.4902712095853072,-0.12066614778185729,0.1843610140187418,0.0,0.0,-1.2679400448837195,0
13.70000000000006,7,23.644507596260606,27.085740107095702,27.08573862843778,2.516374916816966,2.087504494518196,2.087504134257535,-1.4340089723432994,-1.4480363819980844,-1.4480362231825596,0.0,0.0,0.6925120845184682,0
13.70000000000006,8,22.581207499022582,14.729205285916011,15.312142264111325,-2.0316829848080484,-1.7571585313957458,1.2543498276675435,2.499999548420157,-2.4999998403166264,2.4999997925521384,0.0,0.0,-2.4285241332312646,0
13.75000000000006,0,3.5881657964262925,4.002633060104166,5.806106730412717,0.3363308095522289,0.24531672859492365,-0.3590546267365743,1.3703934422897792,1.3868949503870267,1.5647824800655639,0.0,0.0,0.6301804782246929,0
13.75000000000006,1,20.45530503636108,5.7757320354872155,22.815605944034022,1.1768433729805239,-0.5904865441268868,2.6713635429103477,-1.6308237321225048,1.70002767980868,-0.8368511472360786,0.0,0.0,-0.46505028206314225,0
13.75000000000006,2,17.923931444903435,0.8,9.060436096849347,1.3123727267466492,-2.8387195680894366,-0.3231395310967233,0.27046752299172755,1.6012593404093276,1.9007408670722592,0.0,0.0,-1.137751446037704,0
13.75000000000006,3,6.262103381753517,6.672973180762534,20.830490318113615,1.9033569426607087,1.8197320630808687,-1.3359496186278952,1.3996918669207985,1.41924288814403,-1.5088446911887123,0.0,0.0,0.7629407844060273,0
13.75000000000006,4,16.688702300323257,19.960573596819952,10.039426407454657,-1.9708145285658085,-0.2651887349228679,0.2651887331482441,-2.49999083145647,2.5,-2.5,0.0,0.0,-3.0078381027841563,0
13.75000000000006,5,17.413007704004787,17.520656004524,24.875556454685576,-0.4481145595762305,0.46380005195901913,1.2533542536059952,-0.9009330557042338,0.4598930554715497,-2.2862235250885847,0.0,0.0,2.3389955709628607,0
13.75000000000006,6,5.483104758786793,12.925345431681883,11.921528200853622,0.6315875678048033,-1.6284929231646887,-1.8686094493591072,2.4899254859364732,-0.11275669179724837,0.19379629237670723,0.0,0.0,-1.2008202643482988,0
13.75000000000006,7,23.76853253115045,27.188305930264157,27.18830443379222,2.4446224787766426,2.01512843222,2.015128079919949,-1.435048760806466,-1.4475212459639275,-1.4475210867517143,0.0,0.0,0.6893897524917165,0
13.75000000000006,8,22.48274834978218,14.638222359346223,15.377984755494703,-1.9066829848080484,-1.8821585313957458,1.3793498276675435,2.5,-2.5,2.5,0.0,0.0,-2.362667210366421,0
13.800000000000061,0,3.6066940740139795,4.016631665441719,5.79011182771449,0.40480029395525247,0.31462748490717934,-0.2807414811925009,1.3693896880604715,1.3862151262451141,1.5662629108814674,0.0,0.0,0.6607087814297417,0
13.800000000000061,1,20.512109664045372,5.748328053934525,22.948116677977247,1.0953417343912515,-0.5056727179807243,2.629065814818733,-1.630032771785448,1.6962765229232497,-0.845954561832289,0.0,0.0,-0.43250589867652584,0
13.800000000000061,2,17.98987937737248,0.8,9.04665716850602,1.3255445720150314,-2.7586988131678702,-0.2280176026364127,0.2634369053676443,1.600415098431323,1.9024385692062116,0.0,0.0,-1.1228730651376055,0
13.800000000000061,3,6.359019395527778,6.765732945206259,20.761804600588125,1.973283608309688,1.8906585146681545,-1.4114790823917287,1.3985333129795874,1.418529031745717,-1.5105892752766705,0.0,0.0,0.7640177956889783,0
13.800000000000061,4,16.587036573894967,19.95043916007381,10.049560844112069,-2.0958145285658087,-0.14018873492286787,0.1401887331482441,-2.5,2.5,-2.5,0.0,0.0,-3.0748022899596075,0
13.800000000000061,5,17.389480651516962,17.544416928908426,24.935363694562437,-0.49296753993682557,0.4866369234180538,1.1389353414684662,-0.8970596072119018,0.4567374291806939,-2.288378242750581,0.0,0.0,2.362656821295888,0
13.800000000000061,6,5.517796033724185,12.843789777208906,11.82835181833292,0.7560634296908604,-1.6337332557543576,-1.858445851468945,2.4895172377211403,-0.10480665179337847,0.20327195780324447,0.0,0.0,-1.1373633278881548,0
13.800000000000061,7,23.8889685582735,27.287253588050927,27.287252074163494,2.3728186061454073,1.9427778792507704,1.9427775349309577,-1.4360774526247027,-1.4470110593845928,-1.4470108997798268,0.0,0.0,0.6860779992715885,0
13.800000000000061,8,22.39053920054178,14.540989432776435,15.450077246878081,-1.7816829848080484,-2.0071585313957456,1.5043498276675435,2.5,-2.5,2.5,0.0,0.0,-2.2967541740277553,0
13.850000000000062,0,3.628644569162777,4.034094957146681,5.778034433103079,0.47321951199662904,0.3839041832912946,-0.2023543032639462,1.3683843608275308,1.3855339676823055,1.5677435585710944,0.0,0.0,0.6815693392753452,0
13.850000000000062,1,20.56484022550909,5.72516006358801,23.078501215342325,1.0138807241575127,-0.4210468958798693,2.5863156797844065,-1.6292202046747741,1.6925164420171002,-0.8550027006865318,0.0,0.0,-0.3936111102634742,0
13.850000000000062,2,18.056477075718767,0.8,9.03763634235731,1.3383633618366186,-2.6787161432481774,-0.13281544331201778,0.25637579643174696,1.5996533983938521,1.9040431864878977,0.0,0.0,-1.1074458325241219,0
13.850000000000062,3,6.459430276108344,6.862038128088393,20.689340205215263,2.0431516149129703,1.961548800617254,-1.487096732522757,1.3973601320656435,1.41780571898199,-1.512353002620569,0.0,0.0,0.765024224156414,0
13.850000000000062,4,16.47912085274835,19.946554719216532,10.053445284874353,-2.2208143172988675,-0.015188899368099251,0.015188897343160146,-2.4999957746611745,2.4999967110953722,-2.4999967161016787,0.0,0.0,-3.1347534223995166,0
13.850000000000062,5,17.36371578413782,17.56931576020915,24.989447316147277,-0.5376271552288338,0.5093163286109448,1.0244095219251574,-0.8931923058401627,0.4535881038578198,-2.2905163908661734,0.0,0.0,2.383229310535661,0
13.850000000000062,6,5.558710511934817,12.761982098621587,11.735695515669885,0.8805156987344092,-1.6385738877384517,-1.8478062550524117,2.489045380870976,-0.0968126396818812,0.2127919283306673,0.0,0.0,-1.0777037860289032,0
13.850000000000062,7,24.005813119114876,27.382584350040236,27.382582819136804,2.300963827509661,1.8704526003216004,1.870452264001457,-1.4370955727149206,-1.4465055785833991,-1.4465054185900172,0.0,0.0,0.6825572146680458,0
13.850000000000062,8,22.30458005130138,14.437506506206647,15.528419738261459,-1.6566829848080484,-2.1321585313957456,1.6293498276675435,2.5,-2.5,2.5,0.0,0.0,-2.2313534710115337,0
13.900000000000063,0,3.6540147661248916,4.055021230339647,5.769878249143888,0.5415883664879563,0.45314674442734265,-0.12389305510369597,1.3673770898265445,1.3848512227209608,1.5692249632050048,0.0,0.0,0.6967216118879801,0
13.900000000000063,1,20.61349877913559,5.706218651776659,23.206737000440942,0.9324614209024326,-0.3366095765741923,2.5431157241602573,-1.628386065101603,1.6887463861135394,-0.8639991124829807,0.0,0.0,-0.3464320317905571,0
13.900000000000063,2,18.1237068448358,0.8,9.033377510753393,1.3508274028446723,-2.5987672699683584,-0.03753782084463554,0.24928082016107408,1.5989774655963775,1.9055524493476446,0.0,0.0,-1.0914380604698493,0
13.900000000000063,3,6.563333070941666,6.961886908474241,20.613092696896786,2.1129601784198915,2.032402414816683,-1.5628036002163725,1.3961712701384223,1.417072283988587,-1.5141373538723082,0.0,0.0,0.7659673842550306,0
13.900000000000063,4,16.364955136883403,19.94892027010309,10.051079733920181,-2.3458143172988675,0.10981093483050416,-0.10981093551008297,-2.5,2.499996683972068,-2.4999966570648624,0.0,0.0,3.09481536633166,0
13.900000000000063,5,17.335722764764665,17.595344631081655,25.037801993374732,-0.5820936196972849,0.5318385062893212,0.9097775671730046,-0.889329289369022,0.45044355356752724,-2.2926390950430573,0.0,0.0,2.4012789777678303,0
13.900000000000063,6,5.6058469327606835,12.679942440287514,11.643583153214237,1.0049411343002654,-1.643012445624477,-1.8366882431735114,2.4885087113171243,-0.0887711577205069,0.22236023757800533,0.0,0.0,-1.0218579489949846,0
13.900000000000063,7,24.119063680957154,27.47429947434594,27.474297926826974,2.2290586461815374,1.7981523719066501,1.798152043605419,-1.4381036265624751,-1.4460045682990068,-1.4460044079207568,0.0,0.0,0.6788050309927403,0
13.900000000000063,8,22.224870902060978,14.32777357963686,15.613012229644836,-1.5316829848080484,-2.2571585313957456,1.7543498276675435,2.5,-2.5,2.5,0.0,0.0,-2.1670075097935504,0
13.950000000000063,0,3.6828021438240652,4.079408775855957,5.765646980974113,0.6099067414789862,0.5223550762250845,-0.04535767168731032,1.3663674998205981,1.3841666359548357,1.5707076683277128,0.0,0.0,0.7082271468406053,0
13.950000000000063,1,20.658087437243392,5.691494379539921,23.332801602524984,0.8510849034096923,-0.2523613128953508,2.499468359201372,-1.6275303498548035,1.6849652735768306,-0.8729472991777093,0.0,0.0,-0.2882585106432252,0
13.950000000000063,2,18.19155090062226,0.8,9.033884324399782,1.36293482861373,-2.518847726844294,0.05781036670021297,0.24214851538115373,1.598390862481284,1.9069637508969701,0.0,0.0,-1.0748159980998344,0
13.950000000000063,3,6.670724786809686,7.065277439199829,20.53305758692188,2.182708456300897,2.103218814206835,-1.6386007987797007,1.3949655576201065,1.4163279878030333,-1.5159439712665623,0.0,0.0,0.7668536280585113,0
13.950000000000063,4,16.24453942101846,19.95753581684462,10.042464187144676,-2.4708143172988675,0.23481093483050416,-0.23481093551008297,-2.5,2.5,-2.5,0.0,0.0,3.0468433854918238,0
13.950000000000063,5,17.30551124790383,17.622495684220066,25.08042243741826,-0.6263670547360176,0.5542036192470475,0.7950401945681761,-0.8854687007746541,0.4473022591545279,-2.29474745209657,0.0,0.0,2.4172444226397922,0
13.950000000000063,6,5.659203871848836,12.597690969770186,11.552038717362361,1.129336429225887,-1.6470463750686162,-1.825089190901564,2.4879058985124285,-0.08067858888278154,0.23198104543894635,0.0,0.0,-0.9697501588399261,0
13.950000000000063,7,24.228717735639396,27.56240020818985,27.562398644456774,2.157103541108048,1.7258769818497333,1.7258766615864798,-1.4391021014697911,-1.445507801138338,-1.445507640378783,0.0,0.0,0.6747958205891361,0
13.950000000000063,8,22.151411752820575,14.211790653067071,15.703854721028215,-1.4066829848080484,-2.3821585313957456,1.8793498276675435,2.5,-2.5,2.5,0.0,0.0,-2.1042069665528658,0
14.000000000000064,0,3.7150041749108906,4.107255879602213,5.765344337667353,0.678174501994026,0.5915290736251316,0.0332519394169271,1.3653552103007958,1.3834799480009432,1.5721922220847482,0.0,0.0,0.7172631214345885,0
14.000000000000064,1,20.698608366140586,5.680977778884435,23.456672707085154,0.7697522524780271,-0.16830271332410174,2.455375823205488,-1.626653018633303,1.6811719914249807,-0.8818507199176786,0.0,0.0,-0.21525778021403097,0
14.000000000000064,2,18.259991361212553,0.8,9.039160185386303,1.374683594997915,-2.4389528510118748,0.1532240727605697,0.23497532768370105,1.5978975166483846,1.9082741212071346,0.0,0.0,-1.0575437181947391,0
14.000000000000064,3,6.781602386723972,7.172207844909619,20.449230328605744,2.2523955402705798,2.1739974141847753,-1.7144895338657795,1.3937416793936594,1.4155719995588076,-1.5177747017215768,0.0,0.0,0.767688499871739,0
14.000000000000064,4,16.117873709022387,19.972401363586144,10.02759864036917,-2.5958141625438973,0.3598109348305042,-0.359810935510083,-2.499996904900599,2.5,-2.5,0.0,0.0,3.0038583107985386,0
14.000000000000064,5,17.273090884311813,17.650761068563558,25.117303393980922,-0.6704474889447236,0.5764117544925998,0.680198067938236,-0.8816086841741199,0.44416270491104726,-2.2968425325988022,0.0,0.0,2.4314700697854823,0
14.000000000000064,6,5.718779737657854,12.515247987034128,11.461086331129804,1.2536982031348587,-1.6506729343736921,-1.8130062584006945,2.4872354781794344,-0.07253118610151874,0.24165865001739018,0.0,0.0,-0.9212382384719369,0
14.000000000000064,7,24.334772798360138,27.64688778846101,27.646886208916193,2.085098967721688,1.6536262289966361,1.6536259167902563,-1.4400914677271976,-1.445015057061941,-1.4450148959244689,0.0,0.0,0.6705000799161089,0
14.000000000000064,8,22.081349707612926,14.09505220337347,15.795803013627772,-1.395798823497968,-2.2873794563482908,1.7985818763147632,0.21768322620161024,1.895581500949095,-1.6153590270556064,0.0,0.0,-2.118694793572177,0
14.050000000000065,0,3.750618324803892,4.138560821902117,5.768974033611206,0.7463914937260309,0.6606686183710359,0.11193589833718409,1.3643398346400977,1.3827908949180836,1.5736791784051398,0.0,0.0,0.7245499792034246,0
14.050000000000065,1,20.735063786271535,5.67465934996133,23.578328107251647,0.6884645527600225,-0.0844344436000876,2.410840183454211,-1.6257539943600932,1.6773653944802827,-0.8907127950255388,0.0,0.0,-0.1220322781335796,0
14.050000000000065,2,18.32901023796344,0.8,9.049208239272026,1.3860714750375518,-2.3590777634043074,0.2486980826684304,0.22775760079273427,1.5975017521513477,1.9094801981572136,0.0,0.0,-1.0395830079331838,0
14.050000000000065,3,6.8959627864032695,7.282676219831435,20.361606312340477,2.3220204469013397,2.244737582687884,-1.7904711167448548,1.3924981326151984,1.4148033700621678,-1.5196316575815065,0.0,0.0,0.768476862240995,0
14.050000000000065,4,15.988254582152633,19.988185534920753,10.011814469000491,-2.588950912246293,0.27155591855377875,-0.2715559192370837,0.13726500595208785,-1.765100325534509,1.7651003254599846,0.0,0.0,3.0370844701140127,0
14.050000000000065,5,17.238471325638656,17.680132935507224,25.14843964064867,-0.714334857981496,0.5984629232539798,0.5652517987717802,-0.8777473807354464,0.4410233752275993,-2.2989253833291152,0.0,0.0,2.4442297063330214,0
14.050000000000065,6,5.784572767619816,12.432633933990216,11.370750265086073,1.3780229953436356,-1.6538891873827184,-1.8004363833485553,2.486495844175537,-0.06432506018052395,0.25139750104278535,0.0,0.0,-0.8761358433677489,0
14.050000000000065,7,24.43722640652158,27.72776344225722,27.727761847303974,2.013045358736065,1.5813999228516806,1.5813996187209096,-1.4410721797124597,-1.4445261228991089,-1.4445259613869352,0.0,0.0,0.6658836692708232,0
14.050000000000065,8,22.011975198907614,13.983050032088997,15.883734285788089,-1.3791815247144699,-2.192707395030616,1.718669010097849,0.33234597566996105,1.8934412263534892,-1.5982573243382856,0.0,0.0,-2.1322566074884945,0
14.100000000000065,0,3.7896420507141837,4.173321876830152,5.7765397899008795,0.8145575426856231,0.7297735787503397,0.19069435324974138,1.3633209791918453,1.382099207586076,1.5751690982511457,0.0,0.0,0.7305531005786958,0
14.100000000000065,1,20.767455972455313,5.672529558161773,23.697745695286795,0.6072228945911429,-0.0007572283822132736,2.3658633379517475,-1.6248331633775936,1.6735443043574865,-0.899536910049265,0.0,0.0,-0.0012470346497760038,0
14.100000000000065,2,18.39858942617447,0.8,9.064031366148456,1.3970960534036274,-2.2792173471800976,0.3442269923887147,0.22049156732151354,1.5972083244841957,1.9105781944056857,0.0,0.0,-1.0208932672559967,0
14.100000000000065,3,7.013802850205232,7.396680625207692,20.2701808598721,2.3915821051771626,2.3154386323623917,-1.8665469819902822,1.3912331655164556,1.414020993490156,-1.5215173049085493,0.0,0.0,0.769222999462223,0
14.100000000000065,4,15.858993168509516,19.99955754528651,10.000442458600478,-2.5815056334783946,0.1833244960765859,-0.1833244967634582,0.14890557535796708,-1.7646284495438564,1.7646284494725106,0.0,0.0,3.070697107134163,0
14.100000000000065,5,17.20166222908392,17.710603435108933,25.173825984300212,-0.7580290042079956,0.620357060814394,0.45020194728981205,-0.8738829245299922,0.43788275120828385,-2.300997029639363,0.0,0.0,2.4557434266201206,0
14.100000000000065,6,5.856581023936178,12.349869404413434,11.28105494868747,1.5023072573108003,-1.656691995688497,-1.7873762725956468,2.4856852393432938,-0.056056166115571474,0.26120221505817093,0.0,0.0,-0.83423071772323,0
14.100000000000065,7,24.53607611861223,27.805028387409944,27.80502677745251,1.940943124889818,1.5091978832571673,1.5091975872205876,-1.442044676924937,-1.4440407918902642,-1.4440406300064388,0.0,0.0,0.6609068672718676,0
14.100000000000065,8,21.943544298202784,13.875775741404047,15.967689868438468,-1.3580545034786118,-2.098264232367383,1.639554295917327,0.42254042471716186,1.888863253264662,-1.5822942836104403,0.0,0.0,-2.1452201079898545,0
14.150000000000066,0,3.8320728006513685,4.211537311531468,5.788045335752053,0.8826724548017636,0.7988438093022731,0.2695274807971958,1.3622982423228098,1.3814046110386684,1.5766625509490888,0.0,0.0,0.7355863931577709,0
14.150000000000066,1,20.795787254215465,5.674578831128022,23.814903454159534,0.5260283758149665,0.08272814703219804,2.3204470169578584,-1.623890375523527,1.669707508288226,-0.9083264198777786,0.0,0.0,0.15599165519798097,0
14.150000000000066,2,18.468710695518222,0.8,9.083632170592848,1.4077547203463998,-2.199366224193765,0.4398051853870373,0.21317333885544676,1.597022459726656,1.9115638599664522,0.0,0.0,-1.0014314196184357,0
14.150000000000066,3,7.135119386320838,7.514219086263115,20.174949217527004,2.461079339447079,2.386099809854538,-1.9427187118134637,1.3899446853983324,1.4132235498429246,-1.5234345964636269,0.0,0.0,0.769930703301118,0
14.150000000000066,4,15.73011858767708,20.006518623363633,9.993481380488925,-2.5734775998190447,0.09511862700834998,-0.09511862769863026,0.16056067318700024,-1.7641173813647184,1.7641173812965585,0.0,0.0,3.104648346070908,0
14.150000000000066,5,17.162673262075643,17.74216471228369,25.19345725856752,-0.8015296761231256,0.6420940261759297,0.3350490234024716,-0.8700134383026003,0.43473930723071424,-2.3030584777468084,0.0,0.0,2.4661900006682718,0
14.150000000000066,6,5.934802388983197,12.26697515426964,11.192024982048629,1.6265473445699863,-1.6590780100632763,-1.7738223929579493,2.4848017451837205,-0.047720287495586614,0.27107759275394894,0.0,0.0,-0.7952987451965,0
14.150000000000066,7,24.63131951312552,27.878683832993733,27.87868220843729,1.868792655641828,1.437019940094451,1.4370196521705008,-1.4430093849597994,-1.4435588632543248,-1.443558701001737,0.0,0.0,0.6555231855156087,0
14.150000000000066,8,21.876260879759638,13.773216615381491,16.04770789826455,-1.3332822342472999,-2.0041008085348704,1.5611668971260035,0.4954453846262375,1.8832684766502525,-1.5677479758264705,0.0,0.0,-2.1578362572367644,0
14.200000000000067,0,3.873081423391457,4.248354501996582,5.798396709791913,0.7576724548017636,0.6738438093022731,0.1445274807971958,-2.5,-2.5,-2.5,0.0,0.0,0.7269056246467417,0
14.200000000000067,1,20.820060016201104,5.680797555676856,23.92977944919127,0.44488210361067104,0.16602083492115083,2.2745927843115705,-1.6229254440859098,1.6658537577790558,-0.9170846529257539,0.0,0.0,0.35717357010647205,0
14.200000000000067,2,18.539355680154653,0.8,9.108012970411929,1.418044665110793,-2.119518729274375,0.5354268073762283,0.2057988952878649,1.5969498983877988,1.9124324397838197,0.0,0.0,-0.9811518412206246,0
14.200000000000067,3,7.259909140936193,7.635289588524318,20.07590654796071,2.5305108451670986,2.456720280593609,-2.0189880708381915,1.388630114400393,1.4124094147814277,-1.5253871804945576,0.0,0.0,0.7706033446471509,0
14.200000000000067,4,15.601660000351142,20.009070096269358,9.990929907548605,-2.5648658932184456,0.006940289220665266,-0.006940289914193834,0.17223413201198434,-1.7635667557536943,1.7635667556887284,0.0,0.0,3.138886752942001,0
14.200000000000067,5,17.12151410698307,17.774808902976773,25.207328321341436,-0.8448365275797882,0.6636736015473961,0.21979348755408917,-0.8661370291332515,0.4315915074293285,-2.3051107169676484,0.0,0.0,2.4757160223641455,0
14.200000000000067,6,6.019254756211696,12.187146253766477,11.106458862400732,1.7515473445699863,-1.5340780100632763,-1.6488223929579493,2.5,2.5,2.5,0.0,0.0,-0.7193064532372525,0
14.200000000000067,7,24.722954187512073,27.94873097982123,27.948729341071864,1.7965943198204624,1.3648659330055037,1.3648656532124843,-1.4439667164273136,-1.4430801417789463,-1.4430799791603306,0.0,0.0,0.6496778697481133,0
14.200000000000067,8,21.81029150806406,13.675358243141611,16.123823021638405,-1.305492633575705,-1.9102340810603706,1.483438037828177,0.5557920134318963,1.8773345494899951,-1.5545771859565274,0.0,0.0,-2.1703080523640645,0
14.250000000000068,0,3.9078400461315455,4.2789216924616955,5.802498083831773,0.6326724548017636,0.5488438093022731,0.019527480797195795,-2.5,-2.5,-2.5,0.0,0.0,0.7145668008490365,0
14.250000000000068,1,20.840276698699594,5.691176074631787,24.042351819762604,0.3637851963289132,0.24911992327610477,2.2283020385419294,-1.621938145635157,1.6619817670990789,-0.925814915392819,0.0,0.0,0.6004512772589425,0
14.250000000000068,2,18.610505868501853,0.8,9.137175784062737,1.4279628687771002,-2.0396688820458744,0.6310857386561605,0.1983640733261442,1.596996944570008,1.9131786255986443,0.0,0.0,-0.9600063164074724,0
14.250000000000068,3,7.388168790884363,7.75989007319292,19.973047919737283,2.5998751527596906,2.5272991061504557,-2.0953570580988363,1.3872861518518418,1.4115765111369312,-1.5273797452128914,0.0,0.0,0.7712439341479483,0
14.250000000000068,4,15.47364661800754,20.00721339054322,9.99278661323999,-2.5556694005255896,-0.08120851826614847,0.08120851756953167,0.18392985385711713,-1.7629761497362746,1.76297614967451,0.0,0.0,-3.1098275111096583,0
14.250000000000068,5,17.078194465874127,17.808528130306744,25.21543405231676,-0.8879491167778718,0.6850954916513514,0.1044357514588825,-0.8622517839616719,0.42843780207910664,-2.3071547219041335,0.0,0.0,2.484442760842942,0
14.250000000000068,6,6.1099571234401955,12.113567353263313,11.027142742752835,1.8765473445699863,-1.4090780100632763,-1.5238223929579493,2.5,2.5,2.5,0.0,0.0,-0.6440695708347941,0
14.250000000000068,7,24.810977757163318,28.01517102092472,28.015169368389426,1.7243484662293724,1.2927357111339195,1.292735439490003,-1.4449170718217974,-1.4426044374316866,-1.4426042744496248,0.0,0.0,0.6433059870431301,0
14.250000000000068,8,21.74577534989155,13.582185771865335,16.196066625586937,-1.2751536933247771,-1.8166647699906409,1.4063061201132208,0.6067788050185581,1.8713862213945953,-1.5426383542991242,0.0,0.0,-2.1828098518078285,0
14.300000000000068,0,3.936348668871634,4.303238882926809,5.800349457871633,0.5076724548017636,0.42384380930227306,-0.1054725192028042,-2.5,-2.5,-2.5,0.0,0.0,0.69564831483404,0
14.300000000000068,1,20.856439798241375,5.705704683560082,24.152598771070195,0.2827387853423824,0.33202443385569125,2.181576013761711,-1.620928219730616,1.6580902115917293,-0.9345204956043663,0.0,0.0,0.8653971970330141,0
14.300000000000068,2,18.6821425926333,0.8,9.17112231662214,1.4375060964808406,-1.9598103559872655,0.7267755637199624,0.19086455407480607,1.5971705211721794,1.9137965012760405,0.0,0.0,-0.9379440288407737,0
14.300000000000068,3,7.519894933970007,7.888018431061684,19.86636829355401,2.6691705706660867,2.597835208600137,-2.171827989232084,1.3859083581279232,1.4107220489936287,-1.5294186226649598,0.0,0.0,0.771855174508661,0
14.300000000000068,4,15.346107712750962,20.00095003327899,9.999049970469313,-2.545886809737554,-0.1693257723029993,0.1693257716034548,0.19565181576070653,-1.7623450807370165,1.7623450806784628,0.0,0.0,-3.07518091828646,0
14.300000000000068,5,17.032724065329052,17.84331450066913,25.217769350571455,-0.9308669050250491,0.7063593228440802,-0.01102382127104573,-0.8583557649435468,0.42527662385457554,-2.3091914545985643,0.0,0.0,2.4924713523528585,0
14.300000000000068,6,6.206909490668695,12.04623845276015,10.947826623104937,2.0015473445699863,-1.2840780100632763,-1.6488223929579493,2.5,2.5,-2.5,0.0,0.0,-0.570406821134379,0
14.300000000000068,7,24.895387854424353,28.078005142025177,28.078003476111867,1.652055424212147,1.2206291328844052,1.2206288694076424,-1.4458608403445066,-1.4421315649902837,-1.4421314016472118,0.0,0.0,0.6363299601792649,0
14.300000000000068,8,21.682830949309018,13.493684502561832,16.264467221779608,-1.2426223299765042,-1.7233860021494858,1.3297177275936063,0.650627266965459,1.8655753568231024,-1.5317678503922882,0.0,0.0,-2.195500952598938,0
14.350000000000069,0,3.958607291611722,4.3213060733919235,5.7919508319114925,0.3826724548017636,0.29884380930227306,-0.2304725192028042,-2.5,-2.5,-2.5,0.0,0.0,0.6630097814191424,0
14.350000000000069,1,20.86855186829787,5.724373627410121,24.260498565922727,0.2017440169174772,0.41473332014587816,2.134415780339548,-1.6198953684981037,1.6541777258037387,-0.9432046684432618,0.0,0.0,1.1180532216506431,0
14.350000000000069,2,18.754247017269332,0.8,9.209853944158914,1.446670888960329,-1.8799364443890199,0.8224895377509447,0.1832958495897664,1.5974782319649141,1.914279480619645,0.0,0.0,-0.9149116002939107,0
14.350000000000069,3,7.656478462503311,8.01478519149169,19.760901894092406,2.7941705706660867,2.472835208600137,-2.046827989232084,2.5,-2.5,2.5,0.0,0.0,0.7244645739091736,0
14.350000000000069,4,15.219072627358896,19.990281653408225,10.009718350305032,-2.535516605945097,-0.2574094225276303,0.2574094218253193,0.20740407584914133,-1.7616730044926205,1.76167300443729,0.0,0.0,-3.040417803871977,0
14.350000000000069,5,16.985112661322045,17.879160099791257,25.214329132174566,-0.973589255255227,0.727464642040895,-0.12658491460444482,-0.8544470046035586,0.4221063839362951,-2.311221866667982,0.0,0.0,2.4998867781337597,0
14.350000000000069,6,6.310111857897193,11.985159552256986,10.862260503457039,2.1265473445699863,-1.1590780100632763,-1.7738223929579493,2.5,2.5,-2.5,0.0,0.0,-0.49903611057559233,0
14.350000000000069,7,24.976182127634104,28.137234521989782,28.137232843107267,1.5797155041779283,1.1485460656998872,1.1485458104082138,-1.4467984006843766,-1.4416613436903603,-1.4416611799885697,0.0,0.0,0.6286563550302724,0
14.350000000000069,8,21.621560983796137,13.409840161290399,16.329050843616667,-1.2081762905386775,-1.6303876487078417,1.2536271458887018,0.688920788756533,1.8599670688328798,-1.5218116340980903,0.0,0.0,-2.2085358862807327,0
14.40000000000007,0,3.97461591543604,4.333123267905146,5.777302208702154,0.2576724981709516,0.17384397122662487,-0.3554724091707303,-2.4999991326162396,-2.4999967615129632,-2.499997799358522,0.0,0.0,0.5935231036567875,0
14.40000000000007,1,20.876615520073653,5.747173097044193,24.36602951656485,0.12080205411376845,0.4972454652170098,2.086822245345354,-1.6188392560741751,1.6502429014226325,-0.9518706998838775,0.0,0.0,1.3324709714001677,0
14.40000000000007,2,18.826800128327704,0.8,9.253371696342116,1.4554535533745017,-1.8000400228137832,0.9182205495771032,0.17565328828345397,1.5979284315047326,1.914620236523169,0.0,0.0,-0.8908531915138735,0
14.40000000000007,3,7.7993119892444565,8.135301953949094,19.661685489007876,2.919170498979725,2.3478352896960586,-1.921828214149057,2.4999985662727657,-2.499998378081569,2.4999955016605435,0.0,0.0,0.677346262048202,0
14.40000000000007,4,15.092570785536607,19.975209983140935,10.024790020537143,-2.524557066946442,-0.3454573881639687,0.34545738745905286,0.2191907799731021,-1.7609593127267678,1.7609593126746717,0.0,0.0,-3.0055984689439526,0
14.40000000000007,5,16.93537004418335,17.91605698872822,25.205108327817552,-1.0161154302925375,0.7484109154375813,-0.2422472596761548,-0.8505235007462078,0.41892546793372515,-2.313246901434199,0.0,0.0,2.506760943758197,0
14.40000000000007,6,6.419564225125693,11.930330651753824,10.77044438380914,2.2515473445699863,-1.0340780100632763,-1.8988223929579493,2.5,2.5,-2.5,0.0,0.0,-0.43053968149033783,0
14.40000000000007,7,25.0533582401908,28.192860333278666,28.19285864183664,1.5073289980899138,1.0764863858554379,1.0764861387666824,-1.4477301217602903,-1.4411935968889835,-1.4411934328306275,0.0,0.0,0.6201716455100419,0
14.40000000000007,8,21.56205568827773,13.330639006820487,16.38984140808763,-1.1720355301975824,-1.5376585300886094,1.1779954329498301,0.7228152068219024,1.8545823723846446,-1.512634258777433,0.0,0.0,-2.222073067303004,0
14.45000000000007,0,3.9843745403445876,4.338690466466477,5.756403588243618,0.1326724981709516,0.04884397122662487,-0.4804724091707303,-2.5,-2.5,-2.5,0.0,0.0,0.3527556313599899,0
14.45000000000007,1,20.880633423394453,5.774093225661309,24.469169976517566,0.039914078718172596,0.5795596794676244,2.038796152763244,-1.617759507911917,1.6462842850122918,-0.9605218516421987,0.0,0.0,1.5020352404954358,0
14.45000000000007,2,18.899782720995233,0.8,9.301676237096096,1.4638501533266919,-1.7201135076131249,1.013961080582116,0.1679319990438047,1.5985303040131682,1.9148106201002544,0.0,0.0,-0.8657106825191215,0
14.45000000000007,3,7.948395514193442,8.249568718433895,19.568719078300425,3.044170498979725,2.2228352896960586,-1.796828214149057,2.5,-2.5,2.5,0.0,0.0,0.630704357956492,0
14.45000000000007,4,14.966631702400495,19.955736859569534,10.044263144073238,-2.5130062584980366,-0.4334675546920982,0.4334675539847399,0.23101616896810614,-1.76020333056259,1.7602033305137408,0.0,0.0,-2.9707837819242067,0
14.45000000000007,5,16.883506043654872,17.953997199789587,25.190101880463665,-1.0584445908465452,0.769197527017045,-0.35801063447940396,-0.8465832110801528,0.41573223158927486,-2.3152674960649837,0.0,0.0,2.513155086013231,0
14.45000000000007,6,6.5352665923541915,11.881751751250661,10.672378264161242,2.3765473445699863,-0.9090780100632763,-2.0238223929579493,2.5,2.5,-2.5,0.0,0.0,-0.365347603658478,0
14.45000000000007,7,25.12691386964101,28.24488374238176,28.244882038790813,1.4348961799185003,1.0044499782683074,1.0044497394001972,-1.4486563634282723,-1.4407281517426096,-1.4407279873297036,0.0,0.0,0.6107365594346089,0
14.45000000000007,8,21.504395377729693,13.25606785522055,16.446861029838534,-1.1343768917239687,-1.4451875339088684,1.1027894370862024,0.753172769472275,1.8494199235948199,-1.5041199172725537,0.0,0.0,-2.236282958994829,0
14.500000000000071,0,3.9878831652531352,4.338007665027808,5.7292549677850815,0.007672498170951614,-0.07615602877337513,-0.6054724091707303,-2.5,-2.5,-2.5,0.0,0.0,-1.4703880375607155,0
14.500000000000071,1,20.880608307692935,5.805124085104108,24.56989833242328,-0.04091870677892841,0.6616746982443277,1.990338083465331,-1.61665570994202,1.6423003755340646,-0.9691613859582588,0.0,0.0,1.6325587972563622,0
14.500000000000071,2,18.973175387278957,0.8,9.354767843085426,1.471856498022223,-1.640148809986371,1.1097031589911321,0.16012689391062196,1.599293952535075,1.914841568180322,0.0,0.0,-0.8394239528943505,0
14.500000000000071,3,8.10372903914243,8.357585482918697,19.482002667592973,3.169170498979725,2.0978352896960586,-1.671828214149057,2.5,-2.5,2.5,0.0,0.0,0.5847307380324502,0
14.500000000000071,4,14.841284995208861,19.931864226442872,10.068135777164475,-2.500862029167288,-0.5214377703743482,0.5214377696647107,0.24288458661497733,-1.7594043136450022,1.7594043135994153,0.0,0.0,-2.936034456023686,0
14.500000000000071,5,16.829530534053163,17.99297273238572,25.169304743010013,-1.1005757932218132,0.7898237768282093,-0.4738748636665938,-0.8426240475053614,0.4125249962232849,-2.3172845837437968,0.0,0.0,2.519121671242943,0
14.500000000000071,6,6.657218959582691,11.839422850747498,10.568062144513345,2.5015473445699863,-0.7840780100632763,-2.1488223929579493,2.5,2.5,-2.5,0.0,0.0,-0.30373846498646806,0
14.500000000000071,7,25.196846706790488,28.293305910246556,28.293304194918157,1.3624173060606608,0.9324367363234066,0.9324365056935752,-1.4495774771567913,-1.4402648388980146,-1.4402646741324419,0.0,0.0,0.6001784248781556,0
14.500000000000071,8,21.44865234499462,13.186114062702075,16.500130288380383,-1.095344417678838,-1.3529641668301196,1.027980904587733,0.7806494809026138,1.844467341574979,-1.4961706499693839,0.0,0.0,-2.251356713988941,0
14.550000000000072,0,3.985141790161683,4.33107486358914,5.695856347326545,-0.11732750182904839,-0.20115602877337513,-0.7304724091707303,-2.5,-2.5,-2.5,0.0,0.0,-2.0988206450201616,0
14.550000000000072,1,20.87654296309451,5.840255682043372,24.668192995883384,-0.12169507715801232,0.7435891793262588,1.9414484549388327,-1.6155274075816783,1.6382896216386222,-0.9777925705299679,0.0,0.0,1.7330172267275596,0
14.550000000000072,2,19.046958502991483,0.8,9.412646379781545,1.4794681304787254,-1.5601372849906292,1.2054383088536718,0.15223264913004608,1.6002304999148365,1.9147029972507905,0.0,0.0,-0.8119312859777718,0
14.550000000000072,3,8.265312564091417,8.4593522474035,19.40153625688552,3.294170498979725,1.9728352896960586,-1.546828214149057,2.5,-2.5,2.5,0.0,0.0,0.5396005824587313,0
14.550000000000072,4,14.716560394360986,19.903594136117977,10.096405867453834,-2.4881220047476678,-0.6093658426213829,0.6093658419096298,0.25480048839240255,-1.7585614449406937,1.7585614448983837,0.0,0.0,-2.901410330808101,0
14.550000000000072,5,16.773453439554565,18.032975548781973,25.142711875956824,-1.1425079867220318,0.8102888790218798,-0.5898398184609749,-0.8386438700043701,0.40930204387341274,-2.319299095887622,0.0,0.0,2.524705905320948,0
14.550000000000072,6,6.78542132681119,11.803343950244335,10.457496024865447,2.6265473445699863,-0.6590780100632763,-2.2738223929579493,2.5,2.5,-2.5,0.0,0.0,-0.24585322285337716,0
14.550000000000072,7,25.26315445483518,28.338127992697483,28.338126266043986,1.2898926157270028,0.8604465617136607,0.8604463393396536,-1.4504938066731605,-1.4398034921949185,-1.4398033270784314,0.0,0.0,0.5882806527227037,0
14.550000000000072,8,21.39489231588198,13.120765488336385,16.549668453894935,-1.0550567468267518,-1.2609788077974893,0.9535457159942184,0.8057534170417249,1.8397071806526035,-1.4887037718702913,0.0,0.0,-2.267516232022019,0
14.600000000000072,0,3.9761504168723425,4.317892062281578,5.65620772768079,-0.24232742974456845,-0.3261560235291057,-0.8554723766594927,-2.4999985583104007,-2.499999895114612,-2.4999993497752477,0.0,0.0,-2.2097895300963755,0
14.600000000000072,1,20.86844024160588,5.879477954033074,24.764032395275798,-0.20241378238713859,0.825301700261817,1.8921275207578037,-1.614374104582525,1.6342504187111637,-0.9864186836205799,0.0,0.0,1.8113091905221292,0
14.600000000000072,2,19.121112214120895,0.8,9.475311274826169,1.4866803146977852,-1.4800696748207667,1.3011574929312497,0.14424368438119445,1.6013522033972527,1.914383681551559,0.0,0.0,-0.7831699240919289,0
14.600000000000072,3,8.433146089040404,8.554869011888302,19.327319846178067,3.419170498979725,1.8478352896960586,-1.421828214149057,2.5,-2.5,2.5,0.0,0.0,0.4954690614464327,0
14.600000000000072,4,14.59248775468752,19.870928751697935,10.129071251838239,-2.4747835821909527,-0.6972495341802877,0.6972495334665838,0.26676845113430475,-1.7576738311780944,1.7576738311390783,0.0,0.0,-2.866969678702283,0
14.600000000000072,5,16.715284739618376,18.07399756974816,25.110318245078233,-1.1842400107254831,0.8305919596255832,-0.7059054166827343,-0.8346404800690271,0.40606161207406755,-2.3213119644351883,0.0,0.0,2.5299469442743083,0
14.600000000000072,6,6.919873694039689,11.773515049741171,10.340679905217549,2.7515473445699863,-0.5340780100632763,-2.3988223929579493,2.5,2.5,-2.5,0.0,0.0,-0.19171703522264683,0
14.600000000000072,7,25.3258348285108,28.379351140847692,28.379349403282326,1.21732233129781,0.7884793642947088,0.7884791501939905,-1.4514056885838535,-1.4393439483790402,-1.4393437829132631,0.0,0.0,0.5747680439564391,0
14.600000000000072,8,21.343175584216258,13.060010448052433,16.59549367805069,-1.013612519802073,-1.1692228035606291,0.8794632502360364,0.8288845404935784,1.8351200847372005,-1.481649315163639,0.0,0.0,-2.2850267391667396,0
14.650000000000073,0,3.9609090453851143,4.298459261105123,5.610309108847815,-0.36732742974456845,-0.4511560235291057,-0.9804723766594927,-2.5,-2.5,-2.5,0.0,0.0,-2.254130958818104,0
14.650000000000073,1,20.85630305840939,5.922780765428227,24.85739496753948,-0.2830735454725015,0.9068107555442957,1.842375369789519,-1.6131952617072591,1.6301811056495716,-0.9950430193656901,0.0,0.0,1.8733749312954908,0
14.650000000000073,2,19.195616422530705,0.8,9.542761488363443,1.4934880216946675,-1.399936045571705,1.3968510485597168,0.13615413993764947,1.6026725849812369,1.9138711125693388,0.0,0.0,-0.7530768047953569,0
14.650000000000073,3,8.607229613989391,8.644135776373105,19.259353435470615,3.544170498979725,1.7228352896960586,-1.296828214149057,2.5,-2.5,2.5,0.0,0.0,0.4524690996260803,0
14.650000000000073,4,14.469097067057636,19.833870349365316,10.166129654135126,-2.4608439230044277,-0.7850865591244339,0.7850865584089449,0.278793183730499,-1.7567404988829245,1.756740498847222,0.0,0.0,-2.8327685559052393,0
14.650000000000073,5,16.655034474565124,18.1160306700897,25.072118819088807,-1.2257705914045656,0.85073205403617,-0.8220716228943123,-0.8306116135816477,0.4028018882117357,-2.323324124231561,0.0,0.0,2.5348788721613653,0
14.650000000000073,6,7.060576061268188,11.749936149238009,10.21761378556965,2.8765473445699863,-0.40907801006327627,-2.5238223929579493,2.5,2.5,-2.5,0.0,0.0,-0.14126423252038373,0
14.650000000000073,7,25.384885553259476,28.416976501503896,28.416974753440762,1.14470665864924,0.7165350619534886,0.7165348561434487,-1.452313452971401,-1.4388860468244027,-1.4388858810108358,0.0,0.0,0.5592858911216563,0
14.650000000000073,8,21.293557911294172,13.003837665908753,16.637623155860105,-0.9710943970813715,-1.0776884821865602,0.8057158621406196,0.8503624544140288,1.8306864274813794,-1.474947761908337,0.0,0.0,-2.3042133545736196,0
14.700000000000074,0,3.939417673897886,4.272776459928668,5.558160490014841,-0.49232742974456845,-0.5761560235291057,-1.1054723766594927,-2.5,-2.5,-2.5,0.0,0.0,-2.2778991928419057,0
14.700000000000074,1,20.840134393266737,5.970153903157132,24.94825914991232,-0.36367306023364254,0.9881147536118791,1.792191925124022,-1.6119902952228202,1.6260799613516674,-1.0036688933099434,0.0,0.0,1.923457673054606,0
14.700000000000074,2,19.270450770929802,0.8,9.614995479962198,1.4998859142691405,-1.3197257165696437,1.4925086153905043,0.12795785148945885,1.6042065800412257,1.9131513366157513,0.0,0.0,-0.721589510012381,0
14.700000000000074,3,8.787563138938378,8.727152540857906,19.197637024763164,3.669170498979725,1.5978352896960586,-1.171828214149057,2.5,-2.5,2.5,0.0,0.0,0.41071025465490524,0
14.700000000000074,4,14.346418470331216,19.792421320921648,10.207578682542978,-2.4462999460523442,-0.8728745786222601,0.8728745779051527,0.2908795390416722,-1.7557603899565246,1.7557603899241538,0.0,0.0,-2.7988602148383155,0
14.700000000000074,5,16.59271275132858,18.159066674045732,25.028108567299668,-1.2670983380572587,0.8707081042051532,-0.938338448671303,-0.8265549330538603,0.39952100337966334,-2.3253365155398122,0.0,0.0,2.539531496501301,0
14.700000000000074,6,7.207528428496687,11.732607248734846,10.088297665921752,3.0015473445699863,-0.28407801006327627,-2.6488223929579493,2.5,2.5,-2.5,0.0,0.0,-0.09436277410181437,0
14.700000000000074,7,25.440304364411976,28.45100521756499,28.451003459419056,1.0720457874507194,0.6446135804903015,0.6446133829882607,-1.4532174239704139,-1.438429629263741,-1.4384294631037604,0.0,0.0,0.5413696609242342,0
14.700000000000074,8,21.24609124909526,12.952236225708416,16.676073263806128,-0.9275720908750592,-0.9863691258269222,0.732288455700344,0.8704461241262447,1.8263871271927608,-1.4685481288055127,0.0,0.0,-2.3254837512841506,0
14.750000000000075,0,3.911676302410658,4.240843658752213,5.4997618711818665,-0.6173274297445684,-0.7011560235291057,-1.2304723766594927,-2.5,-2.5,-2.5,0.0,0.0,-2.2927003965566035,0
14.750000000000075,1,20.81993729203606,6.02158707233883,25.03660337160826,-0.44421098899343703,1.0692120136560619,1.7415769427135888,-1.6107585751958893,1.6219452008836577,-1.0122996482086621,0.0,0.0,1.964555782367961,0
14.750000000000075,2,19.345594627046143,0.8,9.69201117168982,1.5058683303845148,-1.2394271812097215,1.5881190537143288,0.11964832230748555,1.6059707071984433,1.912208766476489,0.0,0.0,-0.6886474601109587,0
14.750000000000075,3,8.974146663887364,8.803919305342708,19.14217061405571,3.794170498979725,1.4728352896960586,-1.046828214149057,2.5,-2.5,2.5,0.0,0.0,0.3702786264659752,0
14.750000000000075,4,14.224482263687651,19.74658417654462,10.253415826884117,-2.4311483196902794,-0.9606111964589393,0.960611195740381,0.3030325272412936,-1.7547323567335829,1.7547323567045665,0.0,0.0,-2.7652945920919314,0
14.750000000000075,5,16.528329749401834,18.203097350538037,24.97828245725771,-1.3082217390125839,0.8905189554871344,-1.054705953007139,-0.8224680191065035,0.39621702563962413,-2.327350086716718,0.0,0.0,2.543930999577606,0
14.750000000000075,6,7.360730795725186,11.721528348231683,9.952731546273855,3.1265473445699863,-0.15907801006327627,-2.7738223929579493,2.5,2.5,-2.5,0.0,0.0,-0.050835933139749226,0
14.750000000000075,7,25.492089006384102,28.4814384284151,28.481436660602192,0.9993398914344612,0.5727148535140061,0.5727146643372223,-1.4541179203251644,-1.437974539525908,-1.4379743730207681,0.0,0.0,0.5204000560404863,0
14.750000000000075,8,21.20082432972958,12.905195524427738,16.71085967861079,-0.8831046837521559,-0.8952589254002556,0.6591681364861978,0.8893481424580651,1.8222040085333289,-1.4624063842829242,0.0,0.0,-2.349360087853451,0
14.800000000000075,0,3.8776849309234294,4.202660857575758,5.435113252348892,-0.7423274297445684,-0.8261560235291057,-1.3554723766594927,-2.5,-2.5,-2.5,0.0,0.0,-2.3027996563956363,0
14.800000000000075,1,20.79571486830692,6.077069891735755,25.122406045418767,-0.52468596017214,1.150100762220915,1.6905300097068063,-1.6094994235740587,1.6177749712970593,-1.020938660135648,0.0,0.0,1.9988013893921828,0
14.800000000000075,2,19.421027066930844,0.8,9.773805906828354,1.5114292650035084,-1.1590280180601762,1.6836703518269973,0.11121869237987,1.6079832629909085,1.9110259622533712,0.0,0.0,-0.654193382593361,0
14.800000000000075,3,9.166980188836352,8.87443606982751,19.09295420334826,3.919170498979725,1.3478352896960586,-0.921828214149057,2.5,-2.5,2.5,0.0,0.0,0.3312376470958999,0
14.800000000000075,4,14.103318919366702,19.696361547776117,10.303638455616657,-2.415385453147745,-1.048293954281065,1.0482939535612246,0.3152573308506882,-1.7536551564425131,1.753655156416872,0.0,0.0,-2.7321178821257823,0
14.800000000000075,5,16.461895726999895,18.248114408253116,24.92263545236098,-1.3491391570650075,0.9101633531160513,-1.1711742428620184,-0.8183483610484715,0.39288795257833864,-2.329365797097588,0.0,0.0,2.5481004750587477,0
14.800000000000075,6,7.5201831629536855,11.71669944772852,9.810915426625957,3.2515473445699863,-0.034078010063276265,-2.8988223929579493,2.5,2.5,-2.5,0.0,0.0,-0.010480167994649523,0
14.800000000000075,7,25.54023723188591,28.5082772703117,28.50827549324852,0.9265891286379067,0.5008388223500466,0.500838641515721,-1.4550152559310905,-1.4375206232791904,-1.437520456430026,0.0,0.0,0.49553483068368204,0
14.800000000000075,8,21.157803152067444,12.862705228051858,16.741997480245683,-0.8377424227333952,-0.8043529296349142,0.5863439289094754,0.907245220375214,1.818119915306828,-1.4564841515344484,0.0,0.0,-2.3765251564741874,0
14.850000000000076,0,3.8374435594362013,4.158228056399302,5.3642146335159175,-0.8673274297445684,-0.9511560235291057,-1.4804723766594927,-2.4999999999999996,-2.5,-2.5,0.0,0.0,-2.310129022990562,0
14.850000000000076,1,20.767470305158273,6.136591889030621,25.205645559222923,-0.6050965657737946,1.2307791295736998,1.6390505424595216,-1.6082121120330912,1.6135673470556966,-1.029589344945695,0.0,0.0,2.0277311852607536,0
14.850000000000076,2,19.496726857311128,0.8,9.860376403639005,1.5165623502079224,-1.0785147907811017,1.7791495205989987,0.10266170408828115,1.6102645455814912,1.909583375440026,0.0,0.0,-0.6181750788645121,0
14.850000000000076,3,9.366063713785339,8.938702834312313,19.049987792640806,4.0441704989797245,1.2228352896960586,-0.796828214149057,2.5,-2.4999999999999996,2.5,0.0,0.0,0.2936295623548583,0
14.850000000000076,4,13.982959095861569,19.641756190755846,10.358243812600909,-2.3990074870575793,-1.13592032652979,1.1359203258088375,0.3275593218033216,-1.752527444974501,1.7525274449522599,0.0,0.0,-2.699372202994986,0
14.850000000000076,5,16.39342102746367,18.294109490537696,24.861162509442696,-1.3898488243839788,0.9296399382670509,-1.2877434738693239,-0.8141933463794272,0.3895317030199918,-2.331384620146109,0.0,0.0,2.552060372737678,0
14.850000000000076,6,7.685885520373485,11.71812052651638,9.662849317799326,3.3765469522220077,0.0909211615776844,-3.0238219601072505,2.499992153040432,2.499983432819213,-2.4999913429860205,0.0,0.0,0.026920755866711055,0
14.850000000000076,7,25.58474680114235,28.531522876769483,28.53152109087357,0.8537936416197818,0.4289854359610729,0.4289852634863558,-1.4559097403624977,-1.4370677277794743,-1.4370675605873036,0.0,0.0,0.4656027144565779,0
14.850000000000076,8,21.117071388458623,12.82475522992986,16.769501242132268,-0.7915281216193476,-0.7136469952449932,0.5138065465539514,0.9242860222809517,1.8141186877984201,-1.45074764711048,0.0,0.0,-2.407890624606533,0
14.900000000000077,0,3.790952187948973,4.107545255222847,5.287066014682943,-0.9923274297445684,-1.0761560235291057,-1.6054723766594927,-2.5,-2.5,-2.5,0.0,0.0,-2.315690059120524,0
14.900000000000077,1,20.735206857045124,6.20014249591559,25.28630026738946,-0.6854413587521582,1.3112451458250733,1.5871377842020604,-1.606895859567272,1.6093203250274684,-1.0382551651492238,0.0,0.0,2.0524706418637972,0
14.900000000000077,2,19.57267243690142,0.8,9.951718703480097,1.5212608334037931,-0.9978729351516978,1.8745424730446827,0.09396966391741639,1.612837112588076,1.9078590489136784,0.0,0.0,-0.5805475011982036,0
14.900000000000077,3,9.571397238734326,8.996719598797116,19.013271381933354,4.1691704989797245,1.0978352896960586,-0.671828214149057,2.5,-2.5,2.5,0.0,0.0,0.2574774042772542,0
14.900000000000077,4,13.863433651609897,19.582770989717048,10.417229013603633,-2.3820102830092695,-1.223487715022039,1.2234877143001457,0.33994408096619566,-1.7513477698449775,1.7513477698261624,0.0,0.0,-2.6670953564005764,0
14.900000000000077,5,16.322916085933223,18.341074170085705,24.793858576315557,-1.4303488368338924,0.9489472436531602,-1.4044138512162938,-0.8100002489982698,0.386146107722184,-2.3334075469394002,0.0,0.0,2.555828869181575,0
14.900000000000077,6,7.857837864619469,11.725791577795912,9.508533223513567,3.5015468176173905,0.21592088960359213,-3.148821811323104,2.499997307907657,2.4999945605181546,-2.4999970243170764,0.0,0.0,0.06158644841184634,0
14.900000000000077,7,25.625615481124107,28.55117637894051,28.55117458463028,0.7809535576503456,0.35715465087996273,0.3571544867819595,-1.456801679388723,-1.4366157016222039,-1.4366155340879263,0.0,0.0,0.42893403936564145,0
14.900000000000077,8,21.078670728758798,12.791335611502552,16.793385110948652,-0.7444982663735812,-0.6231377418473323,0.44154820610137624,0.9405971049153273,1.8101850679532192,-1.4451668090515037,0.0,0.0,-2.444700112991509,0
14.950000000000077,0,3.738210816461745,4.050612454046393,5.203667395849969,-1.1173274297445683,-1.2011560235291057,-1.7304723766594927,-2.5,-2.5,-2.5,0.0,0.0,-2.320053584164544,0
14.950000000000077,1,20.698927851820272,6.267711042980578,25.36434848205298,-0.765718850241942,1.3914967367744357,1.534790802338691,-1.6055498297956758,1.6050318189872457,-1.0469396372673883,0.0,0.0,2.0738578075117893,0
14.950000000000077,2,19.648841896571113,0.8,10.047828112462092,1.525517553383896,-0.9170866311937826,1.9698338862351183,0.0851343996020586,1.615726079158305,1.9058282638087118,0.0,0.0,-0.5412751341463811,0
14.950000000000077,3,9.778591180677545,9.053607641500713,18.9776351416255,4.118587178749039,1.1776864184479163,-0.7536213981651729,-1.0116664046137018,1.597022575037156,-1.6358636803223172,0.0,0.0,0.2785122762513692,0
14.950000000000077,4,13.747458137459434,19.524721603965947,10.481528399318641,-2.2570102830092695,-1.098487715022039,1.3484877143001457,2.5,2.5,2.5,0.0,0.0,-2.6886412539190436,0
14.950000000000077,5,16.250391436321724,18.38899994339191,24.720718589267147,-1.470637147626011,0.9680836885950374,-1.5211856307201796,-0.8057662158423734,0.38272889883754324,-2.335435590077719,0.0,0.0,2.559422178273369,0
14.950000000000077,6,8.03604020550034,11.733462622276091,9.354217132947412,3.6265468176173905,0.09092088960359213,-3.023821811323104,2.5,-2.5,2.5,0.0,0.0,0.025065675937160758,0
14.950000000000077,7,25.662841044787275,28.56723890599139,28.567237103686104,0.7080689888762965,0.2853464311551094,0.2853462754508861,-1.4576913754809802,-1.436164394497067,-1.4361642266214685,0.0,0.0,0.3830833795797044,0
14.950000000000077,8,21.04264117479435,12.76243660511954,16.813662878034474,-0.6966838922043463,-0.5328225134731464,0.3695624773315496,0.956287483384697,1.8063045674837195,-1.4397145753965321,0.0,0.0,-2.4886878385873543,0
15.000000000000078,0,3.6792194449745166,3.9874296528699373,5.1140187770169945,-1.2423274297445683,-1.3261560235291057,-1.8554723766594927,-2.5,-2.5,-2.5,0.0,0.0,-2.32356868216137,0
15.000000000000078,1,20.658636692898234,6.339286754386259,25.439768464245226,-0.8459275066395495,1.4715317194527873,1.4820084853512139,-1.6041731279521518,1.6006996535670286,-1.0556463397495413,0.0,0.0,2.092526807697512,0
15.000000000000078,2,19.725212958255316,0.8,10.148699135676415,1.5293249139843323,-0.8361386580090766,2.065007042337805,0.07614721200872665,1.6189594636941198,1.9034631220537332,0.0,0.0,-0.5003346490611529,0
15.000000000000078,3,9.983243925661718,9.114483810056676,18.937912399652742,4.06752262061793,1.2573603237905842,-0.8352882807450912,-1.021291162622188,1.5934781068533561,-1.6333376515983657,0.0,0.0,0.29980435885085477,0
15.000000000000078,4,13.63773262330897,19.472922218214844,10.55207778503365,-2.1320102830092695,-0.9734877150220389,1.4734877143001457,2.5,2.5,2.5,0.0,0.0,-2.7132591517006164,0
15.000000000000078,5,16.175857718625913,18.43787822494399,24.641737470495972,-1.5107115602063428,0.9870475734881832,-1.6380591201268917,-0.8014882516066371,0.37927769786291576,-2.3374697881342428,0.0,0.0,2.5628548127075823,0
15.000000000000078,6,8.22049254638121,11.73488366675627,9.206151042381258,3.7515468176173905,-0.034079110396407875,-2.898821811323104,2.5,-2.5,2.5,0.0,0.0,-0.009083765898249458,0
15.000000000000078,7,25.696421270320702,28.579711585477966,28.57970977559774,0.6351400324606906,0.21356074830789257,0.2135606010144817,-1.4585791283121197,-1.4357136569443365,-1.4357134887280878,0.0,0.0,0.32436605695601306,0
15.000000000000078,8,21.00902129542344,12.73804855859327,16.83034804405013,-0.6481112826320988,-0.4426993475776253,0.29784416329454505,0.9714521914449498,1.802463317910421,-1.4343662807400912,0.0,0.0,-2.542326042269488,0
15.050000000000079,0,3.613978073487288,3.9179968516934824,5.01812015818402,-1.3673274297445683,-1.4511560235291057,-1.9804723766594927,-2.5,-2.5,-2.5,0.0,0.0,-2.326460809061893,0
15.050000000000079,1,20.614336861569356,6.414858742305869,25.512538414860845,-0.9260657465155807,1.5513477973316305,1.4287895392736174,-1.602764797520624,1.5963215575768654,-1.0643789215519273,0.0,0.0,2.108964781700602,0
15.050000000000079,2,19.80176295248068,0.8,10.2543254028565,1.5326748550302973,-0.7550102284978822,2.1600436448656506,0.06699882091929973,1.6225685902238869,1.9007320505569136,0.0,0.0,-0.4577177665603522,0
15.050000000000079,3,10.185331335209167,9.179339170590872,18.89410953414591,4.015973761279981,1.336854097577259,-0.9168263395281488,-1.0309771867589712,1.5898754757334972,-1.6307611756611524,0.0,0.0,0.32134625413017176,0
15.050000000000079,4,13.534257109158508,19.427372832463742,10.628877170748657,-2.0070102830092695,-0.8484877150220389,1.5984877143001457,2.5,2.5,2.5,0.0,0.0,-2.741619124138584,0
15.050000000000079,5,16.099325686614236,18.487700341120547,24.556910125476133,-1.5505697202607684,1.005837073574002,-1.7550346806666934,-0.7971632010885122,0.37579000171637955,-2.339511210796033,0.0,0.0,2.5661398052505078,0
15.050000000000079,6,8.41119488726208,11.730054711236448,9.064334951815104,3.8765468176173905,-0.15907911039640787,-2.773821811323104,2.5,-2.5,2.5,0.0,0.0,-0.0410132813520952,0
15.050000000000079,7,25.726353940399672,28.58859554371822,28.588593726684017,0.562166770698112,0.14179758130230458,0.14179744243671086,-1.4594652352515705,-1.4352633401117596,-1.435263171555417,0.0,0.0,0.24708015711312661,0
15.050000000000079,8,20.977848450163826,12.718161901104676,16.84345387828427,-0.5988025277525661,-0.3527669519661896,0.22638920607100183,0.9861750975906527,1.7986479122287138,-1.429099144470864,0.0,0.0,-2.6092110610424744,0
15.10000000000008,0,3.5473526831090503,3.847196785711392,4.921005721575097,-1.2976881853849602,-1.3808466157545323,-1.904105087697454,1.392784887192164,1.4061881554914692,1.5273457792407754,0.0,0.0,-2.3251582207241372,0
15.10000000000008,1,20.56603191947299,6.494416001118206,25.582636465435154,-1.006131937339065,1.6309425551618428,1.3751324836987233,-1.601323816469686,1.5918951566042443,-1.0731411114978813,0.0,0.0,2.1235512509175076,0
15.10000000000008,2,19.878468794361854,0.8,10.364699584111554,1.5355588202166457,-0.6736808005774909,2.254923605336478,0.05767930372696795,1.626588558407827,1.8975992094165508,0.0,0.0,-0.41343422023815335,0
15.10000000000008,3,10.38482911762285,9.248164642693588,18.84623305043801,3.9639375352673496,1.4161647865314173,-0.9982330087879773,-1.040724520252628,1.5862137790831665,-1.628133385196568,0.0,0.0,0.34312972123807944,0
15.10000000000008,4,13.437031595008046,19.388073446712642,10.711926556463665,-1.8820102830092695,-0.7234877150220389,1.7234877143001457,2.5,2.5,2.5,0.0,0.0,-2.7745865733491106,0
15.10000000000008,5,16.020806215940492,18.538457523757337,24.466231440236676,-1.59020910668897,1.0244502318975115,-1.8721127289115274,-0.7927877285640328,0.3722631664701891,-2.3415609648966798,0.0,0.0,2.5692888968248995,0
15.10000000000008,6,8.601897228142949,11.718975755716627,8.922518861248948,3.7515468176173905,-0.2840791103964079,-2.898821811323104,-2.5,-2.5,-2.5,0.0,0.0,-0.07557895836431473,0
15.10000000000008,7,25.752636841444758,28.593891906163947,28.593890082397582,0.48914927110522366,0.070056916526762,0.07005678610596787,-1.4603499918577674,-1.4348132955108515,-1.4348131266148598,0.0,0.0,0.1422545555000436,0
15.10000000000008,8,20.94915898773398,12.702767110059382,16.852993473801348,-0.5487759694411632,-0.2630246898456139,0.1551946146121158,1.0005311662280585,1.794845242411514,-1.42389182917772,0.0,0.0,-2.6946471368944436,0
15.15000000000008,0,3.484208448044995,3.779911682157633,4.82771085227805,-1.2280812171772562,-1.310557526395819,-1.8276896841844548,1.3921393641540813,1.405781787174269,1.5283080702599823,0.0,0.0,-2.323717514103071,0
15.15000000000008,1,20.51372551123975,6.577947401332273,25.65004066870938,-1.0861243919906098,1.7103134534008348,1.321035647270369,-1.5998490930308973,1.5874179647798412,-1.0819367285670833,0.0,0.0,2.1365857519554776,0
15.15000000000008,2,19.955306957905016,0.8,10.479813294105682,1.5379677215098477,-0.5921278608445982,2.3496247944287108,0.04817802586404247,1.6310587946578532,1.8940237818446513,0.0,0.0,-0.36751466801930915,0
15.15000000000008,3,10.58171282775753,9.320950997095785,18.794289583286186,3.9114108701198362,1.4952893895564652,-1.0795056772848932,-1.0505333029502661,1.5824920605009554,-1.6254533699383211,0.0,0.0,0.3651456717331213,0
15.15000000000008,4,13.346056080857583,19.35502406096154,10.801225942178673,-1.7570102830092695,-0.5984877150220389,1.8484877143001457,2.5,2.5,2.5,0.0,0.0,-2.8132909124938634,0
15.15000000000008,5,15.94031031273929,18.590140903337353,24.369696278539084,-1.6296270213591322,1.0428849513030867,-1.9892937389920584,-0.788358293403242,0.36869438811150534,-2.3436202016106216,0.0,0.0,2.5723126971115233,0
15.15000000000008,6,8.786349569023818,11.701646800196807,8.774452770682792,3.6265468176173905,-0.4090791103964079,-3.023821811323104,-2.5,-2.5,-2.5,0.0,0.0,-0.11232646360704154,0
15.15000000000008,7,25.775267762884557,28.595601797771824,28.59559996769596,0.4160875864866998,-0.0016612522118077816,-0.0016613741708364077,-1.4612336923704772,-1.4343633747713957,-1.4343632055360855,0.0,0.0,-0.003992532915634239,0
15.15000000000008,8,20.922988424640824,12.691854678484152,16.85897979946759,-0.49804655428514033,-0.17347257316360754,0.08425841203754751,1.0145883031204586,1.791042333640127,-1.418724051491366,0.0,0.0,-2.8064278156675586,0
15.200000000000081,0,3.42454375977687,3.7161405282831868,4.738237947060292,-1.158506313547743,-1.2402886285820214,-1.7512265245258452,1.3914980725902635,1.405377956275951,1.5292631931721927,0.0,0.0,-2.322114607231517,0
15.200000000000081,1,20.457421367314026,6.66544168322178,25.714728988956278,-1.1660413650382675,1.7894578221794462,1.2664971626055457,-1.598339460953151,1.5828873755722253,-1.090769693296465,0.0,0.0,2.148307527894296,0
15.200000000000081,2,20.032253448432442,0.8,10.599656982723802,1.53989189958729,-0.5103266757944085,2.444122750296078,0.03848356154884147,1.6360237010037952,1.8899591173473462,0.0,0.0,-0.32001334989099167,0
15.200000000000081,3,10.77595786653686,9.397688853203077,18.73828589920743,3.8583906810533923,1.5742248547351831,-1.1606416858654116,-1.0604037813288754,1.5787093035743613,-1.622720171610366,0.0,0.0,0.3873841714679496,0
15.200000000000081,4,13.26133056670712,19.32822467521044,10.896775327893682,-1.6320102830092695,-0.4734877150220389,1.9734877143001457,2.5,2.5,2.5,0.0,0.0,-2.859219518933733,0
15.200000000000081,5,15.857849122770265,18.642741501751857,24.26729947893301,-1.6688205774018907,1.0611389852771638,-2.1065782452509687,-0.7838711208551709,0.36508067948154194,-2.3456901251782067,0.0,0.0,2.575220822284659,0
15.200000000000081,6,8.964551909904687,11.678067844676987,8.620136680116637,3.5015468176173905,-0.5340791103964079,-3.148821811323104,-2.5,-2.5,-2.5,0.0,0.0,-0.1513600516983173,0
15.200000000000081,7,25.794244496421136,28.593726343374495,28.593724507412645,0.3429817549764228,-0.07335692368145108,-0.07335703716175918,-1.4621166302055397,-1.433913429392866,-1.4339132598184554,0.0,0.0,-0.2107053593210779,0
15.200000000000081,8,20.899371608038116,12.685415082543534,16.86142574978139,-0.4466261098231729,-0.0841112644611761,0.013579600514415077,1.0284088892393481,1.7872261740486286,-1.4135762304626487,0.0,0.0,-2.955446971745723,0
15.250000000000082,0,3.36835702003706,3.655882317479266,4.652589385279761,-1.088963276044646,-1.1700398035748054,-1.6747159466954014,1.3908607500619385,1.4049765001443182,1.5302115566088776,0.0,0.0,-2.3203194871796597,0
15.250000000000082,1,20.397123306969426,6.756887450145054,25.7766792920359,-1.2458810487457719,1.8683728547515308,1.211514960579504,-1.5967936741500888,1.5783006514416917,-1.0996440405208365,0.0,0.0,2.1589097676844076,0
15.250000000000082,2,20.109283772915752,0.8,10.72421980985309,1.5413210797450645,-0.4282500046773395,2.5383903348753867,0.028583603155490946,1.6415334223413802,1.8853516915861734,0.0,0.0,-0.27101024948838165,0
15.250000000000082,3,10.967539480187336,9.478368676469946,18.67822889894211,3.8048738649655873,1.6529680759396022,-1.2416383247473801,-1.0703363217561,1.5748644240883782,-1.6199327776393693,0.0,0.0,0.40983444952910053,0
15.250000000000082,4,13.182855052556656,19.307675289459336,10.99857471360869,-1.5070102830092695,-0.3484877150220389,2.0984877143001457,2.5,2.5,2.5,0.0,0.0,-2.9143426921228524,0
15.250000000000082,5,15.773433941192005,18.696250224568498,24.159035851665866,-1.7077866857284782,1.0792099273884173,-2.223966845434685,-0.7793221665317505,0.36141884222507004,-2.3477720036743235,0.0,0.0,2.578022013649244,0
15.250000000000082,6,9.136504250785556,11.648238889157165,8.45957058955048,3.3765468176173905,-0.6590791103964079,-3.273821811323104,-2.5,-2.5,-2.5,0.0,0.0,-0.19276943107924494,0
15.250000000000082,7,25.809564835296886,28.58826666805231,28.588264826628837,0.26983180005368734,-0.14503008920602123,-0.14503019419065907,-1.4629990984547092,-1.4334633104914025,-1.4334631405779978,0.0,0.0,-0.4931827083376072,0
15.250000000000082,8,20.878342866400047,12.683438748742104,16.860344193356372,-0.3945235556996607,0.005057912403949594,-0.05684185751509763,1.0420510824702442,1.7833835373025138,-1.408429160590254,0.0,0.0,3.128773050674672,0
15.300000000000082,0,3.315646640160666,3.5991360488755526,4.570767529892408,-1.0194519190111115,-1.0998109405737333,-1.5981582687987126,1.3902271406706896,1.4045772600214421,1.5311535579337745,0.0,0.0,-2.318294264230249,0
15.300000000000082,1,20.332835241531342,6.852273161522808,25.8358693351477,-1.3256415687776586,1.9470556003585933,1.1560867638924628,-1.5952104006377332,1.5736549121412486,-1.1085639337408209,0.0,0.0,2.1685500482698945,0
15.300000000000082,2,20.18637290797446,0.8,10.85348950139125,1.5422443226032958,-0.3458677667864904,2.6323973266511067,0.018464857164625727,1.647644757816982,1.8801398355143983,0.0,0.0,-0.2206124915530897,0
15.300000000000082,3,11.156432759150544,9.562980775592086,18.6141256200632,3.75085729356275,1.73151588894597,-1.3224928304090862,-1.0803314280567449,1.5709562601273588,-1.6170901132341196,0.0,0.0,0.43248491464724304,0
15.300000000000082,4,13.110629538406194,19.293375903708235,11.106624099323698,-1.3820102830092695,-0.2234877150220389,2.2234877143001457,2.5,2.5,2.5,0.0,0.0,-2.9812685238494336,0
15.300000000000082,5,15.687076223064917,18.75065785272806,24.04490017541595,-1.74652203935507,1.0970951989941327,-2.341460204561968,-0.7747070725318351,0.35770543211430816,-2.3498671825456583,0.0,0.0,2.5807242402739243,0
15.300000000000082,6,9.302206591666424,11.612159933637344,8.292754498984324,3.2515468176173905,-0.7840791103964079,-3.398821811323104,-2.5,-2.5,-2.5,0.0,0.0,-0.23662293662293885,0
15.300000000000082,7,25.821226573561578,28.579223897506335,28.579222051046443,0.19663773053401307,-0.21668073263306398,-0.21668082910508157,-1.4638813903934853,-1.4330128685408552,-1.4330126982884503,0.0,0.0,-0.8338530843464956,0
15.300000000000082,8,20.859936151051606,12.685916020355002,16.855748020858233,-0.3417450582380461,0.09403295211196681,-0.12700504241039084,1.055569949232292,1.7795007941603442,-1.4032636979058644,0.0,0.0,2.873082099644081,0
15.350000000000083,0,3.2664110404533084,3.545900726947789,4.492774728432542,-0.9499720692831928,-1.029601936536798,-1.521553789595944,1.3895969945583764,1.4041800807387044,1.5320895840553748,0.0,0.0,-2.3159904065543784,0
15.350000000000083,1,20.26456117782292,6.951587125442484,25.892276756240463,-1.4053209795593378,2.0255029564284674,1.1002100798182368,-1.593588215633581,1.5689471213974804,-1.1175336814845174,0.0,0.0,2.1773580939219377,0
15.350000000000083,2,20.263495265259913,0.8,10.987452182938549,1.5426499688148474,-0.263146654351671,2.726109935240864,0.008112924231029833,1.6544222486963873,1.8742521717951433,0.0,0.0,-0.16895470803742987,0
15.350000000000083,3,11.34261263662263,9.651515299488576,18.545983239753653,3.6963378053206433,1.8098650669135865,-1.4032023819728108,-1.090389764842138,1.566983559352329,-1.6141910312744934,0.0,0.0,0.45532317940781336,0
15.350000000000083,4,13.044654024255731,19.285326517957134,11.220923485038705,-1.2570102830092695,-0.0984877150220389,2.3484877143001457,2.5,2.5,2.5,0.0,0.0,-3.0634016300872116,0
15.350000000000083,5,15.598787594706831,18.80595503357203,23.924887193810402,-1.7850230949683161,1.1147920347646227,-2.459059059660043,-0.7700211122649241,0.3539367154098005,-2.351977101961499,0.0,0.0,2.5833347881794224,0
15.350000000000083,6,9.461658932547293,11.569830978117523,8.119688408418169,3.1265468176173905,-0.9090791103964079,-3.523821811323104,-2.5,-2.5,-2.5,0.0,0.0,-0.2829596068403764,0
15.350000000000083,7,25.829227505338277,28.5665991584333,28.566597307363047,0.12339954053400821,-0.28830883028837573,-0.28830891823081706,-1.464763800000097,-1.4325619531062355,-1.4325617825147101,0.0,0.0,-1.1663775457676946,0
15.350000000000083,8,20.844185171234624,12.692837122595668,16.847650193177497,-0.28829413444121277,0.18281113751469125,-0.1969080648190436,1.0690184759366665,1.7755637080544884,-1.3980604481730547,0.0,0.0,2.576466797355017,0
15.400000000000084,0,3.220648649573435,3.49617536113398,4.418613313967994,-0.8805235659117336,-0.959412696015556,-1.4449027889859345,1.3889700674291823,1.403784810424842,1.5330200122001878,0.0,0.0,-2.3133447225244654,0
15.400000000000084,1,20.192305221852884,7.054817490853446,25.945879063036205,-1.4849172592420516,2.1037116600099925,1.0438821920114998,-1.5919255936542789,1.5641740716304977,-1.1265577561347409,0.0,0.0,2.185441613994874,0
15.400000000000084,2,20.340624653901145,0.8,11.126092186796406,1.542525576834388,-0.18004968017096584,2.8194902190734075,-0.002487839609188242,1.6619394836141028,1.8676056766508742,0.0,0.0,-0.11619814181474666,0
15.400000000000084,3,11.52605388665286,9.743962234037316,18.473809077780974,3.6413121958886103,1.888012315035991,-1.4837640969342532,-1.1005121886406608,1.562944962448093,-1.6112342992288464,0.0,0.0,0.47833609249565834,0
15.400000000000084,4,12.984928510105268,19.283527132206032,11.341472870753714,-1.1320102830092695,0.026512284977961098,2.4734877143001457,2.5,2.5,2.5,0.0,0.0,3.118176400705848,0
15.400000000000084,5,15.508579866058813,18.862132271076316,23.798991611678005,-1.823286050952426,1.1322974654068692,-2.57676422563583,-0.7652591196821958,0.350108612844927,-2.3541033195157413,0.0,0.0,2.5858603382177536,0
15.400000000000084,6,9.614861273428161,11.521252022597702,7.940372317852014,3.0015468176173905,-1.0340791103964078,-3.648821811323104,-2.5,-2.5,-2.5,0.0,0.0,-0.33178043285652753,0
15.400000000000084,7,25.833565424086867,28.55039357890317,28.550391723649458,0.05011720940955233,-0.3599143509167637,-0.35991443031266107,-1.4656466224891176,-1.4321104125677593,-1.4321102416368805,0.0,0.0,-1.4324383983086748,0
15.400000000000084,8,20.832895464512564,12.705102679471404,16.834679789936544,-0.16329413444121277,0.30781113751469125,-0.3219080648190436,2.5,2.5,-2.5,0.0,0.0,2.05854600253855,0
15.450000000000085,0,3.178357903927963,3.4499589654584844,4.34828560603201,-0.8111062599071525,-0.8892431310042707,-1.368205528453414,1.3883461200916245,1.403391300225707,1.533945210650411,0.0,0.0,-2.31027337532378,0
15.450000000000085,1,20.11607158276653,7.161952239311788,25.996653621616982,-1.564428304212211,2.1816782783236603,0.9871001512196779,-1.5902208994031872,1.5593323662733571,-1.1356408158364388,0.0,0.0,2.192890746243016,0
15.450000000000085,2,20.41773423963763,0.8,11.269391826822519,1.5418578526248603,-0.09653564650742796,2.9124953819710955,-0.013354484190551961,1.6702806732707574,1.8601032579537593,0.0,0.0,-0.06252833365201278,0
15.450000000000085,3,11.70499449644729,9.835237849789115,18.40274587293426,3.5163121958886103,1.763012315035991,-1.3587640969342532,-2.5,-2.5,2.5,0.0,0.0,0.46475184176525103,0
15.450000000000085,4,12.931452995954805,19.28797774645493,11.468272256468723,-1.0070102830092695,0.1515122849779611,2.5984877143001457,2.5,2.5,2.5,0.0,0.0,2.9922552689749673,0
15.450000000000085,5,15.416465044265573,18.91917991512932,23.66720809097047,-1.8613068207771948,1.1496082967132506,-2.6945766026656393,-0.7604153964953752,0.3462166261276276,-2.3562475405961876,0.0,0.0,2.588307034445021,0
15.450000000000085,6,9.76181361430903,11.466423067077882,7.754806227285859,2.8765468176173905,-1.1590791103964078,-3.773821811323104,-2.5,-2.5,-2.5,0.0,0.0,-0.3830392852648433,0
15.450000000000085,7,25.834238121863766,28.53060828874004,28.53060642973062,-0.023209298333628933,-0.43149725560843455,-0.43149732644080296,-1.4665301548636254,-1.4316580938334167,-1.4316579225628372,0.0,0.0,-1.6245323686811524,0
15.450000000000085,8,20.827855757790505,12.72361823634714,16.81545938669559,-0.03829413444121277,0.43281113751469125,-0.4469080648190436,2.5,2.5,-2.5,0.0,0.0,1.6590442294855143,0
15.500000000000085,0,3.1395372470801286,3.407250558163314,4.281793911533652,-0.741720014006227,-0.8190931608025448,-1.2914622514809437,1.387724918018508,1.4029994040345182,1.5348655394494046,0.0,0.0,-2.3066627063795524,0
15.500000000000085,1,20.03586457708445,7.272979176226866,26.044577644515098,-1.6438519230710673,2.2593991982794908,0.929860764704949,-1.5884723771771267,1.5544183991166094,-1.1447877302945753,0.0,0.0,2.1997814756576504,0
15.500000000000085,2,20.49479650020228,0.8,11.417331134298896,1.5406325699612553,-0.012558518439543073,3.0050769170840126,-0.02450565327209872,1.6795425613576977,1.8516307022583454,0.0,0.0,-0.008151353239414943,0
15.500000000000085,3,11.877685106241719,9.920263465540915,18.33793266808755,3.3913121958886103,1.638012315035991,-1.2337640969342532,-2.5,-2.5,2.5,0.0,0.0,0.44995738969067417,0
15.500000000000085,4,12.884227481804341,19.29867836070383,11.60132164218373,-0.8820102830092695,0.2765122849779611,2.7234877143001457,2.5,2.5,2.5,0.0,0.0,2.837794884869605,0
15.500000000000085,5,15.322455348742313,18.97708814963887,23.529531246262188,-1.8990810001531981,1.1667210836688127,-2.8124971856657375,-0.7554835875200683,0.34225573911123935,-2.3584116600019653,0.0,0.0,2.590680544535981,0
15.500000000000085,6,9.9025159551899,11.40534411155806,7.562990136719704,2.7515468176173905,-1.2840791103964078,-3.898821811323104,-2.5,-2.5,-2.5,0.0,0.0,-0.4366343010806334,0
15.500000000000085,7,25.831243388576475,28.50724441990707,28.507242557570546,-0.09658003315814462,-0.5030574977103208,-0.5030575599621521,-1.4674146964903136,-1.4312048420377257,-1.4312046704269825,0.0,0.0,-1.760474446319904,0
15.500000000000085,8,20.829066051068445,12.748383793222875,16.789988983454638,0.08670586555878723,0.5578111375146912,-0.5719080648190435,2.5,2.5,-2.5,0.0,0.0,1.4165908993329486,0
15.550000000000086,0,3.104185129168471,3.368049161345976,4.219140525648452,-0.6723647024600827,-0.7489627118909729,-1.2146731839270357,1.3871062309228863,1.4026089782314386,1.5357813510781622,0.0,0.0,-2.3023546907283823,0
15.550000000000086,1,19.95168863325785,7.387885921553238,26.089628178235916,-1.7231858299928755,2.3368706147753615,0.8721605841277171,-1.5866781384361652,1.5494283299174176,-1.1540036115446375,0.0,0.0,2.206178291825211,0
15.550000000000086,2,20.57178317644458,0.8014843700255485,11.569887546140157,1.538834479730716,0.07193331946147892,3.0971795565664415,-0.03596180461078296,1.6898367580204396,1.8420527896485772,0.0,0.0,0.04671132246555631,0
15.550000000000086,3,12.044125716036149,9.999039081292713,18.279369463240837,3.2663121958886103,1.513012315035991,-1.1087640969342532,-2.5,-2.5,2.5,0.0,0.0,0.43379090889416694,0
15.550000000000086,4,12.84325196765388,19.315628974952727,11.740621027898738,-0.7570102830092695,0.4015122849779611,2.8484877143001457,2.5,2.5,2.5,0.0,0.0,2.6539279992610125,0
15.550000000000086,5,15.226563228099002,19.035846979173815,23.385955639703262,-1.9366038255792506,1.1836320977288584,-2.930527076691303,-0.7504565085210511,0.3382202812009156,-2.3605978205113143,0.0,0.0,2.5929861136067585,0
15.550000000000086,6,10.036968296070768,11.338015156038239,7.364924046153549,2.622595230822509,-1.406959179250221,-4.017768052437892,-2.5,-2.5,-2.5,0.0,0.0,-0.4924007805256226,0
15.550000000000086,7,25.82457901123144,28.480303106896272,28.480301241662097,-0.16999506064327569,-0.5745950227215195,-0.5745950763757764,-1.4683005497026216,-1.4307505002239735,-1.4307503282724874,0.0,0.0,-1.8584432439558614,0
15.550000000000086,8,20.836526344346385,12.77939935009861,16.758268580213684,0.21170586555878723,0.6828111375146912,-0.6969080648190435,2.5,2.5,-2.5,0.0,0.0,1.270144677206727,0
15.600000000000087,0,3.072300006335902,3.3323538006032165,4.160327732690983,-0.6030402108426728,-0.6788517178194048,-1.1378385343717459,1.3864898323481993,1.402219881431361,1.536692991105797,0.0,0.0,-2.2971229688380506,0
15.600000000000087,1,19.86354829657438,7.50665989986107,26.13178209012835,-1.8024276373459185,2.4140885175379303,0.8139958915696569,-1.5848361470608614,1.5443580552513783,-1.1632938511612037,0.0,0.0,2.212136274071571,0
15.600000000000087,2,20.648665279638532,0.8072071597028168,11.727035992980184,1.5364496480273824,0.15697826762925204,3.1887583170346177,-0.047696634066676125,1.700898963355462,1.8315752093635203,0.0,0.0,0.10181619179160659,0
15.600000000000087,3,12.204316325830579,10.071564697044511,18.227056258394125,3.1413121958886103,1.388012315035991,-0.9837640969342532,-2.5,-2.5,2.5,0.0,0.0,0.41606201468215076,0
15.600000000000087,4,12.808526453503417,19.338829589201627,11.886170412063992,-0.6320102830092695,0.5265122849779611,2.9734876523100393,2.5,2.5,2.4999987601978693,0.0,0.0,2.447006558330761,0
15.600000000000087,5,15.128801379443859,19.095446213726014,23.236475775246454,-1.9738701206264264,1.2003372843590714,-3.0486675015809515,-0.7453259009435158,0.33410373260425996,-2.3628084977929626,0.0,0.0,2.5952286127069404,0
15.600000000000087,6,10.164973057611892,11.264542197075727,7.160910643531654,2.461077575313145,-1.5095602104854366,-4.0821961171910806,-2.5,-2.5,-2.5,0.0,0.0,-0.5501950981422007,0
15.600000000000087,7,25.814242773173728,28.449785487123936,28.44978361942242,-0.2434544616651621,-0.6461097681718604,-0.6461098132114709,-1.4691880204377283,-1.4302949090068164,-1.430294736713889,0.0,0.0,-1.9311445525931736,0
15.600000000000087,8,20.850236637624324,12.816664906974344,16.720298176972733,0.33670586555878723,0.8078111375146912,-0.8219080648190435,2.5,2.5,-2.5,0.0,0.0,1.1758808626787813,0
15.650000000000087,0,3.0438803401678567,3.300163504680045,4.1053578069709165,-0.5337464358791312,-0.6087601191074627,-1.0609584944308996,1.3858754992708322,1.4018319742388416,1.5376007988169271,0.0,0.0,-2.2906314789597184,0
15.650000000000087,1,19.77144823445502,7.629288329704482,26.171016054499436,-1.8815748474284988,2.4910486761985506,0.7553626832737084,-1.582944201651605,1.5392031732124025,-1.1726641659189703,0.0,0.0,2.217702742183682,0
15.650000000000087,2,20.725413217024318,0.8171961398161142,11.88874991024315,1.5334678474041055,0.24258093690264304,3.279798373484037,-0.05963601246553765,1.7120533854678202,1.8208011289883874,0.0,0.0,0.1568909998429901,0
15.650000000000087,3,12.35825693562501,10.13784031279631,18.180993053547414,3.0163121958886103,1.263012315035991,-0.8587640969342532,-2.5,-2.5,2.5,0.0,0.0,0.3965456552659417,0
15.650000000000087,4,12.780050939352954,19.368280203450524,12.037969794679494,-0.5070102830092695,0.6515122849779611,3.0984876523100393,2.5,2.5,2.5,0.0,0.0,2.2321057908453033,0
15.650000000000087,5,15.029182770825265,19.155875450989747,23.081086091882714,-2.0108742241173347,1.2168322061902412,-3.166919832968615,-0.7400820698181629,0.3298984366233984,-2.365046627753267,0.0,0.0,2.5974125832334556,0
15.650000000000087,6,10.28490193637755,11.185939186551455,6.9536758376721,2.298258576732572,-1.6080981482091343,-4.1390853893344035,-2.5,-2.5,-2.5,0.0,0.0,-0.6105265280581551,0
15.650000000000087,7,25.800232453316827,28.415692701332578,28.415690831594876,-0.3169583326108753,-0.7176016634824393,-0.7176016998902904,-1.4700774189142636,-1.4298379062115765,-1.4298377335763914,0.0,0.0,-1.9867191992706796,0
15.650000000000087,8,20.870196930902264,12.86018046385008,16.67607777373178,0.46170586555878723,0.9328111375146912,-0.9469080648190435,2.5,2.5,-2.5,0.0,0.0,1.1111874071084722,0
15.700000000000088,0,3.018924597138542,3.271477305123433,4.0542330136341445,-0.46448328529346194,-0.5386878631570062,-0.9840332390399643,1.3852630117133844,1.4014451190091306,1.5385051078187062,0.0,0.0,-2.2823589515229203,0
15.700000000000088,1,19.67539324219112,7.755758212189441,26.20730653784472,-1.9606248431274413,2.5677466231997874,0.6962566505376785,-1.580999913978852,1.533958940024735,-1.1821206547205971,0.0,0.0,2.2229185741340354,0
15.700000000000088,2,20.80199686691689,0.8314793212365886,12.05500196850611,1.5298781482987387,0.3287463199163357,3.3702839570343275,-0.07179398210733424,1.7233076602738526,1.8097116710058079,0.0,0.0,0.21166527250461928,0
15.700000000000088,3,12.505947545419438,10.19786592854811,18.141179848700702,2.8913121958886103,1.138012315035991,-0.7337640969342532,-2.5,-2.5,2.5,0.0,0.0,0.3749745439230212,0
15.700000000000088,4,12.75782542520249,19.403980817699424,12.196019177294996,-0.38201028300926954,0.7765122849779611,3.2234876523100393,2.5,2.5,2.5,0.0,0.0,2.0279884730337105,0
15.700000000000088,5,14.927720667961042,19.2171240552452,22.919780955477798,-2.047609890451588,1.2331119640279087,-3.2852856232279857,-0.7347133266850647,0.3255951567533484,-2.367315805187413,0.0,0.0,2.5995422786557763,0
15.700000000000088,6,10.401503425543643,11.105300521600544,6.74934067996818,2.365800989911162,-1.6174484498272634,-4.03432091882239,1.3508482635717987,-0.1870060323625808,2.0952894102402806,0.0,0.0,-0.5996880826067366,0
15.700000000000088,7,25.782545825360835,28.37802589400035,28.37802402265848,-0.3905067856288165,-0.7890706298067336,-0.7890706575656656,-1.4709690603588244,-1.429379326485887,-1.4293791535075042,0.0,0.0,-2.030351272516674,0
15.700000000000088,8,20.896407224180205,12.909946020725815,16.625607370490826,0.5867058655587872,1.0578111375146912,-1.0719080648190435,2.5,2.5,-2.5,0.0,0.0,1.0643966352522132,0
15.750000000000089,0,2.997431248064328,3.2462942359401006,4.006955609490434,-0.3952506776751117,-0.4686349041762915,-0.9070629267084566,1.3846521523670052,1.4010591796142948,1.5394062466301546,0.0,0.0,-2.2714512368577404,0
15.750000000000089,1,19.575388249181835,7.886056318619218,26.24062978303311,-2.0395748772439437,2.6441776339912777,0.636673156997989,-1.579000682330049,1.5286202158298026,-1.1916698707937896,0.0,0.0,2.227819266247382,0
15.750000000000089,2,20.87838554184433,0.8500849748460975,12.22576402380807,1.5256688487989611,0.41547982446401815,3.460198255044145,-0.08418598999554941,1.7346700909536492,1.7982859601963548,0.0,0.0,0.2658788419396435,0
15.750000000000089,3,12.647388155213868,10.25164154429991,18.10761664385399,2.7663121958886103,1.013012315035991,-0.6087640969342532,-2.5,-2.5,2.5,0.0,0.0,0.35102979704824483,0
15.750000000000089,4,12.73769308927115,19.439858339615135,12.357094967783349,-0.42328315424430124,0.6585885916506293,3.219543967223993,-0.8254574247006343,-2.3584738665466354,-0.07887370172092538,0.0,0.0,2.1420314898938146,0
15.750000000000089,5,14.824428667076178,19.27918113139778,22.752554648555837,-2.084070144942929,1.249171082075409,-3.4037666536504254,-0.7292050898268172,0.32118236095000535,-2.3696206084487965,0.0,0.0,2.601621705340782,0
15.750000000000089,6,10.521467578960607,11.024201757190127,6.550253658636304,2.432765146767409,-1.6265021265894033,-3.929159934452622,1.3392831371249405,-0.1810735352427986,2.103219687395364,0.0,0.0,-0.5893271871027331,0
15.750000000000089,7,25.761180656997155,28.336786213758913,28.33678434124575,-0.46409994891836426,-0.8605165798506584,-0.8605165989434582,-1.4718632657909547,-1.4289190008784958,-1.4289188275558513,0.0,0.0,-2.0654084956471888,0
15.750000000000089,8,20.928867517458144,12.96596157760155,16.568886967249874,0.7117058655587872,1.1828111375146912,-1.1969080648190435,2.5,2.5,-2.5,0.0,0.0,1.0291225474078143,0
15.80000000000009,0,2.979398767563349,3.224613333257803,3.9635278438290813,-0.3260485423640536,-0.39860120311562014,-0.8300476997456375,1.384042706221161,1.4006740212134272,1.540304539256381,0.0,0.0,-2.2564060322594996,0
15.80000000000009,1,19.471438325747197,8.020169177063405,26.270961792239305,-2.1184220601415062,2.7203367037762,0.5766072112498891,-1.5769436579512497,1.523181395698445,-1.201318914961997,0.0,0.0,2.2324357924799427,0
15.80000000000009,2,20.954547947771268,0.8730416533788571,12.401007062457133,1.5208273882785452,0.5027873168463683,3.5495232909183896,-0.09682921040831818,1.7461498476470048,1.7865007174848948,0.0,0.0,0.31928959696492965,0
15.80000000000009,3,12.782578765008298,10.299167160051708,18.080303439007277,2.6413121958886103,0.8880123150359911,-0.48376409693425315,-2.5,-2.5,2.5,0.0,0.0,0.3243294048976499,0
15.80000000000009,4,12.71550069544547,19.469839102422235,12.51795503484029,-0.46441259878291397,0.5406419206334068,3.2148587150535923,-0.8225888907722543,-2.358933420344452,-0.09370504340801525,0.0,0.0,2.2804934706540254,0
15.80000000000009,5,14.719320736900018,19.342035491745595,22.579401356922055,-2.120247062103501,1.2650033318371767,-3.5223650117007717,-0.7235383432114407,0.3166449952353556,-2.371967161006924,0.0,0.0,2.603654665202051,0
15.80000000000009,6,10.644765132541734,10.942657880589719,6.356434695931515,2.49913699647764,-1.63525293742696,-3.823598573738922,1.3274369942046165,-0.17501621675113427,2.111227214273995,0.0,0.0,-0.5794110713588552,0
15.80000000000009,7,25.736134709097637,28.291974813820907,28.29197294057019,-0.5377379670622758,-0.9319394176696072,-0.9319394280790021,-1.4727603628782306,-1.4284567563789752,-1.428456582710878,0.0,0.0,-2.0941395438516404,0
15.80000000000009,8,20.967577810736085,13.028227134477286,16.50591656400892,0.8367058655587872,1.3078111375146912,-1.3219080648190435,2.5,2.5,-2.5,0.0,0.0,1.0016422318739768,0
15.85000000000009,0,2.9648256335203955,3.2064336349895544,3.923951959223987,-0.25687681935409235,-0.3285867276143227,-0.7529876844581266,1.3834344601992257,1.4002895100259483,1.5412003057502184,0.0,0.0,-2.234317565094163,0
15.85000000000009,1,19.363548690612703,8.158083057652268,26.298278308353563,-2.1971633452382466,2.7962185197782956,0.516053433320366,-1.5748257019348035,1.5176363200419098,-1.211075558590463,0.0,0.0,2.236795305788357,0
15.85000000000009,2,21.030452138441735,0.9003782157915897,12.580701139134607,1.5153402385401216,0.5906751796629361,3.638239776180624,-0.10974299476847574,1.7577572563313562,1.7743297052446902,0.0,0.0,0.37167991944767276,0
15.85000000000009,3,12.911519374802728,10.340442775803506,18.059240234160566,2.5163121958886103,0.7630123150359911,-0.35876409693425315,-2.5,-2.5,2.5,0.0,0.0,0.29441416938926035,0
15.85000000000009,4,12.691255467589338,19.493922063302506,12.678562228310362,-0.5053965154623744,0.4226765145774318,3.209429023749291,-0.8196783335892087,-2.3593081211194984,-0.10859382608602787,0.0,0.0,2.4450904984322492,0
15.85000000000009,5,14.61241127529757,19.405675611117246,22.400315151119422,-2.1561314019944153,1.2806014430287984,-3.6410832204046057,-0.7176867978182865,0.3119622238324327,-2.3743641740766845,0.0,0.0,2.6056448050817704,0
15.85000000000009,6,10.771366117362383,10.860684190878567,6.167903900316381,2.5649023963483577,-1.6436946510190757,-3.7176332508664216,1.3153079974143547,-0.16883427184231525,2.119306457450011,0.0,0.0,-0.5699095959771664,0
15.85000000000009,7,25.70740573488593,28.243592852418164,28.243590978864496,-0.6114210014060567,-1.0033390384401433,-1.0033390401487945,-1.4736606868756175,-1.4279924154107195,-1.4279922413958497,0.0,0.0,-2.1180889021731293,0
15.85000000000009,8,21.012538104014023,13.09674269135302,16.43669616076797,0.9617058655587872,1.4328111375146912,-1.4469080648190435,2.5,2.5,-2.5,0.0,0.0,0.9796603669204497,0
15.900000000000091,0,2.953710326556189,3.191754180500222,3.8882301923295355,-0.1877354592141785,-0.25859145195897293,-0.6758829913199373,1.3828272027982766,1.3999055131069962,1.542093862763785,0.0,0.0,-2.198754776807949,0
15.900000000000091,1,19.25172471919009,8.299783956335695,26.322554794507997,-2.2757955116662796,2.8718174275587924,0.45500601285700754,-1.572643328560659,1.5119781556099352,-1.2209484092671694,0.0,0.0,2.2409217144846436,0
15.900000000000091,2,21.106065463468724,0.9321238550610005,12.764815306623037,1.5091927625394082,0.6791503911134958,3.726326923356585,-0.12294952001426643,1.7695042290111942,1.7617429435192187,0.0,0.0,0.4228614464614952,0
15.900000000000091,3,13.034209991666266,10.375468393870623,18.04442702795153,2.3913124786528748,0.6380124076486847,-0.23376415142712714,-2.499994344714715,-2.499998147746127,2.49999891014252,0.0,0.0,0.26073086590029176,0
15.900000000000091,4,12.662860641816218,19.518180889031377,12.835908679497827,-0.6303965154623744,0.5476765145774318,3.084429023749291,-2.5,2.5,-2.5,0.0,0.0,2.4262957943456196,0
15.900000000000091,5,14.50772970519785,19.472830683268686,22.221385990099193,-2.0311314019944153,1.4056014430287984,-3.5160832204046057,2.5,2.5,2.5,0.0,0.0,2.5362365403787113,0
15.900000000000091,6,10.901239854788603,10.778296298578553,5.984681552684962,2.630047100700411,-1.6518210409815473,-3.6112606543903487,1.3028940870410624,-0.16252779924943012,2.1274519295214573,0.0,0.0,-0.56079501016652,0
15.900000000000091,7,25.674991479088543,28.19164149325207,28.191639619830923,-0.6851492304893823,-1.0747153282035362,-1.0747153211940326,-1.4745645816665112,-1.4275257952678602,-1.4275256209047635,0.0,0.0,-2.1383459984100615,0
15.900000000000091,8,21.063748397291963,13.171508248228756,16.361225757527016,1.0867058655587871,1.5578111375146912,-1.5719080648190435,2.5,2.5,-2.5,0.0,0.0,0.9616929282423734,0
15.950000000000092,0,2.9460513295001443,3.180574010274928,3.8563647746686542,-0.11862442302760534,-0.1886153570527784,-0.5987337151153129,1.3822207237314632,1.3995218981238904,1.5429855240924892,0.0,0.0,-2.1322112732960083,0
15.950000000000092,1,19.13597195282065,8.445257576755353,26.343766411226355,-2.3543151431113367,2.9471273892275285,0.39345865587731355,-1.570392628901144,1.506199233374722,-1.2309471395938796,0.0,0.0,2.2448361589936265,0
15.950000000000092,2,21.1813545081475,0.9683081307739966,12.953317534739021,1.5023690246115493,0.7682206374063483,3.813762201282732,-0.13647475855717678,1.7814049258570495,1.7487055585229325,0.0,0.0,0.47267800844327496,0
15.950000000000092,3,13.15065061559891,10.404244014253056,18.035863820380175,2.2663124786528748,0.5130124076486847,-0.10876415142712714,-2.5,-2.5,2.5,0.0,0.0,0.22261269398884934,0
15.950000000000092,4,12.628215816043099,19.54868971476025,12.98700513068529,-0.7553965154623744,0.6726765145774318,2.959429023749291,-2.5,2.5,-2.5,0.0,0.0,2.4140540467485616,0
15.950000000000092,5,14.40929813509813,19.546235755420128,22.048706829078963,-1.9061314019944153,1.5306014430287984,-3.3910832204046057,2.5,2.5,2.5,0.0,0.0,2.4650321584690995,0
15.950000000000092,6,11.0343549510363,10.695510125532508,5.806788092698576,2.6945567492074467,-1.6596258808602797,-3.504477745065092,1.2901929701407158,-0.1560967975746512,2.1356581865051387,0.0,0.0,-0.5520417328684899,0
15.950000000000092,7,25.638889677062917,28.136121905957538,28.136120033105257,-0.7589228505357358,-1.1460681635777608,-1.1460681478326114,-1.4754724009270719,-1.4270567074844898,-1.4270565327715747,0.0,0.0,-2.1556981291600756,0
15.950000000000092,8,21.121208690569905,13.252523805104492,16.279505354286062,1.2117058655587871,1.6828111375146912,-1.6969080648190435,2.5,2.5,-2.5,0.0,0.0,0.9467412429448526,0
16.000000000000092,0,2.9418471268657282,3.172892165588705,3.8283579334144062,-0.04954368234904169,-0.1186584303961476,-0.5215399350546124,1.381614813571273,1.399138533132616,1.543875601214012,0.0,0.0,-1.9663244778156574,0
16.000000000000092,1,19.016296109209108,8.594489309743375,26.361887990505373,-2.4327186013503956,3.0221419302933175,0.3314045152834324,-1.5680691647811797,1.5002908213157835,-1.2410828118776225,0.0,0.0,2.2485574088492597,0
16.000000000000092,2,21.256285021886818,1.0089610086623237,13.146174614819298,1.4948515249612009,0.8578944781267408,3.9005210019283187,-0.1503499930069671,1.7934768144078514,1.7351760129117364,0.0,0.0,0.5210067990297595,0
16.000000000000092,3,13.260841239531553,10.42676963463549,18.03355061280882,2.1413124786528748,0.3880124076486847,0.016235848572872857,-2.5,-2.5,2.5,0.0,0.0,0.17925801289174728,0
16.000000000000092,4,12.58732099026998,19.58544854048912,13.131851581872754,-0.8803965154623744,0.7976765145774318,2.834429023749291,-2.5,2.5,-2.5,0.0,0.0,2.4054492572923145,0
16.000000000000092,5,14.31711656499841,19.625890827571567,21.882277668058734,-1.7811314019944153,1.6556014430287984,-3.2660832204046057,2.5,2.5,2.5,0.0,0.0,2.392704217362857,0
16.000000000000092,6,11.17067929113356,10.612341905037605,5.6342441052255365,2.758416854682919,-1.667102938935862,-3.397281753856484,1.2772021095094468,-0.14954116151164687,2.143919824172156,0.0,0.0,-0.5436261550658668,0
16.000000000000092,7,25.599098053899326,28.077035266582246,28.077033394736056,-0.8327420760077834,-1.2173974114338422,-1.2173973869354695,-1.476384509440951,-1.4265849571216291,-1.4265847820571629,0.0,0.0,-2.1707267710606613,0
16.000000000000092,8,21.184918983847844,13.339789361980227,16.19153495104511,1.3367058655587871,1.8078111375146912,-1.8219080648190435,2.5,2.5,-2.5,0.0,0.0,0.9341101184834207,0
16.050000000000093,0,2.941096204327516,3.1687076881768395,3.8042118921664567,0.019506780820556277,-0.04872066607848523,-0.4443017148633683,1.3810092633919593,1.3987552863532473,1.544764403824882,0.0,0.0,-1.1899623969243291,0
16.050000000000093,1,18.89270309437078,8.747464209752458,26.376894005827786,-2.5110019921827633,3.0968540700699982,0.2688360976130414,-1.5656678166473554,1.4942427955336124,-1.2513683534078204,0.0,0.0,2.2521021956016978,0
16.050000000000093,2,21.33082183025475,1.0541129106236649,13.343352043963561,1.486620809756108,0.9481816003269053,3.986576163842205,-0.1646143041018595,1.8057424440032908,1.7211032382777285,0.0,0.0,0.5677580049948966,0
16.050000000000093,3,13.364781863464195,10.443045255017923,18.037487405237464,2.0163124786528748,0.2630124076486847,0.14123584857287286,-2.5,-2.5,2.5,0.0,0.0,0.12970991435688983,0
16.050000000000093,4,12.540176164496861,19.628457366217994,13.270448033060218,-1.0053965154623743,0.9226765145774318,2.709429023749291,-2.5,2.5,-2.5,0.0,0.0,2.3990711356208183,0
16.050000000000093,5,14.231184994898689,19.711795899723008,21.722098507038503,-1.6561314019944153,1.7806014430287984,-3.1410832204046057,2.5,2.5,2.5,0.0,0.0,2.3199927641534206,0
16.050000000000093,6,11.310180032258348,10.528808182243075,5.467070306874374,2.821612790308586,-1.6742459728452803,-3.289670180190054,1.263918712513341,-0.1428606781883661,2.152231473328596,0.0,0.0,-0.5355264612709192,0
16.050000000000093,7,25.555614323493188,28.014382758083112,28.01438088768111,-0.906607140237719,-1.2887029285315177,-1.2887028952622501,-1.4773012845987128,-1.4261103419535108,-1.4261101665356126,0.0,0.0,-2.18386982740446,0
16.050000000000093,8,21.254879277125784,13.433304918855962,16.097314547804157,1.4617058655587871,1.9328111375146912,-1.9469080648190435,2.5,2.5,-2.5,0.0,0.0,0.923301462134164,0
16.100000000000094,0,2.9437970481990554,3.168019619905344,3.7839288717237602,0.08852697404102171,0.02119793521867243,-0.3670191028445013,1.3804038644093086,1.3983720259431531,1.5456522403773394,0.0,0.0,0.23502648670578946,0
16.100000000000094,1,18.765199016565553,8.904166967188777,26.38875853661171,-2.5891611200263482,3.1712562273827785,0.20574513374392278,-1.5631825568716995,1.4880431462556067,-1.261819277382372,0.0,0.0,2.2554854942354114,0
16.100000000000094,2,21.404928722100447,1.1037947813804183,13.544813879262053,1.4776548640718243,1.0390932299432323,4.071897248097448,-0.1793189136856737,1.8182325923265408,1.7064216851048561,0.0,0.0,0.6128732544579046,0
16.100000000000094,3,13.462472487396838,10.453070875400357,18.047674197666108,1.8913124786528748,0.13801240764868472,0.26623584857287286,-2.5,-2.5,2.5,0.0,0.0,0.07284265422182143,0
16.100000000000094,4,12.486781338723741,19.677716191946867,13.402794484247682,-1.1303965154623743,1.0476765145774318,2.584429023749291,-2.5,2.5,-2.5,0.0,0.0,2.3941547712407183,0
16.100000000000094,5,14.15150342479897,19.80395097187445,21.568169346018273,-1.5311314019944153,1.9056014430287984,-3.0160832204046057,2.5,2.5,2.5,0.0,0.0,2.2476616017519437,0
16.100000000000094,6,11.452823596423464,10.44492581482129,5.305287532607424,2.884129776296042,-1.6810487240262257,-3.1816407904879256,1.2503397197491182,-0.13605502361890787,2.160587794042574,0.0,0.0,-0.5277224683316927,0
16.100000000000094,7,25.508436187583644,27.948165570842125,27.948163702323303,-0.9805182961440142,-1.3599845611079973,-1.3599845190500617,-1.4782231181259027,-1.4256326515295918,-1.42563247575623,0.0,0.0,-2.195462864360265,0
16.100000000000094,8,21.331089570403723,13.533070475731696,15.996844144563203,1.5867058655587871,2.0578111375146912,-2.0719080648190435,2.5,2.5,-2.5,0.0,0.0,0.9139494461368244,0
16.150000000000095,0,2.9499481449106266,3.170827002440986,3.7675110908548093,0.15751689442181255,0.09109736620701087,-0.28969213191353405,1.3797984076158167,1.3979886197667688,1.546539418619345,0.0,0.0,0.5243362146540118,0
16.150000000000095,1,18.63379020294337,9.064581875061846,26.397455224770116,-2.6671914248608704,3.2453400875399323,0.14212239259229653,-1.5606060966904411,1.4816772031430772,-1.2724548230325248,0.0,0.0,2.258720763537201,0
16.150000000000095,2,21.478568296099695,1.1580381832065547,13.750522544269955,1.467928095898075,1.1306428431022306,4.156449352218705,-0.19453536347498915,1.8309922631799687,1.691042082425139,0.0,0.0,0.6563233431441298,0
16.150000000000095,3,13.55391311132948,10.456846495782791,18.057860990094753,1.7663124786528748,0.01301240764868472,0.14123584857287286,-2.5,-2.5,-2.5,0.0,0.0,0.007366857454774385,0
16.150000000000095,4,12.427136512950621,19.73322501767574,13.528890935435147,-1.2553965154623743,1.1726765145774318,2.459429023749291,-2.5,2.5,-2.5,0.0,0.0,2.3902494874733176,0
16.150000000000095,5,14.07807185469925,19.90235604402589,21.420490184998044,-1.4061314019944153,2.0306014430287984,-2.8910832204046057,2.5,2.5,2.5,0.0,0.0,2.176450975253768,0
16.150000000000095,6,11.59857566248015,10.36071197392091,5.148916722419047,2.9459528659713707,-1.6875049119888883,-3.073191617047152,1.2364617935065776,-0.12912375925324907,2.1689834688154743,0.0,0.0,-0.5201954798428156,0
16.150000000000095,7,25.457561334753823,27.878384903204125,27.878383037008362,-1.054475817048846,-1.4312421444120862,-1.4312420935475998,-1.479150418096637,-1.4251516660817782,-1.4251514899507618,0.0,0.0,-2.2057670634447017,0
16.150000000000095,8,21.413549863681663,13.639086032607432,15.89012374132225,1.7117058655587871,2.1828111375146912,-2.1969080648190435,2.5,2.5,-2.5,0.0,0.0,0.9057795528865292,0
16.200000000000095,0,2.959547980485979,3.1771288769202872,3.7549607670668084,0.22647652859227219,0.1609776129650416,-0.21232081960649668,1.3791926834091925,1.3976049351606148,1.5474262461407473,0.0,0.0,0.6179319865209213,0
16.200000000000095,1,18.503555631700326,9.223723879438841,26.407686344399732,-2.5421914248608704,3.1203400875399323,0.26712239259229653,2.5,-2.5,2.5,0.0,0.0,2.254446331757877,0
16.200000000000095,2,21.551701735254625,1.216875441941098,13.960438552333668,1.4574094702991283,1.2228475062795077,4.2401909703298575,-0.21037251197893206,1.844093263545542,1.6748323622230454,0.0,0.0,0.6981058329848095,0
16.200000000000095,3,13.639103735262124,10.454372116165224,18.061797782523396,1.6413124786528748,-0.11198759235131528,0.016235848572872857,-2.5,-2.5,-2.5,0.0,0.0,-0.06812492755622583,0
16.200000000000095,4,12.361241687177502,19.794983843404612,13.64873738662261,-1.3803965154623743,1.2976765145774318,2.334429023749291,-2.5,2.5,-2.5,0.0,0.0,2.3870725537696083,0
16.200000000000095,5,14.01089028459953,20.00701111617733,21.279061023977814,-1.2811314019944153,2.1556014430287984,-2.7660832204046057,2.5,2.5,2.5,0.0,0.0,2.107033809153608,0
16.200000000000095,6,11.74740115741122,10.2761841454107,4.997978908060054,3.0070669312714755,-1.6936082284195675,-2.9643209573125775,1.2222813060020974,-0.12206632861358467,2.177413194691492,0.0,0.0,-0.5129281545953831,0
16.200000000000095,7,25.402987439387246,27.805041962039475,27.80504009860755,-1.1284799976142086,-1.502475502173931,-1.5024754424848932,-1.4800836113072526,-1.4246671552368981,-1.42466697874587,0.0,0.0,-2.21498857412258,0
16.200000000000095,8,21.502260156959604,13.751351589483168,15.777153338081298,1.8367058655587871,2.3078111375146912,-2.3219080648190435,2.5,2.5,-2.5,0.0,0.0,0.8985818817686,0
16.250000000000096,0,2.9725950400171075,3.1869242836169045,3.7462801173751448,0.2954058526528688,0.23083865489964756,-0.13490516806005237,1.3785864812119324,1.397220838692119,1.548313030928886,0.0,0.0,0.6633140440465072,0
16.250000000000096,1,18.379571060457284,9.382865883815839,26.42416746402935,-2.4171914248608704,3.2453400875399323,0.39212239259229653,2.5,2.5,2.5,0.0,0.0,2.2109734335724,0
16.250000000000096,2,21.62428843756268,1.2803398976464941,14.174520066476786,1.446058622022994,1.3157307219363272,4.323069595394834,-0.22701696552268472,1.85766431313639,1.657572501299529,0.0,0.0,0.7382434850050584,0
16.250000000000096,3,13.718044359194767,10.445647736547658,18.059484574952037,1.5163124786528748,-0.23698759235131528,-0.10876415142712714,-2.5,-2.5,-2.5,0.0,0.0,-0.1550377937788386,0
16.250000000000096,4,12.289096861404383,19.862992669133483,13.762333837810074,-1.5053965154623743,1.4226765145774318,2.209429023749291,-2.5,2.5,-2.5,0.0,0.0,2.3844376399682745,0
16.250000000000096,5,13.94995871449981,20.11791618832877,21.143881862957585,-1.1561314019944153,2.2806014430287984,-2.6410832204046057,2.5,2.5,2.5,0.0,0.0,2.0399816629456877,0
16.250000000000096,6,11.899264246883982,10.191360131422215,4.8524951997872945,3.0674566476389957,-1.6993523311198624,-2.855027373597801,1.207794327350407,-0.1148820540059001,2.1858716742955346,0.0,0.0,-0.5059043876438483,0
16.250000000000096,7,25.3447121605739,27.728137963335175,27.72813610310877,-1.2025311549196542,-1.573684445998003,-1.5736843774662865,-1.481023146108915,-1.4241788764814385,-1.424178699627866,0.0,0.0,-2.2232921740311493,0
16.250000000000096,8,21.597220450237543,13.869867146358903,15.657932934840346,1.9617058655587871,2.4328111375146912,-2.4469080648190435,2.5,2.5,-2.5,0.0,0.0,0.8921932657260262,0
16.300000000000097,0,2.9890878071361002,3.2002122616067754,3.7414713590745636,0.36430483210684206,0.3006804646951804,-0.057445163963192256,1.3779795890794655,1.3968361959106566,1.5492000819372023,0.0,0.0,0.6900106674000254,0
16.300000000000097,1,18.26183648572437,9.548257887925843,26.446898575497485,-2.292191564455679,3.3703400768601917,0.5171220661331273,2.4999972081038275,2.499999786405186,2.499993470816614,0.0,0.0,2.1680460849022225,0
16.300000000000097,2,21.696285305415206,1.3484664074112271,14.392722075846338,1.4338160920780414,1.4093296686529904,4.405010779387245,-0.24485059889905472,1.8719789343332622,1.6388236798482252,0.0,0.0,0.7767859359237567,0
16.300000000000097,3,13.790734983127411,10.430673356930091,18.05092136738068,1.3913124786528748,-0.3619875923513153,-0.23376415142712714,-2.5,-2.5,-2.5,0.0,0.0,-0.2545339014561625,0
16.300000000000097,4,12.210702035631265,19.937251494862355,13.869680288997538,-1.6303965154623743,1.5476765145774318,2.084429023749291,-2.5,2.5,-2.5,0.0,0.0,2.382216965902252,0
16.300000000000097,5,13.895277144400088,20.23507126048021,21.014952701937354,-1.0311314019944153,2.4056014430287984,-2.5160832204046057,2.5,2.5,2.5,0.0,0.0,1.97574407590632,0
16.300000000000097,6,12.05412832503248,10.106258052199603,4.7124867731146365,3.127106478300951,-1.7047308377846122,-2.745309693308536,1.1929966132391039,-0.1075701332949976,2.194353605785295,0.0,0.0,-0.4991092027035989,0
16.300000000000097,7,25.282733140958126,27.647674132818643,27.647672276240346,-1.2766296297112623,-1.6448687746633692,-1.644868697270711,-1.4819694958321594,-1.4236865733073216,-1.4236863960884893,0.0,0.0,-2.230811083100387,0
16.300000000000097,8,21.698430743515484,13.994632702125411,15.532462533095366,2.086705865558787,2.5578110931456393,-2.571908004980177,2.5,2.4999991126189642,-2.4999988032226645,0.0,0.0,0.8864849862958205,0
16.350000000000097,0,3.00902476348306,3.216991848430396,3.7405367105134926,0.43317342177154683,0.37050300824963184,0.02005922152034828,1.3773717932940956,1.3964508710890289,1.5500877096708106,0.0,0.0,0.7075759910267843,0
16.350000000000097,1,18.150351907501587,9.719899891768852,26.47587967880414,-2.167191564455679,3.4953400768601917,0.6421220661331273,2.5,2.5,2.5,0.0,0.0,2.1258087346091163,0
16.350000000000097,2,21.76764494681559,1.4212926598181577,14.61499435820215,1.4205695639372622,1.5037204276242306,4.485880514845257,-0.26493056281558613,1.8878151794248035,1.6173947091602323,0.0,0.0,0.8138250516275701,0
16.350000000000097,3,13.857175607060054,10.409448977312525,18.036108159809324,1.2663124786528748,-0.4869875923513153,-0.35876415142712714,-2.5,-2.5,-2.5,0.0,0.0,-0.36713553712086694,0
16.350000000000097,4,12.126057209858145,20.01776032059123,13.970776740185002,-1.7553965154623743,1.6726765145774318,1.959429023749291,-2.5,2.5,-2.5,0.0,0.0,2.3803199830773263,0
16.350000000000097,5,13.846845574300369,20.358476332631653,20.892273540917124,-0.9061314019944153,2.5306014430287984,-2.3910832204046057,2.5,2.5,2.5,0.0,0.0,1.9146419179563023,0
16.350000000000097,6,12.21195600343786,10.02089634826446,4.577974855538833,3.1860006579142808,-1.7097373196211343,-2.635167009723591,1.1778835922665984,-0.10012963673044328,2.2028536716989082,0.0,0.0,-0.4925286547194714,0
16.350000000000097,7,25.21704800551883,27.563651706619297,27.563649854132617,-1.3507757878605038,-1.7160282733104502,-1.7160281870384415,-1.4829231629848314,-1.4231899729416175,-1.4231897953546118,0.0,0.0,-2.23765412928445,0
16.350000000000097,8,21.805891036793422,14.125648256782695,15.400742132846355,2.211705865558787,2.6828110931456393,-2.696908004980177,2.5,2.5,-2.5,0.0,0.0,0.8813541960970123,0
16.400000000000098,0,3.0324043881690645,3.237262079751569,3.743478391873002,0.5020115656686277,0.44030624459730094,0.09760803286002159,1.3767628779416166,1.3960647269533815,1.5509762267934661,0.0,0.0,0.7200090239510565,0
16.400000000000098,1,18.045117329278803,9.897791895611864,26.511110782110798,-2.042191564455679,3.6203400768601917,0.7671220661331273,2.5,2.5,2.5,0.0,0.0,2.0843915284809373,0
16.400000000000098,2,21.83844675577511,1.4979543629021483,14.840514316205573,1.4115027944436298,1.5627476957353958,4.534917805291682,-0.18133538987264775,1.1805453622233042,0.980745808928507,0.0,0.0,0.8362058331680406,0
16.400000000000098,3,13.917366230992696,10.38197459769496,18.015044952237968,1.1413124786528748,-0.6119875923513153,-0.48376415142712714,-2.5,-2.5,-2.5,0.0,0.0,-0.4921972834037613,0
16.400000000000098,4,12.03516238557431,20.104519146058262,14.065623195097539,-1.8803964558909763,1.7976765041038665,1.8344291727521223,-2.499998808572039,2.499999790528694,-2.4999970199433745,0.0,0.0,2.3786807242340267,0
16.400000000000098,5,13.80466400420065,20.488131404783093,20.775844379896895,-0.7811314019944153,2.6556014430287984,-2.2660832204046057,2.5,2.5,2.5,0.0,0.0,1.8568727755808396,0
16.400000000000098,6,12.372709099274699,9.93529378290364,4.4489807132109975,3.2441231755592264,-1.7143652948116106,-2.524598683389829,1.1624503528989152,-0.09255950380952559,2.211366526675241,0.0,0.0,-0.4861497415620896,0
16.400000000000098,7,25.14765436027021,27.476071931974367,27.476070084023736,-1.4249700220842494,-1.787162712486732,-1.7871626173168083,-1.483884684474912,-1.4226887835256374,-1.422688605567337,0.0,0.0,-2.243911058528344,0
16.400000000000098,8,21.919601330071362,14.262913811439978,15.262771732597345,2.336705865558787,2.8078110931456393,-2.821908004980177,2.5,2.5,-2.5,0.0,0.0,0.8767177073979228,0
16.4500000000001,0,3.05922515723308,3.2610219890119336,3.7502986259519546,0.5708191968919785,0.5100901258172642,0.17520133029806978,1.3761526244670164,1.3956776243992655,1.5518659487609638,0.0,0.0,0.729273850168283,0
16.4500000000001,1,17.94613275105602,10.081933899454874,26.552591885417456,-1.917191564455679,3.7453400768601917,0.8921220661331273,2.5,2.5,2.5,0.0,0.0,2.0439083923696892,0
16.4500000000001,2,21.909014611719243,1.5761029512860194,15.067258611966105,1.4112114433218061,1.5631958396194403,4.534854025129591,-0.005827022436464269,0.008962877680893655,-0.0012756032418081986,0.0,0.0,0.8364511344813209,0
16.4500000000001,3,13.97130685492534,10.348250218077393,17.98773174466661,1.0163124786528748,-0.7369875923513153,-0.6087641514271271,-2.5,-2.5,-2.5,0.0,0.0,-0.6274120503753373,0
16.4500000000001,4,11.938017562779761,20.197527971263455,14.154219653735144,-2.0053964558909763,1.9226765041038665,1.7094291727521223,-2.5,2.5,-2.5,0.0,0.0,2.377250037790776,0
16.4500000000001,5,13.76873243410093,20.624036476934535,20.665665218876665,-0.6561314019944153,2.7806014430287984,-2.1410832204046057,2.5,2.5,2.5,0.0,0.0,1.8025248979262525,0
16.4500000000001,6,12.536348622590152,9.849469444987857,4.3255256375215305,3.3014577570588926,-1.7186082218196639,-2.4136043441888475,1.1466916299933265,-0.0848585401610661,2.2198867840196224,0.0,0.0,-0.47996032391548316,0
16.4500000000001,7,25.074549790868232,27.38493606798684,27.38493422501762,-1.4992127539948907,-1.8582718470144235,-1.8582717429278528,-1.4848546382128274,-1.4221826905538313,-1.4221825122208887,0.0,0.0,-2.2496565233119488,0
16.4500000000001,8,22.039561623349304,14.40642936609726,15.118551332348336,2.461705865558787,2.9328110931456393,-2.946908004980177,2.5,2.5,-2.5,0.0,0.0,0.8725075448013102,0
16.5000000000001,0,3.089485543091685,3.288270607080536,3.7609996389599667,0.6395962374522375,0.5798545969268247,0.2528391900224064,1.3755408112051801,1.3952894221912115,1.5527571944867327,0.0,0.0,0.7364466906128755,0
16.5000000000001,1,17.853398172833238,10.272325903297885,26.600322988724113,-1.792191564455679,3.8703400768601917,1.0171220661331273,2.5,2.5,2.5,0.0,0.0,2.004455991647118,0
16.5000000000001,2,21.979575100746647,1.6542628711411311,15.294001295015487,1.4112081177743638,1.563200954585029,4.534853296845686,-6.651094884624342e-05,0.00010229931177274665,-1.4565678103650725e-05,0.0,0.0,0.8364539341416515,0
16.5000000000001,3,14.018997478857983,10.308275838459826,17.954168537095253,0.8913124786528748,-0.8619875923513153,-0.7337641514271271,-2.5,-2.5,-2.5,0.0,0.0,-0.7686741851337204,0
16.5000000000001,4,11.834622739985212,20.29678679646865,14.23656611237275,-2.1303964558909763,2.0476765041038663,1.5844291727521223,-2.5,2.5,-2.5,0.0,0.0,2.3759904934735308,0
16.5000000000001,5,13.739050864001209,20.766191549085974,20.561736057856436,-0.5311314019944153,2.9056014430287984,-2.0160832204046057,2.5,2.5,2.5,0.0,0.0,1.7515958852519335,0
16.5000000000001,6,12.702834762681631,9.763442752128837,4.207630931563443,3.3579878466002073,-1.7224594925411831,-2.3021838941346475,1.130601790826296,-0.07702541443038473,2.2284090010840023,0.0,0.0,-0.4739490525161542,0
16.5000000000001,7,24.997731861103983,27.29024538644574,27.290243548904243,-1.573504436575027,-1.929355414629432,-1.9293553016073024,-1.485833651602727,-1.4216713523001716,-1.421671173588994,0.0,0.0,-2.254953116230056,0
16.5000000000001,8,22.16577191657811,14.556194920176571,14.968080932912224,2.5623323288875706,3.0289984921112896,-3.042962564857664,2.499999960692752,2.4999995376228172,-2.4999993496813793,0.0,0.0,0.8686676190816032,0
16.5500000000001,0,3.1231840139803997,3.3190069618976805,3.775583661319895,0.7083425980963273,0.6495995957589615,0.3305217043747236,1.374927212881796,1.3948999766427366,1.5536502870463447,0.0,0.0,0.7421662782463736,0
16.5500000000001,1,17.766913594610454,10.468967907140895,26.65430409203077,-1.667191564455679,3.9953400768601917,1.1421220661331273,2.5,2.5,2.5,0.0,0.0,1.9661133591823288,0
16.5500000000001,2,22.050135505664258,1.7324229203640216,15.520743959645102,1.4112080789301524,1.563201014330589,4.534853288338894,-7.76884228059771e-07,1.1949112010967156e-06,-1.701358343098036e-07,0.0,0.0,0.8364539668431789,0
16.5500000000001,3,14.060438102790627,10.26205145884226,17.914355329523897,0.7663124786528748,-0.9869875923513153,-0.8587641514271271,-2.5,-2.5,-2.5,0.0,0.0,-0.910602513695789,0
16.5500000000001,4,11.724977924126778,20.402295620592188,14.312662585379156,-2.2553961784463934,2.172676460837657,1.4594297475041131,-2.499994451108342,2.499999134675817,-2.4999885049601835,0.0,0.0,2.3748730675590286,0
16.5500000000001,5,13.71561927274597,20.914596613726815,20.46405689233064,-0.4061322482151265,3.0306011426048642,-1.8910834006272188,2.499983075585777,2.4999939915213125,2.4999963955477376,0.0,0.0,1.704013097494063,0
16.5500000000001,6,12.872126873537328,9.677233454182852,4.095317896435995,3.413696587627621,-1.7259124252981985,-2.1903375109632814,1.114174820548278,-0.06905865514031034,2.2369276634273234,0.0,0.0,-0.46810530199107286,0
16.5500000000001,7,24.917198111259395,27.192001172721977,27.191999341055453,-1.6478455572085309,-2.00041313432107,-2.0004130123442763,-1.4868224126700769,-1.4211543938327535,-1.4211542147394804,0.0,0.0,-2.2598537039629183,0
16.5500000000001,8,22.297013533022486,14.710769844782137,14.81280780466934,2.57610426931427,3.023455228666134,-3.0368413316918956,2.5,2.5,-2.5,0.0,0.0,0.8651192293889405,0
16.6000000000001,0,3.160319033385315,3.35323007811222,3.7940529284816673,0.7770581781002694,0.7193250528226202,0.40824898209616267,1.3743116000788431,1.3945091412731734,1.554545554428781,0.0,0.0,0.7468355122265703,0
16.6000000000001,1,17.68667901638767,10.671859910983905,26.714535195337426,-1.542191564455679,4.120340076860192,1.2671220661331273,2.5,2.5,2.5,0.0,0.0,1.9289421459825822,0
16.6000000000001,2,22.120695909599153,1.810582971098415,15.747486624059503,1.411208078465579,1.5632010150451423,4.534853288237153,-9.29146981576423e-09,1.4291066108285122e-08,-2.034816759532987e-09,0.0,0.0,0.8364539672342869,0
16.6000000000001,3,14.09562872672327,10.209577079224694,17.86829212195254,0.6413124786528748,-1.1119875923513152,-0.9837641514271271,-2.5,-2.5,-2.5,0.0,0.0,-1.0476656620406317,0
16.6000000000001,4,11.609083115204458,20.514054443634073,14.382509072754361,-2.3803961784463934,2.297676460837657,1.3344297475041131,-2.5,2.5,-2.5,0.0,0.0,2.373875083103014,0
16.6000000000001,5,13.698437660335214,21.06925167085706,20.372627722299278,-0.2811322482151265,3.1556011426048642,-1.7660834006272188,2.5,2.5,2.4999999999999996,0.0,0.0,1.6596516586792416,0
16.6000000000001,6,13.044183458302417,9.590861637108574,3.988607817347481,3.468566802975956,-1.7289602576729501,-2.078065652577296,1.097404306966697,-0.06095664749503054,2.2454371677197096,0.0,0.0,-0.46241911062059354,0
16.6000000000001,7,24.832946056292787,27.09020472675715,27.090202901413818,-1.7222366414559143,-2.0714447042719373,-2.071444573321167,-1.487821684947668,-1.420631399017345,-1.4206312195378161,0.0,0.0,-2.264403242223961,0
16.6000000000001,8,22.4289437464882,14.865067606215444,14.657840738084746,2.589281120433161,3.0181121753526026,-3.0309441064389118,2.5,2.5,-2.5,0.0,0.0,0.8617256004616902,0
16.6500000000001,0,3.2008890594636505,3.3909389767113973,3.8164096817494055,0.8457428650331693,0.7890308911444713,0.4860211486133523,1.3736937386579977,1.394116766437024,1.5554433303437927,0.0,0.0,0.7507210469115393,0
16.6500000000001,1,17.612694438164887,10.881001914826916,26.781016298644083,-1.417191564455679,4.245340076860192,1.3921220661331273,2.5,2.5,2.5,0.0,0.0,1.8929873901158636,0
16.6500000000001,2,22.19125631352229,1.888743021850891,15.974229288471328,1.4112080784598857,1.5632010150538975,4.534853288235907,-1.1386447340555605e-10,1.751043754438797e-10,-2.4922286456785514e-11,0.0,0.0,0.8364539672390793,0
16.6500000000001,3,14.124569350655912,10.150852699607128,17.815978914381184,0.5163124786528748,-1.2369875923513152,-1.1087641514271271,-2.5,-2.5,-2.5,0.0,0.0,-1.1753847465999168,0
16.6500000000001,4,11.486938306282138,20.632063266675956,14.446105560129567,-2.5053961784463934,2.422676460837657,1.2094297475041131,-2.5,2.5,-2.5,0.0,0.0,2.3729783235926503,0
16.6500000000001,5,13.687506047924458,21.230156727987303,20.287448552267918,-0.1561322482151265,3.2806011426048642,-1.6410834006272188,2.5,2.5,2.5,0.0,0.0,1.6183530149677416,0
16.6500000000001,6,13.218962152731875,9.504347727187325,3.887521949472808,3.5225809742023633,-1.7315961391770327,-1.9653690624096212,1.0802834245281439,-0.052717630081651604,2.253931803353491,0.0,0.0,-0.45688112542264525,0
16.6500000000001,7,24.74497318381018,26.98485736416907,26.984855545598112,-1.7966782578483687,-2.1424497992512737,-2.1424496593069895,-1.4888323278490891,-1.4201018995867294,-1.4201017197164525,0.0,0.0,-2.2686402011704385,0
16.6500000000001,8,22.55618809664319,15.015339070931295,14.508399807243267,2.500492885766356,2.9927464132814716,-2.946693127220251,-1.7757646933360927,-0.5073152414226219,1.685019584373214,0.0,0.0,0.8747702440375957,0
16.700000000000102,0,3.2448925444517265,3.4321326746422716,3.842656169123944,0.9143965344898667,0.8587170260905062,0.5638383463681774,1.3730733891339484,1.3937226989206963,1.5563439550965021,0.0,0.0,0.7540063683420226,0
16.700000000000102,1,17.544959859942104,11.096393918669927,26.85374740195074,-1.292191564455679,4.370340076860192,1.5171220661331273,2.5,2.5,2.5,0.0,0.0,1.8582786847902135,0
16.700000000000102,2,22.261816717445278,1.9669030726035885,16.200971952883123,1.4112080784598147,1.5632010150540074,4.534853288235892,-1.4210854715202004e-12,2.19824158875781e-12,-3.019806626980426e-13,0.0,0.0,0.8364539672391393,0
16.700000000000102,3,14.147259974588556,10.085878319989561,17.757415706809827,0.3913124786528748,-1.3619875923513152,-1.2337641514271271,-2.5,-2.5,-2.5,0.0,0.0,-1.2910221271358018,0
16.700000000000102,4,11.358543497359816,20.75632208971784,14.503452047504771,-2.6303961784463934,2.547676460837657,1.0844297475041131,-2.5,2.5,-2.5,0.0,0.0,2.372168132846446,0
16.700000000000102,5,13.682824435513702,21.397311785117548,20.208519382236556,-0.0311322482151265,3.4056011426048642,-1.5160834006272188,2.5,2.5,2.5,0.0,0.0,1.5799375561251399,0
16.700000000000102,6,13.396419707588652,9.417712495614214,3.792081503518234,3.5757212200687487,-1.7338131237473755,-1.8522487757733377,1.0628049173277119,-0.04433969140685476,2.262405732725671,0.0,0.0,-0.4514825520174406,0
16.700000000000102,7,24.653276951761168,26.875960417506743,26.87595860615833,-1.8711710241120654,-2.2134280672418294,-2.2134279182842502,-1.4898553252739353,-1.4195653598111182,-1.419565179545211,0.0,0.0,-2.272597695336074,0
16.700000000000102,8,22.679129084430773,15.163943564458453,14.363152558051976,2.417146625737034,2.9514333278048204,-2.863196840431415,-1.666925200586442,-0.826261709533026,1.6699257357767172,0.0,0.0,0.8845925833168696,0
16.750000000000103,0,3.292327934058705,3.4768101844236727,3.8727946461630314,0.9830190497892639,0.9283833651655256,0.6417007351953153,1.3724503059879447,1.3933267815003891,1.5572477765427584,0.0,0.0,0.7568218617970963,0
16.750000000000103,1,17.48347527939243,11.318035920263618,26.932728497286707,-1.1671916575313295,4.495339986887432,1.6421217473055787,2.499998138486988,2.499998200544794,2.499993623449028,0.0,0.0,1.8248316488861887,0
16.750000000000103,2,22.332377121368268,2.045063123356289,16.427714617294917,1.4112080784598153,1.5632010150540088,4.534853288235891,1.3322676295501878e-14,2.6645352591003757e-14,-1.7763568394002505e-14,0.0,0.0,0.8364539672391396,0
16.750000000000103,3,14.1637005985212,10.014653940371995,17.69260249923847,0.2663124786528748,-1.4869875923513152,-1.3587641514271271,-2.5,-2.5,-2.5,0.0,0.0,-1.393579840927094,0
16.750000000000103,4,11.223898708557206,20.886830910178798,14.554548566912711,-2.755395373658005,2.672676357600665,0.9594310288135262,-2.4999839042322294,2.499997935260162,-2.49997437381174,0.0,0.0,2.3714324269306837,0
16.750000000000103,5,13.684392823102947,21.57071684224779,20.135840212205196,0.0938677517848735,3.5306011426048642,-1.3910834006272188,2.5,2.5,2.5,0.0,0.0,1.5442156851016748,0
16.750000000000103,6,13.57651196994323,9.33097706346912,3.7023076309422684,3.6279692741143292,-1.735604162056409,-1.7387061272652742,1.0449610809116145,-0.03582076618067417,2.2708529701612696,0.0,0.0,-0.4462151087880267,0
16.750000000000103,7,24.557854785771877,26.763515237701696,26.763513434026994,-1.9457156154595552,-2.284379124960112,-2.28437896696919,-1.4908918269497953,-1.419021154365655,-1.419020973698791,0.0,0.0,-2.2763043872671904,0
16.750000000000103,8,22.798001719954616,15.310254040518279,14.222050872166065,2.3377587952166454,2.9009857145881957,-2.7808705950049903,-1.5877566104077725,-1.0089522643324904,1.6465249085284925,0.0,0.0,0.8924985901028973,0
16.800000000000104,0,3.3431936668443054,3.5249705137475162,3.9068273768617243,1.0516102616347516,0.9980298077882012,0.7196084927524019,1.3718242369097542,1.3929288524535126,1.558155151141731,0.0,0.0,0.7592627191751266,0
16.800000000000104,1,17.428240695534218,11.545927918531259,27.017959581189405,-1.0307837772826036,4.569765307337135,1.7477785444240201,2.499999214682932,2.499999138614836,2.499997229935091,0.0,0.0,1.7926494507295545,0
16.800000000000104,2,22.402937525291257,2.1232231741089893,16.654457281706712,1.4112080784598156,1.5632010150540085,4.53485328823589,4.440892098500626e-15,-4.440892098500626e-15,-1.7763568394002505e-14,0.0,0.0,0.8364539672391393,0
16.800000000000104,3,14.173891222453843,9.937179560754428,17.621539291667112,0.14131247865287477,-1.6119875923513152,-1.4837641514271271,-2.5,-2.5,-2.5,0.0,0.0,-1.4833563557576785,0
16.800000000000104,4,11.08300394635065,21.023589727270547,14.599395128008533,-2.8803951146042586,2.7976763260692983,0.8344314150193507,-2.499994818925068,2.499999369372664,-2.4999922758835096,0.0,0.0,2.370761573108329,0
16.800000000000104,5,13.692211210692191,21.750371899378035,20.069411042173837,0.2188677517848735,3.6556011426048642,-1.2660834006272188,2.5,2.5,2.5,0.0,0.0,1.510995822484571,0
16.800000000000104,6,13.759193863327136,9.244162907077271,3.618221408778325,3.679306461241864,-1.736962093617538,-1.6247427592924568,1.0267437425506938,-0.02715863122258113,2.2792673594563473,0.0,0.0,-0.44107098490190944,0
16.800000000000104,7,24.458704075986148,26.647523195784576,26.64752140023576,-2.0203127759696398,-2.3553025517247193,-2.3553023846801127,-1.4919432102016914,-1.4184685352921458,-1.4184683542184597,0.0,0.0,-2.2797852163846373,0
16.800000000000104,8,22.912975154794008,15.453899928183803,14.085039771942284,2.2611785983590287,2.8448497920328,-2.6995734139462146,-1.531603937152334,-1.122718451107906,1.6259436211755107,0.0,0.0,0.8992143534824538,0
16.850000000000104,0,3.3974881735784845,3.576612665068194,3.944756634555752,1.120170007732423,1.067656245038914,0.7975618150087072,1.371194921953429,1.3925287450142554,1.5590664451261054,0.0,0.0,0.7614000597131395,0
16.850000000000104,1,17.374552702974906,11.773572762548143,27.103242111461793,-1.1167359250899032,4.53602845333828,1.6635226664713687,-1.7190429561459897,-0.6747370799771002,-1.6851175590530274,0.0,0.0,1.8121882085669347,0
16.850000000000104,2,22.473497929214247,2.2013832248616896,16.881199946118507,1.411208078459816,1.5632010150540085,4.53485328823589,8.881784197001252e-15,0.0,0.0,0.0,0.0,0.8364539672391392,0
16.850000000000104,3,14.182219220989563,9.859341786293408,17.546612455419858,0.19180746277592647,-1.5015233860895438,-1.5133092984629704,1.0098996824610342,2.209284125235427,-0.5909029407168621,0.0,0.0,-1.4437425244099085,0
16.850000000000104,4,10.935859190620436,21.16659854357401,14.6379916987595,-3.0053951146042586,2.9226763260692983,0.7094314150193507,-2.5,2.5,-2.5,0.0,0.0,2.3701473282019045,0
16.850000000000104,5,13.706279598281435,21.93627695650828,20.009231872142475,0.3438677517848735,3.7806011426048642,-1.1410834006272188,2.5,2.5,2.5,0.0,0.0,1.4800900741098428,0
16.850000000000104,6,13.944419366688647,9.15729186377038,3.539843824001246,3.7297136732186114,-1.7378796386581212,-1.5103606317906932,1.008144239534955,-0.018350900811663146,2.2876425500352733,0.0,0.0,-0.43604280180327754,0
16.850000000000104,7,24.3558221732178,26.527985684972435,26.52798389800271,-2.0949633347643415,-2.4261978807609013,-2.4261977046419427,-1.4930111758940319,-1.4179065807236404,-1.4179063992366054,0.0,0.0,-2.283061991971843,0
16.850000000000104,8,23.02417098711912,15.594643012372712,13.952072636918986,2.1866546946454455,2.784873575523525,-2.6191119869857067,-1.4904780742716672,-1.1995243301855,1.609228539210155,0.0,0.0,0.905151377815576,0
16.900000000000105,0,3.4552098765808417,3.631735635178592,3.9865847028509562,1.1886981123618579,1.1372625593769934,0.8755609167994697,1.3705620925886968,1.392126286761586,1.5599820358152496,0.0,0.0,0.7632880856913746,0
16.900000000000105,1,17.316573668207308,11.999518555458978,27.18431008519143,-1.2024254656140303,4.501803263095099,1.5791962827140766,-1.7137908104825417,-0.6845038048636118,-1.6865276751458393,0.0,0.0,1.8318019565909875,0
16.900000000000105,2,22.544058333137237,2.27954327561439,17.1079426105303,1.4112080784598167,1.5632010150540085,4.53485328823589,1.3322676295501878e-14,0.0,0.0,0.0,0.0,0.836453967239139,0
16.900000000000105,3,14.193068380279984,9.78703182422094,17.470219542921924,0.24215890884097108,-1.3908750968092145,-1.5424072014543455,1.0070289213008923,2.212965785606585,-0.5819580598275021,0.0,0.0,-1.3984187784415734,0
16.900000000000105,4,10.782464434890223,21.315857359877477,14.670338269510466,-3.1303951146042586,3.0476763260692983,0.5844314150193507,-2.5,2.5,-2.5,0.0,0.0,2.369582785701755,0
16.900000000000105,5,13.72659798587068,22.128432013638523,19.955302702111116,0.4688677517848735,3.9056011426048642,-1.0160834006272188,2.5,2.5,2.5,0.0,0.0,1.451318026388824,0
16.900000000000105,6,14.132141492093146,9.070386138060943,3.4671957573763885,3.7791713429613485,-1.738349389719375,-1.3955620332036078,0.9891533948547455,-0.009395021225074436,2.295971971741709,0.0,0.0,-0.4311235778245868,0
16.900000000000105,7,24.249206384098965,26.404904123294973,26.40490234535858,-2.16966822998891,-2.497064586337662,-2.4970644011233154,-1.4940979044913638,-1.4173341115352143,-1.4173339296274536,0.0,0.0,-2.2861538801938934,0
16.900000000000105,8,23.13167974331074,15.732318201950985,13.82311167260381,2.1136955530192942,2.722134007607331,-2.539326585621394,-1.4591828325230218,-1.2547913583238808,1.5957080272862576,0.0,0.0,0.910559316712552,0
16.950000000000106,0,3.516357189037216,3.6903384147710976,4.032313876582309,1.2571943858931114,1.2068486243232415,0.9536060324546358,1.3699254706250685,1.391721298924962,1.560902313103322,0.0,0.0,0.7649688295332189,0
16.950000000000106,1,17.25431690223923,12.223740644326304,27.261159983922752,-1.2878451731091836,4.467080291597868,1.4947996665387526,-1.7083941499030644,-0.6944594299446211,-1.6879323235064778,0.0,0.0,1.8514820065746298,0
16.950000000000106,2,22.614618737060226,2.35770332636709,17.334685274942096,1.4112080784598175,1.5632010150540088,4.53485328823589,1.7763568394002505e-14,4.440892098500626e-15,0.0,0.0,0.0,0.8364539672391387,0
16.950000000000106,3,14.20643150781878,9.7202588274884,17.392382913059684,0.29236619271087444,-1.280044772492261,-1.5710579930351356,1.0041456773980675,2.216606486339068,-0.5730158316157997,0.0,0.0,-1.3462451362239434,0
16.950000000000106,4,10.62281967916001,21.471366176180943,14.696434840261434,-3.2553951146042586,3.1726763260692983,0.4594314150193507,-2.5,2.5,-2.5,0.0,0.0,2.3690621479051788,0
16.950000000000106,5,13.753166373459923,22.326837070768768,19.907623532079754,0.5938677517848735,4.030601142604864,-0.8910834006272188,2.5,2.5,2.5,0.0,0.0,1.424509103667998,0
16.950000000000106,6,14.322312261102919,8.983468308244856,3.4002979667266087,3.8276594174296372,-1.7383638029241597,-1.2803495927875779,0.9697614893657701,-0.0002882640956968902,2.3042488083205974,0.0,0.0,-0.42630669560086015,0
16.950000000000106,7,24.138853964693794,26.278279957043072,26.278278188595316,-2.244428546217846,-2.567902063738324,-2.5679018694071276,-1.495206324578727,-1.416749548013247,-1.4167493656762418,0.0,0.0,-2.2890778088524337,0
16.950000000000106,8,23.235571344980862,15.86680420224827,13.698126119974063,2.0419685137855685,2.65730600428407,-2.46009551956847,-1.4345407846745166,-1.296560066465216,1.584621321058484,0.0,0.0,0.9156004645789241,0
17.000000000000107,0,3.5809285142905956,3.752419987981746,4.081946462806495,1.325658624242088,1.2764143041026907,1.0316974165127868,1.3692847669795316,1.3913135955889875,1.561827681163019,0.0,0.0,0.7664753877130362,0
17.000000000000107,1,17.1877960793339,12.446213906436457,27.333788305742434,-1.372987743103939,4.431850192808251,1.4103332062485168,-1.7028513998951107,-0.7046019757923387,-1.689329205804717,0.0,0.0,1.8712196353423305,0
17.000000000000107,2,22.685179140983216,2.4358633771197904,17.56142793935389,1.411208078459818,1.5632010150540088,4.53485328823589,8.881784197001252e-15,0.0,0.0,0.0,0.0,0.8364539672391386,0
17.000000000000107,3,14.222301378415262,9.659031848754339,17.313124922845695,0.3424286311483899,-1.169034376870186,-1.5992616155244608,1.0012487687503089,2.2202079124415004,-0.5640724497865015,0.0,0.0,-1.2858514099797758,0
17.000000000000107,4,10.456924923429796,21.633124992484408,14.716281411012401,-3.3803951146042586,3.2976763260692983,0.3344314150193507,-2.5,2.5,-2.5,0.0,0.0,2.368580485038957,0
17.000000000000107,5,13.785984761049168,22.53149212789901,19.866194362048393,0.7188677517848735,4.155601142604864,-0.7660834006272188,2.5,2.5,2.5,0.0,0.0,1.3995038606225285,0
17.000000000000107,6,14.514882679760827,8.89656133345108,3.339171069549361,3.8751573288867127,-1.7379151888268503,-1.1647262943023353,0.949958229141511,0.008972281946190836,2.312465969704852,0.0,0.0,-0.4215858720004084,0
17.000000000000107,7,24.024762111622252,26.148114665549397,26.14811290704667,-2.3192455766438393,-2.638709596008664,-2.638709392538648,-1.496340608519866,-1.4161506454067976,-1.4161504626304036,0.0,0.0,-2.2918488099417846,0
17.000000000000107,8,23.335901556055575,15.998007806505829,13.577090559226262,1.9712399292030256,2.5908381660182194,-2.3813269103436348,-1.4145716916508577,-1.3293567653170175,1.5753721844967012,0.0,0.0,0.9203871311577058,0
17.050000000000107,0,3.6489222451030128,3.8179793319153466,4.135484781832655,1.3940906082546038,1.3459594532413357,1.109835344533655,1.3686396802503162,1.3909029827729003,1.5627585604173668,0.0,0.0,0.7678341757162314,0
17.050000000000107,1,17.117025241044065,12.666912754155396,27.402191571048373,-1.4578457884895153,4.3961037159492955,1.3257974059890312,-1.6971609077115266,-0.71492953717911,-1.6907160051897099,0.0,0.0,1.8910061130076676,0
17.050000000000107,2,22.755739544906206,2.5140234278724907,17.788170603765685,1.4112080784598189,1.5632010150540088,4.53485328823589,1.7763568394002505e-14,0.0,0.0,0.0,0.0,0.8364539672391382,0
17.050000000000107,3,14.240670731198911,9.603359844522807,17.23246793696855,0.3923454801976356,-1.057845792391107,-1.6270178195612799,0.9983369809849142,2.22377168958158,-0.5551240807363811,0.0,0.0,-1.2156329279133329,0
17.050000000000107,4,10.284780167699582,21.801133808787874,14.729877981763368,-3.5053951146042586,3.4226763260692983,0.2094314150193507,-2.5,2.5,-2.5,0.0,0.0,2.368133578712138,0
17.050000000000107,5,13.825053148638412,22.742397185029255,19.831015192017034,0.8438677517848735,4.280601142604864,-0.6410834006272188,2.5,2.5,2.5,0.0,0.0,1.3761545124960075,0
17.050000000000107,6,14.709802712087832,8.809688561162398,3.283835524913374,3.92164396419345,-1.7369957027204463,-1.0486954911371476,0.929732706134742,0.018389722128076325,2.320616063303756,0.0,0.0,-0.41695513031205506,0
17.050000000000107,7,23.906927948821792,26.01440976829965,26.01440802019946,-2.3941209353745347,-2.70948629398116,-2.709486081349723,-1.4975071746139077,-1.4155339594499186,-1.415533776221503,0.0,0.0,-2.294480319833757,0
17.050000000000107,8,23.432716055999798,16.125854837663212,13.459983619842365,1.9013400685658524,2.5230430802770467,-2.3029506650122156,-1.3979972127434634,-1.3559017148234545,1.5675249066283834,0.0,0.0,0.9250015659183306,0
17.100000000000108,0,3.720336762884553,3.8870154161491053,4.192931168296648,1.4624901030069994,1.4154839161090105,1.188020114026046,1.3679898950479108,1.3904892573534968,1.5636953898478203,0.0,0.0,0.7690665331205797,0
17.100000000000108,1,17.042018800444996,12.885811139596647,27.466366328366224,-1.5424118354731688,4.359831701700777,1.2411928867249054,-1.69132093967307,-0.7254402849703563,-1.6920903852825155,0.0,0.0,1.9108327313886209,0
17.100000000000108,2,22.826299948829195,2.592183478625191,18.01491326817748,1.4112080784598193,1.5632010150540088,4.534853288235889,1.7763568394002505e-14,4.440892098500626e-15,0.0,0.0,0.0,0.8364539672391381,0
17.100000000000108,3,14.2615322665402,9.553251679136498,17.150434337419416,0.44211593345395683,-0.9464808230612366,-1.6543261624040329,0.9954090651264252,2.2272993865974104,-0.5461668568550591,0.0,0.0,-1.1338006016742341,0
17.100000000000108,4,10.106385411969368,21.975392625091338,14.737224552514334,-3.57554472479404,3.4940757059542626,0.08315576984028744,-2.5,2.5,-2.5,0.0,0.0,2.3677177980710624,0
17.100000000000108,5,13.870371536227657,22.9595522421595,19.802086021985673,0.9688677517848735,4.405601142604864,-0.5160834006272188,2.5,2.5,2.5,0.0,0.0,1.3543249391505134,0
17.100000000000108,6,14.907021251984256,8.722873735238919,3.2343116145622828,3.9670976316634903,-1.735597334218716,-0.932260922906504,0.909073349400804,0.02796737003460448,2.32869136461287,0.0,0.0,-0.4124087744515099,0
17.100000000000108,7,23.7853485058279,25.877166836570854,25.877165099331858,-2.4690567843810975,-2.7802309751707255,-2.7802307533544215,-1.4987169801312528,-1.4148936237913108,-1.4148934400939712,0.0,0.0,-2.296984464179538,0
17.100000000000108,8,23.52605310726087,16.250284590669807,13.346787041555183,1.8321419818770128,2.4541470399867698,-2.2249124664750606,-1.3839617337767904,-1.3779208058055374,1.5607639707430965,0.0,0.0,0.9295072669796713,0
17.15000000000011,0,3.7951704368849266,3.9595272022117936,4.254287972285111,1.5308568570079486,1.4849875263985155,1.2662520455124813,1.367335080018982,1.3900722057901018,1.5646386297287063,0.0,0.0,0.7701898872644544,0
17.15000000000011,1,16.96279154657342,13.102882559096889,27.526309160216265,-1.6266783193898444,4.323025078308875,1.1565203872766938,-1.6853296783335137,-0.7361324678380315,-1.6934499889642287,0.0,0.0,1.9306908323776977,0
17.15000000000011,2,22.896860352752185,2.670343529377891,18.241655932589275,1.4112080784598202,1.563201015054009,4.5348532882358885,1.7763568394002505e-14,4.440892098500626e-15,-1.7763568394002505e-14,0.0,0.0,0.8364539672391379,0
17.15000000000011,3,14.28487864288187,9.508716128630759,17.067046533212306,0.4917391202127879,-0.8349411971683515,-1.6811860058803711,0.992463735176621,2.2307925178577026,-0.537196869526768,0.0,0.0,-1.0385410019900345,0
17.15000000000011,4,9.924483175729666,22.15322141038905,14.738257341006348,-3.5745469778719485,3.4958518514132004,-0.04041949971759996,-2.5,2.5,-2.5,0.0,0.0,2.367324255141453,0
17.15000000000011,5,13.9219399238169,23.182957299289743,19.779406851954313,1.0938677517848734,4.530601142604864,-0.3910834006272188,2.5,2.5,2.5,0.0,0.0,1.3338903409804321,0
17.15000000000011,6,15.106486093395958,8.636141004487298,3.1906194231515164,4.0114960248046,-1.7337118958461244,-0.8154267335241551,0.8879678628222061,0.03770876745183586,2.336683787646978,0.0,0.0,-0.40794136496828587,0
17.15000000000011,7,23.660020676855666,25.73638751531006,25.736385789392116,-2.544056374508292,-2.850941875261123,-2.8509416442352378,-1.4999918025438894,-1.4142180018079444,-1.4142178176163236,0.0,0.0,-2.299372387610088,0
17.15000000000011,8,23.61594536477011,16.371246243518506,13.237484991696762,1.7635483184925076,2.384319073961255,-2.1471695278617515,-1.371873267690106,-1.3965593205102966,1.554858772266179,0.0,0.0,0.9339557933943737,0
17.20000000000011,0,3.8734216233421703,4.035513643034965,4.31955756051687,1.5991906012818096,1.554470106528332,1.3445314837578994,1.3666748854772195,1.389651602596328,1.565588764908361,0.0,0.0,0.7712186109048991,0
17.20000000000011,1,16.879358649079638,13.318100057494934,27.582016689033882,-1.710637580361554,4.285674857612948,1.0717807654280573,-1.6791852194341925,-0.7470044139185377,-1.69479243697273,0.0,0.0,1.9505718360444477,0
17.20000000000011,2,22.967420756675175,2.7485035801305915,18.46839859700107,1.411208078459821,1.563201015054009,4.5348532882358885,1.7763568394002505e-14,0.0,0.0,0.0,0.0,0.8364539672391376,0
17.20000000000011,3,14.310702473474374,9.469761884454186,16.98232697021604,0.5412141034874101,-0.7232285698945818,-1.7075965139702902,0.9894996654924431,2.2342525454753916,-0.5282101617983832,0.0,0.0,-0.9283644604205699,0
17.20000000000011,4,9.742630826836068,22.33112679504465,14.733111366020466,-3.57174721643148,3.4952991421041926,-0.15970513178878087,-2.5,2.490233667949029,-2.5,0.0,0.0,2.3670116107676877,0
17.20000000000011,5,13.979758311406144,23.412612356419988,19.76297768192295,1.2188677517848734,4.655601142604864,-0.2660834006272188,2.5,2.5,2.5,0.0,0.0,1.3147366774417006,0
17.20000000000011,6,15.308143898565266,8.54951493183512,3.15277881754527,4.05481618196775,-1.7313310102409671,-0.6981974907257169,0.8664031432629927,0.047617712103143715,2.3445848559687636,0.0,0.0,-0.40354769664925844,0
17.20000000000011,7,23.53094112399317,25.592073574808502,25.592071860672768,-2.6191257399914845,-2.9216157448011777,-2.921615504538649,-1.5013873096638535,-1.4134773908011007,-1.4134772060682297,0.0,0.0,-2.301654855007148,0
17.20000000000011,8,23.70242114318675,16.4886964393514,13.132063563045218,1.6954828181731862,2.313688759354498,-2.0696876182000055,-1.3613100063864256,-1.41260629213514,1.5496381932349246,0.0,0.0,0.9383911120502675,0
17.25000000000011,0,3.9550886645819165,4.1149736823719865,4.388742317590765,1.667491048308042,1.6239314669525204,1.422858799197903,1.3660089405246478,1.3892272084837693,1.5665463088000697,0.0,0.0,0.7721646638008777,0
17.25000000000011,1,16.79173566310088,13.531436232209854,27.633485583147383,-1.7942818587888087,4.247772130983839,0.9869749991119453,-1.6728855685450907,-0.7580545325821682,-1.6961153263222404,0.0,0.0,1.9704672682518316,0
17.25000000000011,2,23.037981160598164,2.8266636308832918,18.695141261412864,1.4112080784598222,1.563201015054009,4.5348532882358885,2.220446049250313e-14,0.0,0.0,0.0,0.0,0.8364539672391371,0
17.25000000000011,3,14.338996323008676,9.43639755706118,16.896298141116684,0.5905398778846612,-0.6113445258256275,-1.7335566500039818,0.9865154879450226,2.2376808813790867,-0.519202720673831,0.0,0.0,-0.8027064588568781,0
17.25000000000011,4,9.560918466014494,22.50901675214986,14.722001109431027,-3.5668824855341286,3.4931199907228017,-0.27470359444792486,-2.5,2.5,-2.5,0.0,0.0,2.366642051829391,0
17.25000000000011,5,14.043826698995389,23.64851741355023,19.75279851189159,1.3438677517848734,4.780601142604864,-0.1410834006272188,2.5,2.5,2.5,0.0,0.0,1.2967599818465898,0
17.25000000000011,6,15.511940164126093,8.463020504194494,3.120809425103354,4.09703444046535,-1.7284460953840601,-0.5805782069509116,0.8443651699520065,0.057698297138138045,2.3523856754961074,0.0,0.0,-0.39922277752504465,0
17.25000000000011,7,23.39835606699241,25.44446219793705,25.444460496015356,-2.6842765400389896,-2.98283933005688,-2.98283908175787,-1.3030160009501124,-1.2244717051140608,-1.2244715443844267,0.0,0.0,-2.3035597758463697,0
17.25000000000011,8,23.785505329670755,16.602597598818885,13.030510398548044,1.627884641186966,2.242357619344867,-1.9924389616869882,-1.3519635397244012,-1.4266228001926167,1.5449731302603433,0.0,0.0,0.9428525407002593,0
17.30000000000011,0,4.040169888059198,4.197906254179705,4.461844647311044,1.7357578907832023,1.6933714053562536,1.50123438961327,1.365336849503207,1.388798768074663,1.5675118083073423,0.0,0.0,0.7730380791720476,0
17.30000000000011,1,16.69993853436488,13.74286323711337,27.68071256281728,-1.8776032906512004,4.209308065156812,0.9021041876838992,-1.6664286372478319,-0.7692813165405434,-1.6974162285609213,0.0,0.0,1.990368787575275,0
17.30000000000011,2,23.108541564521154,2.904823681635992,18.92188392582466,1.4112080784598229,1.563201015054009,4.5348532882358885,1.3322676295501878e-14,0.0,0.0,0.0,0.0,0.8364539672391369,0
17.30000000000011,3,14.369752704138959,9.408631679381458,16.80898259553025,0.6397153673266726,-0.49929058136329524,-1.7590651734534328,0.9835097888402267,2.241078889246645,-0.5101704689890201,0.0,0.0,-0.6627300310801181,0
17.30000000000011,4,9.379449341737786,22.680547751686,14.70514092970863,-3.682028459479408,3.35913012111724,-0.3986367431466475,-2.5,-2.5,-2.5,0.0,0.0,2.4020210776759434,0
17.30000000000011,5,14.114145086584633,23.890672470680475,19.74886934186023,1.4342126624510276,4.789862986037257,-0.015703943943762434,2.5,2.5,2.5,0.0,0.0,1.279865617835643,0
17.30000000000011,6,15.717819184713031,8.376683143135686,3.094730610894436,4.138126383012139,-1.7250483469682651,-0.4625743614058006,0.8218388509357686,0.06795496831590131,2.360076910902219,0.0,0.0,-0.394961809089673,0
17.30000000000011,7,23.264141587346607,25.29532052509533,25.295318835588827,-2.684302645793088,-2.9828275836119476,-2.9828273353031918,-0.0005221150819689768,0.00023492889864584754,0.00023492909356548353,0.0,0.0,-2.3035665697340733,0
17.30000000000011,8,23.865220057728173,16.712916706345226,12.932814406178604,1.560704481109659,2.170406681708715,-1.9154007330906222,-1.3436032015461414,-1.4390187527230438,1.540764571927319,0.0,0.0,0.9473768745237043,0
17.35000000000011,0,4.128663605332799,4.2843102819563175,4.538866974104205,1.8039908001608256,1.7627897057082302,1.579658682113157,1.3646581875524655,1.3883660070395303,1.5684858499977394,0.0,0.0,0.7738473370999832,0
17.35000000000011,1,16.603983604533997,13.95235278619046,27.723694406341625,-1.960593902584067,4.170273897926774,0.8171695532897625,-1.659812238657334,-0.7806833446007821,-1.6986926878827333,0.0,0.0,2.0102682113239725,0
17.35000000000011,2,23.179101968444144,2.9829837323886923,19.148626590236454,1.4112080784598238,1.563201015054009,4.534853288235888,2.6645352591003757e-14,8.881784197001252e-15,0.0,0.0,0.0,0.8364539672391366,0
17.35000000000011,3,14.402964073887263,9.386472710171175,16.72040295028656,0.688739422605568,-0.38706818704803847,-1.7841206362941555,0.9804811055779089,2.2444478863051347,-0.5011092568144552,0.0,0.0,-0.512005840376203,0
17.35000000000011,4,9.192222922946454,22.84537933757314,14.682084092551298,-3.789840310328893,3.2195318403509687,-0.5212726265328956,-2.499996653888643,-2.499936134978383,-2.5,0.0,0.0,2.437379358451975,0
17.35000000000011,5,14.188980719707185,24.13329061998234,19.751209144663044,1.5116211664886365,4.764847733090294,0.1059600372207254,2.5,2.5,2.5,0.0,0.0,1.2635950330734387,0
17.35000000000011,6,15.92572401361916,8.290528716547504,3.0745614537846664,4.1780667732330095,-1.7211287165590115,-0.3441919229849797,0.7988078044174092,0.0783926081850758,2.3676487684164176,0.0,0.0,-0.3907601675404267,0
17.35000000000011,7,23.12992645265896,25.14617914699373,25.146177469902664,-2.684302741712746,-2.982827540452011,-2.9828272921432184,-1.9183931598831805e-06,8.631987302720745e-07,8.631994674601629e-07,0.0,0.0,-2.3035665946966635,0
17.35000000000011,8,23.941585215543235,16.819624414584265,12.838965538775746,1.4939018314928145,2.0979016478527814,-1.8385539630236962,-1.3360529923368913,-1.4501006771186755,1.5369354013385197,0.0,0.0,0.9520000412959707,0
17.400000000000112,0,4.220568110959533,4.374184678027298,4.619811744544829,1.8721894249085378,1.8321861371309645,1.6581321355118095,1.3639724949542433,1.3879286284546852,1.56946906797305,0.0,0.0,0.7745996543917779,0
17.400000000000112,1,16.5038876168023,14.159876156979937,27.762427956232226,-2.043245606683876,4.130660933652272,0.732172442334244,-1.653034081996171,-0.7922592854900368,-1.6999422191103708,0.0,0.0,2.0301575404780077,0
17.400000000000112,2,23.249662372367133,3.0611437831413926,19.37536925464825,1.411208078459825,1.5632010150540094,4.534853288235888,2.6645352591003757e-14,8.881784197001252e-15,0.0,0.0,0.0,0.8364539672391362,0
17.400000000000112,3,14.43862282992132,9.369929037250024,16.630581899906446,0.7376108187567333,-0.2746787297979647,-1.8087213789103798,0.9774279230233062,2.247789145001475,-0.4920148523244847,0.0,0.0,-0.35648029586031643,0
17.400000000000112,4,8.99960590743001,23.003230929590686,14.652895461224652,-3.8900409699293608,3.074928908327515,-0.6421786830803355,-2.5,-2.5,-2.5,0.0,0.0,2.4726947882605237,0
17.400000000000112,5,14.267686778031617,24.374658006636857,19.75963214652408,1.5853706927305458,4.736723101650093,0.22372756854127876,2.5,2.5,2.5,0.0,0.0,1.2478182761045984,0
17.400000000000112,6,16.135596419830172,8.204583551547216,3.060320721372217,4.216829475207527,-1.7166778834524754,-0.22543737351300158,0.7752540394903507,0.08901666213072171,2.3750909894395624,0.0,0.0,-0.3866133858294747,0
17.400000000000112,7,22.99571131556445,24.997037769975123,24.997036105299497,-2.6843027420677905,-2.982827540292255,-2.9828272919834626,-7.100888765876334e-09,3.1951241652450335e-09,3.1951152834608365e-09,0.0,0.0,-2.3035665947890624,0
17.400000000000112,8,24.014618836835453,16.92269436885854,12.748954621481152,1.4274430201960115,2.024896523118259,-1.761882728760038,-1.3291762259360604,-1.4601024946904495,1.5334246852731623,0.0,0.0,0.9567585025420408,0
17.450000000000113,0,4.31588168129221,4.467528342768948,4.704681429013028,1.9403533883985453,1.901560452535043,1.7366552432161557,1.3632792698001495,1.3874863080815705,1.5704621540869255,0.0,0.0,0.7753012119384424,0
17.450000000000113,1,16.39966772176083,14.365404193783382,27.796910125466983,-2.1255501949747897,4.090460538485492,0.6471143270559365,-1.6460917658182823,-0.8040079033356031,-1.7011623055661496,0.0,0.0,2.0500289833720067,0
17.450000000000113,2,23.320222776290123,3.139303833894093,19.602111919060043,1.4112080784598264,1.5632010150540094,4.534853288235887,2.6645352591003757e-14,0.0,-1.7763568394002505e-14,0.0,0.0,0.8364539672391358,0
17.450000000000113,3,14.476721306696106,9.359008980628312,16.53954222729585,0.7863282522347138,-0.16212353507055263,-1.8328655255134987,0.9743486695596106,2.2511038945482413,-0.4828829320623763,0.0,0.0,-0.20332876297876892,0
17.450000000000113,4,8.802046950169897,23.153920466243417,14.61772961830699,-3.980501824569906,2.9292396275823873,-0.7583933206434846,-2.4455270109162752,-2.4455270109162752,-2.4455270109162752,0.0,0.0,2.507178686473448,0
17.450000000000113,5,14.350080312668146,24.61461916171936,19.773943524951143,1.6555421189618647,4.705873059986805,0.3375485678145921,2.5,2.5,2.5,0.0,0.0,1.2325158236971734,0
17.450000000000113,6,16.34737684043813,8.118874449037904,3.052026843774153,4.254387349110867,-1.7116862169200657,-0.10631773040956512,0.7511574780667883,0.09983333064819183,2.382392862068729,0.0,0.0,-0.38251713628509193,0
17.450000000000113,7,22.861496178461028,24.847896392960525,24.847894740700337,-2.6843027420691152,-2.9828275402916593,-2.9828272919828662,-2.6494362259654736e-11,1.191047260817868e-11,1.1928236176572682e-11,0.0,0.0,-2.303566594789407,0
17.450000000000113,8,24.084337406521453,17.022102687596142,12.66277321458704,1.3612997672439877,1.951436226385813,-1.6853735470044762,-1.3228650590404745,-1.4692059346489206,1.5301836351112352,0.0,0.0,0.961690550567106,0
17.500000000000114,0,4.414602573160003,4.5643401637558565,4.7934785235131825,2.0084822863131695,1.9709123869412948,1.8152285367900518,1.3625779582924809,1.3870386881250387,1.5714658714779228,0.0,0.0,0.7759573347645199,0
17.500000000000114,1,16.291341483550454,14.568907310625637,27.827137903823722,-2.2074993334403183,4.049664135204728,0.5619968072135979,-1.6389827693105732,-0.8159280656152703,-1.7023503968467735,0.0,0.0,2.069874977976268,0
17.500000000000114,2,23.390783180213113,3.217463884646793,19.828854583471838,1.411208078459828,1.5632010150540097,4.534853288235887,3.108624468950438e-14,4.440892098500626e-15,0.0,0.0,0.0,0.8364539672391353,0
17.500000000000114,3,14.517251771448825,9.353720795527721,16.447306814682026,0.8348903378739881,-0.04940386895307977,-1.8565509790394337,0.9712417127854869,2.254393322349457,-0.47370907051869815,0.0,0.0,-0.05910515887775794,0
17.500000000000114,4,8.599896859239315,23.297257447622535,14.576684952274816,-4.065109222696673,2.7766496990947136,-0.874701924122548,-2.499999761668305,-2.5,-2.5,0.0,0.0,2.5423372235164154,0
17.500000000000114,5,14.429732418616863,24.8530378147187,19.792234981019707,1.5055987315546224,4.752143871892984,0.3876868328574864,-2.4999999995,2.5,1.1312221422681883,0.0,0.0,1.2639759675958846,0
17.500000000000114,6,16.56100432691834,8.033428700528068,3.0496978863315127,4.290712110097504,-1.7061437234733081,0.013159432703961874,0.7264952197327439,0.11084986893515014,2.3895432622705397,0.0,0.0,-0.3784672134951606,0
17.500000000000114,7,22.730406041357572,24.69563001594594,24.701878376101195,-2.5593027420691152,-3.1078275402916593,-2.8578272919828662,2.5,-2.5,2.5,0.0,0.0,-2.2597044856476494,0
17.500000000000114,8,24.150756103396372,17.117827555873543,12.58041350311889,1.2954481077527975,1.8775585047102172,-1.6090149117214936,-1.3170331898238044,-1.477554433511915,1.527172705659651,0.0,0.0,0.9668376178886889,0
17.550000000000114,0,4.516729022402697,4.664619014813916,4.886205551693802,2.0765756833945646,2.0402416553810863,1.8938525904347148,1.3618679416278985,1.3865853687958283,1.572481072893257,0.0,0.0,0.7765726358923385,0
17.550000000000114,1,16.178926886327364,14.770355493942471,27.85310836430126,-2.2890845554832255,4.008263197468638,0.4768216118878348,-1.6317044408581443,-0.8280187547218074,-1.7035039065152622,0.0,0.0,2.0896882126495933,0
17.550000000000114,2,23.461343584136102,3.2956239353994934,20.055597247883632,1.4112080784598293,1.5632010150540099,4.534853288235887,2.6645352591003757e-14,4.440892098500626e-15,0.0,0.0,0.0,0.8364539672391349,0
17.550000000000114,3,14.560206420036042,9.354072675299207,16.353898654818895,0.8832956056147375,0.06347905981251128,-1.8797754154857473,0.9681053548149882,2.257658575311821,-0.46448872892627335,0.0,0.0,0.07174281457797962,0
17.550000000000114,4,8.393516398104481,23.43296493257727,14.529824856068688,-4.141713150496437,2.6210229484620577,-0.9881552927754509,-2.5,-2.5,-2.5,0.0,0.0,2.5773786813969903,0
17.550000000000114,5,14.501887355194594,25.09377000831335,19.813293137212703,1.3564182065723944,4.791723034874373,0.44667662344615655,-2.5,2.5,1.339051640099539,0.0,0.0,1.294938226132774,0
17.550000000000114,6,16.776416482895364,7.94827410818638,3.0533515213977758,4.325774128983427,-1.7000399701942035,0.1329859699465569,0.7012403777184566,0.12207506558209288,2.3965307448519004,0.0,0.0,-0.3744595170246818,0
17.550000000000114,7,22.605565904254117,24.537113638931356,24.56211201150205,-2.4343027420691152,-3.2328275402916593,-2.7328272919828662,2.5,-2.5,2.4999999999999996,0.0,0.0,-2.2162114358904215,0
17.550000000000114,8,24.21388899545495,17.20984890258393,12.501868206882413,1.2298675745904286,1.8032953637052378,-1.5327969377375705,-1.3116106632473779,-1.4852628200995883,1.524359479678462,0.0,0.0,0.9722457038261481,0
17.600000000000115,0,4.622259242219697,4.768363754953746,4.982865067123182,2.144633109285439,2.109547950212088,1.972528026740504,1.3611485178174918,1.386125896620041,1.5735087261157887,0.0,0.0,0.7771511322632972,0
17.600000000000115,1,16.062442341074824,14.969718304959947,27.874818669633502,-2.370297254618434,3.9662492432304637,0.39159060140194013,-1.6242539827041709,-0.8402790847634891,-1.7046202097178926,0.0,0.0,2.1094616452645654,0
17.600000000000115,2,23.531903988059096,3.373783986152194,20.282339912295427,1.4112080784598309,1.5632010150540099,4.534853288235886,3.108624468950438e-14,0.0,-1.7763568394002505e-14,0.0,0.0,0.8364539672391343,0
17.600000000000115,3,14.60557737260069,9.360072754241143,16.25934086249066,0.9315424969712223,0.1765240978648976,-1.9025362776436292,0.964937827129694,2.2609007610477256,-0.45521724315763934,0.0,0.0,0.18727600181045015,0
17.600000000000115,4,8.183305740579659,23.560891080000374,14.477292091429915,-4.210328208112698,2.46303781326,-1.0984448599824719,-2.5,-2.5,-2.5,0.0,0.0,2.6122763250375653,0
17.600000000000115,5,14.566583266571852,25.336481153474388,19.83710726081759,1.2087497380914192,4.826213489651033,0.496575697124137,-2.49999916108821,2.4999947338560853,1.1842339460624962,0.0,0.0,1.3253893887385075,0
17.600000000000115,6,16.993549389560403,7.863439009715613,3.0630049995456115,4.359542137618224,-1.6933639686364688,0.25315315596687366,0.6753601726959371,0.13352003115469532,2.403343720406335,0.0,0.0,-0.3704900333126519,0
17.600000000000115,7,22.48697576715066,24.372347261916772,24.42859564690291,-2.3093027420691152,-3.3578275402916593,-2.6078272919828662,2.5,-2.5,2.5,0.0,0.0,-2.1732446905076466,0
17.600000000000115,8,24.27374919905006,17.298148140513717,12.427130506374299,1.1645405692138375,1.7286741534863255,-1.4567110825870122,-1.3065401075318208,-1.4924242043782452,1.5217171030111667,0.0,0.0,0.9779670274467879,0
17.650000000000116,0,4.731191421278694,4.875573227149081,5.083459655898004,2.2126540530744077,2.1788309376013415,2.0512555242523556,1.3604188757793678,1.3856597477850627,1.5745499502370315,0.0,0.0,0.7776963388966445,0
17.650000000000116,1,15.941906692806388,15.166964881714062,27.892266078902693,-2.451128676118972,3.9236138269341536,0.30630576936574094,-1.616628430010759,-0.852708325926202,-1.7056966407239837,0.0,0.0,2.1291885206361854,0
17.650000000000116,2,23.60246439198209,3.451944036904895,20.509082576707222,1.4112080784598293,1.5632010150540099,4.534853288235886,-3.108624468950438e-14,0.0,0.0,0.0,0.0,0.8364539672391349,0
17.650000000000116,3,14.653356669055405,9.37172911032061,16.16365668634524,0.979629361217399,0.28973014531378993,-1.9248307681731056,0.961737284923534,2.264120948977846,-0.4458898105895298,0.0,0.0,0.28755763532361167,0
17.650000000000116,4,7.969664330174024,23.6809179708351,14.419244849294769,-4.271036801032155,2.3033655337305103,-1.205301564858927,-2.5,-2.499999862617737,-2.4999993088165984,0.0,0.0,2.6470023489068533,0
17.650000000000116,5,14.623895753476422,25.58091682795694,19.864156440580384,1.0620565625315634,4.852106159157482,0.573673843093496,-2.5,2.5,1.7763159252696594,0.0,0.0,1.3553091455075736,0
17.650000000000116,6,17.21233751229519,7.778952310718255,3.078675120827561,4.391982771773101,-1.6861039912578408,0.37365169531109643,0.6488126830975525,0.14519954757255885,2.4099707868844553,0.0,0.0,-0.3665548156558118,0
17.650000000000116,7,22.374635630047205,24.201330884902188,24.301329282303765,-2.1843027420691152,-3.4828275402916593,-2.4828272919828662,2.5,-2.5,2.5,0.0,0.0,-2.1309499938869014,0
17.650000000000116,8,24.330349010057986,17.382707954477063,12.356193981133984,1.0994518711032124,1.6537184050473959,-1.3807499270256083,-1.3017739622125029,-1.4991149687785907,1.5192231112280798,0.0,0.0,0.9840620356969697,0
17.700000000000117,0,4.843523721503953,4.986246256908712,5.187991939696948,2.2806379559359797,2.2480902527838653,2.130035827705415,1.3596780572314393,1.385186303650475,1.5756060690611955,0.0,0.0,0.7782113459768705,0
17.700000000000117,1,15.81733922822314,15.362063940636052,27.90544795425802,-2.5315699072109368,3.880348529945428,0.22096924484729968,-1.608824621839294,-0.8653059397745075,-1.7067304903688252,0.0,0.0,2.148862386219525,0
17.700000000000117,2,23.673024795905082,3.5301040876575955,20.735825241119016,1.411208078459828,1.5632010150540099,4.534853288235887,-2.6645352591003757e-14,0.0,1.7763568394002505e-14,0.0,0.0,0.8364539672391355,0
17.700000000000117,3,14.703536264367361,9.389049767800477,16.06686952109187,1.0275544512608599,0.40309615388094255,-1.9466558419617195,0.9585018008692193,2.2673201713430524,-0.436501475772276,0.0,0.0,0.3738395227642883,0
17.700000000000117,4,7.7529874901224165,23.792961247521625,14.355854771051822,-4.323983974791063,2.14266123906796,-1.3084973826285762,-2.5,-2.5,-2.5,0.0,0.0,2.681527906213446,0
17.700000000000117,5,14.673873581602999,25.826647135914815,19.89551243321196,0.9168722636373728,4.869898758493056,0.6659064004800318,-2.5,2.5,2.137840381518234,0.0,0.0,1.384701374433908,0
17.700000000000117,6,17.43271357716163,7.694843529269415,3.1003782072870996,4.423059822884498,-1.6782472666957784,0.49447176307045304,0.6215410222279335,0.15713449124124712,2.4164013551871326,0.0,0.0,-0.3626499602934095,0
17.700000000000117,7,22.26854549294375,24.024064507887605,24.180312917704622,-2.0593027420691152,-3.6078275402916593,-2.3578272919828662,2.4999999999999996,-2.5,2.5,0.0,0.0,-2.0894590132494533,0
17.700000000000117,8,24.38370001310611,17.463512126672626,12.289052557955923,1.034588250821827,1.578448482775125,-1.3049070000968659,-1.2972724056277076,-1.5053984454454157,1.5168585385748488,0.0,0.0,0.9906019327997945,0
17.750000000000117,0,4.959254275423935,5.100381650564644,5.296464579448041,2.3485842008632867,2.3173254934534446,2.208869762338312,1.3589248985461369,1.3847048133915905,1.5766786926579337,0.0,0.0,0.7786988824807061,0
17.750000000000117,1,15.688759683912135,15.554983777595236,27.914361767746197,-2.611611865229244,3.8364449484219634,0.1355832946797928,-1.60083916036615,-0.8780716304692984,-1.707719003350138,0.0,0.0,2.168477106083021,0
17.750000000000117,2,23.743585199828072,3.6082641384102963,20.96256790553081,1.4112080784598264,1.56320101505401,4.534853288235887,-3.108624468950438e-14,4.440892098500626e-15,0.0,0.0,0.0,0.836453967239136,0
17.750000000000117,3,14.75610802362818,9.412042699774696,15.9690029201004,1.0753159191719008,0.5166211250878551,-1.9680081976971482,0.9552293582208188,2.2704994241382503,-0.42704711470857204,0.0,0.0,0.44787475938851695,0
17.750000000000117,4,7.533663291382863,23.896969309475022,14.287304901920393,-4.369371383139382,1.9815560875934848,-1.4078455838350499,-2.5,-2.5,-2.5,0.0,0.0,2.7158231766302223,0
17.750000000000117,5,14.716592194784868,26.073267073839467,19.93189930812693,0.7735327134452148,4.879218236908226,0.7712823982512877,-2.5,2.5,2.4732439127754837,0.0,0.0,1.413568652696575,0
17.750000000000117,6,17.65460839607746,7.611142861517647,3.1281300790365565,4.4527329337487265,-1.6697794433749662,0.6156031069078213,0.5934622172845696,0.16935646641624227,2.4226268767473638,0.0,0.0,-0.35877157464336756,0
17.750000000000117,7,22.168705355840295,23.84054813087302,24.06554655310548,-1.9343027420691152,-3.7328275402916593,-2.2328272919828662,2.5,-2.5,2.5,0.0,0.0,-2.048887458254997,0
17.750000000000117,8,24.43381317341736,17.540545391228033,12.225700466992564,0.9699381616280099,1.5028820994411733,-1.2291766384375038,-1.2930017838763401,-1.5113276666790323,1.514607233187242,0.0,0.0,0.997671958101204,0
17.800000000000118,0,5.078381182889739,5.217978193155437,5.4088802798741895,2.416492097768885,2.386536210178231,2.287758254707605,1.3581579381119657,1.3842143344957267,1.577769847385862,0.0,0.0,0.7791613691782644,0
17.800000000000118,1,15.556188255209701,15.74569226824213,27.919005108261086,-2.691245282868118,3.791894677453783,0.05015032591588761,-1.5926683527774772,-0.891005419363607,-1.7086593752781036,0.0,0.0,2.1880268732142265,0
17.800000000000118,2,23.81414560375106,3.686424189162997,21.189310569942606,1.411208078459828,1.5632010150540099,4.534853288235887,3.108624468950438e-14,-4.440892098500626e-15,0.0,0.0,0.0,0.8364539672391355,0
17.800000000000118,3,14.811063716890711,9.44071583061407,15.870080608443663,1.1229118113293461,0.6303041084870921,-1.988884268572331,0.951917843148904,2.27365966798474,-0.41752141750365457,0.0,0.0,0.5114867035903656,0
17.800000000000118,4,7.312069722225894,23.992922113854696,14.21378762272864,-4.407450557473362,1.8206504237593182,-1.503200458319769,-2.5,-2.5,-2.5,0.0,0.0,2.749857494323926,0
17.800000000000118,5,14.752143830457127,26.32035298568488,19.973588428039495,0.6327089167899269,4.882118410395452,0.8744136626862,-2.5,2.5,2.5,0.0,0.0,1.4419174407301047,0
17.800000000000118,6,17.87795059787672,7.527881286153386,3.1619460386703517,4.4809551382215895,-1.6606835711954564,0.7370352784439753,0.5644440894572533,0.18191744359019743,2.4286434307230813,0.0,0.0,-0.35491572896639506,0
17.800000000000118,7,22.07511521873684,23.650781753858436,23.957030188506337,-1.8093027420691152,-3.8578275402916593,-2.1078272919828662,2.5,-2.5,2.5,0.0,0.0,-2.009333926807722,0
17.800000000000118,8,24.48069891474288,17.613793311886607,12.166132204226804,0.9054914913929177,1.4270347269018588,-1.153553872192862,-1.288933404701844,-1.5169474507862883,1.512455324892836,0.0,0.0,1.005375736013783,0
17.85000000000012,0,5.2009025068542565,5.339034645705494,5.525241795352371,2.4843608608118206,2.4557218918240515,2.3667023644196346,1.3573752608587155,1.3837136329164188,1.5788821942405897,0.0,0.0,0.7796009633113882,0
17.85000000000012,1,15.41964560590716,15.93415686742184,27.91937568862026,-2.7704606892334915,3.746689289734651,-0.03532711154881234,-1.584308127307469,-0.9041077543826415,-1.709548749293999,0.0,0.0,2.2075062202793516,0
17.85000000000012,2,23.88470600767405,3.7645842399156977,21.4160532343544,1.4112080784598302,1.5632010150540097,4.534853288235886,4.440892098500626e-14,-4.440892098500626e-15,-1.7763568394002505e-14,0.0,0.0,0.8364539672391346,0
17.85000000000012,3,14.868395013752405,9.475077038324631,15.770126496428677,1.1703400631384278,0.7441441999352533,-2.009280212027063,0.9485650361816342,2.2768018289632237,-0.4079188690946453,0.0,0.0,0.5663534869335164,0
17.85000000000012,4,7.088572194352227,24.08082963504266,14.135502599812652,-4.438515784846436,1.660508167933063,-1.5944560990810033,-2.5,-2.5,-2.5,0.0,0.0,2.7835995154569924,0
17.85000000000012,5,14.780654276296623,26.567583906204653,20.020434111173806,0.4947402636952798,4.879219176167293,0.9738851587328395,-2.5,2.5,2.5,0.0,0.0,1.4697442768292446,0
17.85000000000012,6,18.102666168744463,7.445090747988268,3.2018408748686187,4.5076676964882045,-1.6509379554092785,0.8587581694867078,0.5342511653322914,0.1949123157235595,2.4344578208546492,0.0,0.0,-0.3510783694066907,0
17.85000000000012,7,21.98777508052027,23.454765377578024,23.854763823364834,-1.6843027865937106,-3.982827510924871,-1.9828273136772567,2.499999109508095,-2.4999994126642378,2.4999995661121908,0.0,0.0,-1.9708794638802618,0
17.85000000000012,8,24.524367186061813,17.683242178226518,12.110342499126162,0.8412393613642926,1.3509199266945795,-1.0780343318328294,-1.2850426005725044,-1.5222960041455873,1.510390807200651,0.0,0.0,1.0138411735640973,0
17.90000000000012,0,5.326816267669866,5.463549741552215,5.645551937848117,2.5521895718125234,2.5248819420447552,2.4457033354102045,1.3565742200140543,1.3832010044140763,1.580019419811399,0.0,0.0,0.7800195969609771,0
17.90000000000012,1,15.27915287905796,16.120344607318543,27.91547135277791,-2.849248384734509,3.700820306133462,-0.12084632214522066,-1.5757539100203444,-0.9173796720237816,-1.7103842119281665,0.0,0.0,2.2269100290457944,0
17.90000000000012,2,23.955266411597044,3.842744290668398,21.642795898766195,1.4112080784598324,1.5632010150540094,4.534853288235886,4.440892098500626e-14,-4.440892098500626e-15,0.0,0.0,0.0,0.8364539672391337,0
17.90000000000012,3,14.928093477662571,9.515134156820691,15.669164693667703,1.2175984932682047,0.858140539907119,-2.029191898411892,0.9451686025955403,2.2799267994373147,-0.3982337276965839,0.0,0.0,0.6139276278908358,0
17.90000000000012,4,6.863521405109905,24.160730043449174,14.052654795160281,-4.462896811592771,1.5016524170593268,-1.6815445481505862,-2.5,-2.499999992113126,-2.4999997586559184,0.0,0.0,2.8170174276499806,0
17.90000000000012,5,14.802266289481386,26.81466986501302,20.066003369110447,0.36326274843194895,4.916549778815991,0.834013457940635,-2.5,2.5,-2.5,0.0,0.0,1.4970446324981512,0
17.90000000000012,6,18.328677545913074,7.36280452746673,3.247828914157775,4.53278739025621,-1.6405108654522254,0.9807634020795319,0.5023938753601219,0.2085417991410642,2.4401046518564824,0.0,0.0,-0.34725512489802185,0
17.90000000000012,7,21.906684941190584,23.25249900203178,23.758747457680972,-1.5593027865937106,-4.107827510924871,-1.8578273136772567,2.5,-2.5,2.4999999999999996,0.0,0.0,-1.9335876902430793,0
17.90000000000012,8,24.564827519138998,17.748878916853446,12.058326286541599,0.7771739617231218,1.2745496183824818,-1.0026141715497046,-1.281307992823415,-1.5274061662419518,1.5084032056624963,0.0,0.0,1.0232286229570735,0
17.95000000000012,0,5.45612043488131,5.591522181063928,5.769813588363584,2.6199771166452472,2.594015638423754,2.524762685208491,1.3557508966544791,1.3826739275799786,1.581186995965731,0.0,0.0,0.780419011163181,0
17.95000000000012,1,15.134731709270289,16.304222093824453,27.907290083186126,-2.927598406772383,3.654279154102866,-0.20640446152616787,-1.5670004407574798,-0.9308230406119243,-1.7111627876189441,0.0,0.0,2.2462335388040917,0
17.95000000000012,2,24.025826815520038,3.9209043414210982,21.86953856317799,1.4112080784598304,1.5632010150540097,4.534853288235886,-3.9968028886505635e-14,4.440892098500626e-15,0.0,0.0,0.0,0.8364539672391345,0
17.95000000000012,3,14.990150559927933,9.560894978114684,15.56721952374647,1.264684797346267,0.9722923118525253,-2.048614898437435,0.9417260815612428,2.283035438908124,-0.3884600005108599,0.0,0.0,0.6554262497616453,0
17.95000000000012,4,6.641913494413097,24.233596855772813,13.970156701723196,-4.401419616279562,1.4130200758861446,-1.6183791893327804,1.229543906264186,-1.7726468234636428,1.2633071763561163,0.0,0.0,2.830949003084421,0
17.95000000000012,5,14.817304426902982,27.06362235395382,20.10457904200748,0.23374063381965687,4.945863541359979,0.6955567168446561,-2.5,2.5,-2.5,0.0,0.0,1.5235716418618708,0
17.95000000000012,6,18.555901373302838,7.281058167908732,3.2999242218843587,4.556165705334361,-1.6293435168676937,1.1030489069838265,0.4675663015630128,0.22334697169063067,2.4457100980858932,0.0,0.0,-0.34344072676532283,0
17.95000000000012,7,21.8318448018609,23.043982626485533,23.66898109199711,-1.4343027865937106,-4.232827510924871,-1.7328273136772567,2.5,-2.5,2.5,0.0,0.0,-1.8975055834481727,0
17.95000000000012,8,24.60208907859055,17.81069101478769,12.01007868210438,0.7132884163389329,1.1979342989873305,-0.9272900059390343,-1.2777109076837787,-1.5323063879030263,1.5064833122134058,0.0,0.0,1.0337424195244682,0
18.00000000000012,0,5.588812914375096,5.722950623375672,5.898029714906104,2.6877220631061896,2.663122054045998,2.603882376492328,1.3548989292188505,1.3821283124448747,1.5823938256767485,0.0,0.0,0.7808007886267987,0
18.00000000000012,1,14.98640423706612,16.485755500364316,27.894830008321225,-3.005500481394385,3.607057107491598,-0.2919985330698872,-1.558041492440033,-0.944440932225355,-1.7118814308743868,0.0,0.0,2.2654723543214597,0
18.00000000000012,2,24.09638721944303,3.9990643921737985,22.096281227589785,1.4112080784598282,1.5632010150540103,4.534853288235886,-4.440892098500626e-14,1.3322676295501878e-14,0.0,0.0,0.0,0.8364539672391355,0
18.00000000000012,3,15.054557593387495,9.612367254426005,15.464315539554448,1.3115965410361994,1.0865987406003004,-2.0675444692434497,0.9382348737986475,2.2861285749555,-0.3785914161202975,0.0,0.0,0.6918523566721482,0
18.00000000000012,4,6.423393634552433,24.3020403017819,13.890814554678219,-4.339374778147013,1.324717764477328,-1.5553066924663477,1.2408967626509844,-1.7660462281763312,1.2614499373286516,0.0,0.0,2.845300273835344,0
18.00000000000012,5,14.825866458593964,27.31404053102182,20.13623187784971,0.1065245055462869,4.967519614902402,0.5589288016178826,-2.5,2.5,-2.5,0.0,0.0,1.549355408643146,0
18.00000000000012,6,18.784157653748093,7.199846633716479,3.357668713378481,4.574085512475749,-1.6191178508224493,1.2067307527810647,0.3583961428277682,0.20451332090488883,2.073636915944763,0.0,0.0,-0.34021277608415745,0
18.00000000000012,7,21.763254662531214,22.82921625093929,23.585464726313248,-1.3093027865937106,-4.357827510924871,-1.6078273136772567,2.5,-2.5,2.5,0.0,0.0,-1.8626645483888233,0
18.00000000000012,8,24.636160705772205,17.86866645285221,11.965594960520392,0.6495766709273411,1.1210832235934354,-0.8520588574205493,-1.2742349082318363,-1.5370215078779035,1.5046229703697003,0.0,0.0,1.045647559494067,0
18.05000000000012,0,5.724891525727897,5.857833671832149,6.030203404230488,2.7554223910058417,2.732199884213121,2.6830651964830414,1.3540065579930447,1.3815566033424584,1.583656399814264,0.0,0.0,0.7811663910549285,0
18.05000000000012,1,14.834193126206221,16.664910557983006,27.87808941039991,-3.0829439530015867,3.5591451972560626,-0.37762538378277094,-1.548869432144039,-0.9582382047107127,-1.7125370142576748,0.0,0.0,2.2846224541788565,0
18.05000000000012,2,24.16694762336602,4.077224442926499,22.32302389200158,1.4112080784598258,1.5632010150540112,4.534853288235887,-4.884981308350689e-14,1.7763568394002505e-14,1.7763568394002505e-14,0.0,0.0,0.8364539672391366,0
18.05000000000012,3,15.12130578572359,9.669558700211448,15.360477539351233,1.3583311524076325,1.2010590908174232,-2.0859755388850814,0.9346922274286594,2.2892070043424595,-0.3686213928326366,0.0,0.0,0.7240262967902977,0
18.05000000000012,4,6.207990056607262,24.36607688165406,13.81462368470569,-4.276768339659808,1.2367454304090897,-1.4923281064347915,1.2521287697440906,-1.759446681364769,1.2595717206311239,0.0,0.0,2.860094037496777,0
18.05000000000012,5,14.828067683871279,27.56554151176694,20.1610533179306,-0.018074221772004316,4.9819142393523155,0.42450422170571184,-2.5,2.5,-2.5,0.0,0.0,1.5744242781416589,0
18.05000000000012,6,19.01285413151483,7.118901121294426,3.4180487019449157,4.57377359819375,-1.6187026460596892,1.2084687898763276,-0.006238285639987851,0.008304095255202704,0.034760741905257575,0.0,0.0,-0.34015355538243,0
18.05000000000012,7,21.70091452320153,22.608199875393044,23.508198360629386,-1.1843027865937106,-4.482827510924871,-1.4828273136772567,2.5,-2.5,2.5,0.0,0.0,-1.829081841382198,0
18.05000000000012,8,24.667050957548994,17.92279364731262,11.9248705362743,0.5860334001442171,1.0440045548230814,-0.7769181124230937,-1.2708654156624783,-1.541573375407081,1.5028148999491109,0.0,0.0,1.0592944019515793,0
18.100000000000122,0,5.864353954236183,5.99616984317745,6.1663379291828955,2.823074749325587,2.8012469695989064,2.7623158016132536,1.3530471663949077,1.380941707715708,1.5850121026042467,0.0,0.0,0.7815172207292531,0
18.100000000000122,1,14.678121585414356,16.841652539796094,27.857066733324697,-3.1599176786730476,3.5105340752674428,-0.46328169922572104,-1.5394745134292218,-0.9722224397723976,-1.7131263088590014,0.0,0.0,2.3036802008976376,0
18.100000000000122,2,24.23750802728901,4.1553844936791995,22.549766556413374,1.4112080784598287,1.563201015054011,4.534853288235886,5.773159728050814e-14,-4.440892098500626e-15,-1.7763568394002505e-14,0.0,0.0,0.8364539672391356,0
18.100000000000122,3,15.190386212370994,9.732476994120306,15.255730583654461,1.4048859134884983,1.3156726655368725,-2.103902688985773,0.9310952216173194,2.2922714943889835,-0.3585430020138341,0.0,0.0,0.7526176560029919,0
18.100000000000122,4,5.995730693511267,24.42572309332682,13.741579370528187,-4.213606184179988,1.149103036501306,-1.429444460665356,1.263243109596413,-1.7528478781556733,1.2576729153887105,0.0,0.0,2.8753543633267555,0
18.100000000000122,5,14.824038972782677,27.817762223734558,20.17915352901589,-0.13978399931504815,4.989472510800805,0.29261663913490005,-2.5,2.5,-2.5,0.0,0.0,1.5988047875695048,0
18.100000000000122,6,19.241542662352398,7.037966187285699,3.4784729712380327,4.573767635309019,-1.6186947142893782,1.2085019818483407,-0.00011925769459963931,0.00015863540621552374,0.0006638394402669334,0.0,0.0,-0.34015242426609354,0
18.100000000000122,7,21.644824383871846,22.3809334998468,23.437181994945522,-1.0593027865937106,-4.607827510924871,-1.3578273136772567,2.5,-2.5,2.5,0.0,0.0,-1.7967621600560175,0
18.100000000000122,8,24.694768140806282,17.973061398361192,11.887900946344052,0.5226539301472395,0.9667054871198387,-0.701865484786803,-1.2675893999395536,-1.545981354064854,1.5010525527258145,0.0,0.0,1.0751562593542472,0
18.150000000000123,0,6.007197607381981,6.137957475404342,6.306436950462547,2.890671376506331,2.87025831947677,2.8416450495727705,1.3519325436148812,1.380226997557278,1.586584959190342,0.0,0.0,0.7818548166329504,0
18.150000000000123,1,14.51700070530234,17.014054245502674,27.837027646399022,-3.2849175258075336,3.385534152995866,-0.33828177780116336,-2.4999969426897204,-2.499998445431539,2.499998428491154,0.0,0.0,2.341111703876896,0
18.150000000000123,2,24.308068431212,4.2335445444319,22.77650922082517,1.4112080784598315,1.5632010150540112,4.534853288235885,5.773159728050814e-14,4.440892098500626e-15,-1.7763568394002505e-14,0.0,0.0,0.8364539672391346,0
18.150000000000123,3,15.261789808979772,9.801129780878105,15.150100013048736,1.451257950862673,1.4304388047750447,-2.121320135243264,0.9274407474834931,2.2953227847634468,-0.3483489251498189,0.0,0.0,0.7781736753108752,0
18.150000000000123,4,5.786643188075152,24.480995433396146,13.671676839815122,-4.14989403326462,1.061790566271852,-1.3666567678572263,1.2742430183073643,-1.7462494045890788,1.2557538561625938,0.0,0.0,2.891106644963163,0
18.150000000000123,5,14.813924772816923,28.0703608492746,20.19065936097263,-0.2583730255183035,4.990640446417255,0.1635582901252468,-2.5,2.5,-2.5,0.0,0.0,1.6225216635730046,0
18.150000000000123,6,19.470231041157707,6.957031455508727,3.5388980868075435,4.573767516903347,-1.6186945567894937,1.208502640932099,-2.3681134386777103e-06,3.1499976893556436e-06,1.3181675164730677e-05,0.0,0.0,-0.34015240180577194,0
18.150000000000123,7,21.594984217431588,22.147417130098265,23.366165636185972,-0.9256187393995916,-4.68883171278383,-1.4690429260116833,2.499978311542546,-2.4999953618325175,-2.4999944605490247,0.0,0.0,-1.7656995417510981,0
18.150000000000123,8,24.71932034340771,18.01945884430056,11.854681834595272,0.4594341739099201,0.889192350454776,-0.6268989851643902,-1.2643951247463883,-1.5502627333012555,1.499329992448255,0.0,0.0,1.0938883693804144,0
18.200000000000124,0,6.152180418160123,6.281929331265272,6.44904843243322,2.908641054619343,2.8886159149604236,2.862814229254185,0.35939356226023733,0.3671519096730691,0.4233835936282926,0.0,0.0,0.7819439332125108,0
18.200000000000124,1,14.349629836146015,17.180205953152466,27.823238557508965,-3.409917240445518,3.260534152995866,-0.21328177780116336,-2.499994292759685,-2.5,2.5,0.0,0.0,2.3785854968940563,0
18.200000000000124,2,24.378628835134993,4.3117045951846,23.003251885236963,1.4112080784598353,1.5632010150540117,4.534853288235883,7.549516567451064e-14,8.881784197001252e-15,-3.552713678800501e-14,0.0,0.0,0.8364539672391333,0
18.200000000000124,3,15.335507363379866,9.875524673104232,15.043611467032882,1.4974442251410678,1.5453568842700685,-2.1382217053909245,0.923725485567894,2.298361589900476,-0.3380314029532116,0.0,0.0,0.8011430964744274,0
18.200000000000124,4,5.580754901129249,24.531910398280118,13.604911269952705,-4.085637444571485,0.9748080290871137,-1.3039660266395088,1.2851317738627066,-1.7396507436947672,1.2538148243543525,0.0,0.0,2.9073776491858054,0
18.200000000000124,5,14.797881121541007,28.323017871595464,20.195712275478893,-0.3736484155932347,4.9858775143720075,0.037580223579384016,-2.5,2.5,-2.5,0.0,0.0,1.6455978570446992,0
18.200000000000124,6,19.698919416941663,6.876096727750672,3.599323219194861,4.573767514454961,-1.6186945535327213,1.208502654560588,-4.896770988693788e-08,6.513544814623629e-08,2.7256978007983435e-07,0.0,0.0,-0.3401524013413389,0
18.200000000000124,7,21.55182828046161,21.909850544459072,23.289588489885386,-0.7797668135607401,-4.688456603588963,-1.552526454760875,2.5,-2.5,-2.5,0.0,0.0,-1.735604099706005,0
18.200000000000124,8,24.74071546218422,18.06197542048868,11.825208937579726,0.39637057715039237,0.8114706970699193,-0.5520168954574658,-1.2612719351905546,-1.5544330676971345,1.4976417941384879,0.0,0.0,1.1164236619162797,0
18.250000000000124,0,6.297612342424886,6.4263600487792605,6.59218935335724,2.9086359159711557,2.888612785599116,2.8628226077065886,-0.00010277296374816558,-6.258722614838064e-05,0.00016756904806847217,0.0,0.0,0.7819442748751907,0
18.250000000000124,1,14.176008974123738,17.340107660802257,27.81569946861891,-3.534917240445518,3.135534152995866,-0.08828177780116336,-2.5,-2.5,2.5,0.0,0.0,2.415996570633287,0
18.250000000000124,2,24.449189239057986,4.3898646459373,23.229994549648758,1.4112080784598324,1.563201015054013,4.534853288235884,-5.773159728050814e-14,2.6645352591003757e-14,1.7763568394002505e-14,0.0,0.0,0.8364539672391348,1
18.250000000000124,3,15.411529506985566,9.955669253070663,14.936290904045544,1.5434415190868855,1.6604263143871645,-2.154600814102597,0.9199458789163535,2.301388602341921,-0.3275821742334524,0.0,0.0,0.8218955637793302,0
18.250000000000124,4,5.378092919757477,24.57848448563313,13.541277788682708,-4.020841810299375,0.888155465033371,-1.2413732241604136,1.295912685442194,-1.7330512810748544,1.2518560495819029,0.0,0.0,2.9241955587510216,0
18.250000000000124,5,14.776073700761344,28.575436747314065,20.19446628665786,-0.48545476995469633,4.975649757263072,-0.0851067528235758,-2.5,2.5,-2.5,0.0,0.0,1.6680546067280788,0
18.250000000000124,6,19.92760779266309,6.795162000075791,3.6597483519302396,4.57376751440215,-1.6186945534624722,1.2085026548545539,-1.056221776707389e-09,1.404982796771037e-09,5.8793192536654715e-09,0.0,0.0,-0.3401524013313209,0
18.250000000000124,7,21.515964939783572,21.672302714279624,23.20883716714734,-0.6370221701231158,-4.683008527473632,-1.6320643021587373,2.5,-2.5,-2.5,0.0,0.0,-1.7059949123049423,0
18.250000000000124,8,24.75896122844257,18.100600822268113,11.799478071505233,0.3334600731836147,0.7335453741073699,-0.4772177475222892,-1.2582100793355533,-1.5585064592509865,1.4959829587035325,0.0,0.0,1.1441345357827275,0
18.300000000000125,0,6.44304413772396,6.5707906877550375,6.7353304845569655,2.9086358959917886,2.8886127734319658,2.8628226402824413,-3.9958734099343474e-07,-2.4334300796624575e-07,6.515170536403048e-07,0.0,0.0,0.7819442762035956,0
18.300000000000125,1,13.99613811210146,17.49375936845205,27.81441037972885,-3.659917240445518,3.010534152995866,0.036718222198836636,-2.5,-2.5,2.5,0.0,0.0,2.453240872526586,0
18.300000000000125,2,24.51817918950605,4.468571090180615,23.454091320064848,1.3483899394626975,1.5850567546785732,4.429017528407742,-1.2563627799426988,0.43711479249120344,-2.1167151965628315,0.0,0.0,0.8659025471736796,1
18.300000000000125,3,15.489846705565508,10.041571074411806,14.82816462283868,1.589246424110806,1.7756465392585243,-2.170450434171952,0.916098100478408,2.3044044974271976,-0.3169924013870934,0.0,0.0,0.8407371595555707,0
18.300000000000125,4,5.1786840655975865,24.620734195997287,13.480771474613453,-3.9555123560962153,0.8018329495330296,-1.178879338609821,1.3065890840631988,-1.7264503100068254,1.2498777110118517,0.0,0.0,2.9415900068592693,0
18.300000000000125,5,14.750898475567498,28.82174448097859,20.1885296595057,-0.5215542377991533,4.87665958931806,-0.15235833326274006,-0.721989356889139,-1.9798033589002357,-1.3450316087832856,0.0,0.0,1.6773404138055577,0
18.300000000000125,6,20.156296168383168,6.714227272402708,3.720173484673133,4.57376751440096,-1.6186945534608876,1.2085026548611801,-2.3803181647963356e-11,3.169020601490047e-11,1.3252510200345569e-10,0.0,0.0,-0.34015240133109487,0
18.300000000000125,7,21.487238831277416,21.441277287905944,23.124108952039403,-0.5120221701231158,-4.558008527473632,-1.7570643021587373,2.5,2.5,-2.5,0.0,0.0,-1.6826619762364416,0
18.300000000000125,8,24.774065231406023,18.1353249712303,11.777485120178772,0.27070004535456876,0.6554205843800649,-0.4025003055360852,-1.2552005565809186,-1.5624957945460995,1.49434883972408,0.0,0.0,1.1791187437676993,0
18.350000000000126,0,6.588475932521591,6.715221326425444,6.878471616574279,2.9086358959134984,2.8886127733842883,2.8628226404100916,-1.5658052632261388e-09,-9.535483513900544e-10,2.553006694938631e-09,0.0,0.0,0.7819442762088011,0
18.350000000000126,1,13.810017250079184,17.64116107610184,27.819371290838795,-3.784917240445518,2.885534152995866,0.16171822219883664,-2.5,-2.5,2.5,0.0,0.0,2.490217159170083,0
18.350000000000126,2,24.58403117725367,4.548361119157046,23.672892674755392,1.2856895704421896,1.6065444043786674,4.323036659214014,-1.2540073804101568,0.42975299400188327,-2.1196173838745698,0.0,0.0,0.8958830770256996,1
18.350000000000126,3,15.570449249287307,10.133237663799674,14.719259285407457,1.6348553247611528,1.8910170362561733,-2.1857630630769527,0.9121780130069385,2.307409939952979,-0.3062525781000137,0.0,0.0,0.8579227492669547,0
18.350000000000126,4,4.982554903185823,24.658676034678834,13.423387357606257,-3.889654140374292,0.7158405977289156,-1.116485341678048,1.3171643144384646,-1.7198470360822804,1.2478799386354615,0.0,0.0,2.9595921002663377,0
18.350000000000126,5,14.723928363422326,29.06308992187622,20.17924399026624,-0.5572502480077113,4.777158046587069,-0.21906843631575146,-0.7139202041711583,-1.99003085461981,-1.334202061060228,0.0,0.0,1.6869204290077744,0
18.350000000000126,6,20.384984544103215,6.633292544729664,3.7805986174161963,4.573767514400932,-1.618694553460851,1.2085026548613365,-5.684341886080801e-13,7.327471962526033e-13,3.126388037344441e-12,0.0,0.0,-0.3401524013310897,0
18.350000000000126,7,21.464762722771262,21.21650186153226,23.033130736931465,-0.3870221701231158,-4.433008527473632,-1.8820643021587373,2.5,2.5,-2.5,0.0,0.0,-1.6578801510830277,0
18.350000000000126,8,24.786034939939537,18.166137984266726,11.759226023751863,0.2080882959858839,0.5770999370770444,-0.3278635515402898,-1.2522349873736967,-1.5664129460604082,1.4927350799159076,0.0,0.0,1.224731064259123,0
18.400000000000126,0,6.733907727317258,6.8596519650946535,7.021612748594796,2.9086358959131897,2.8886127733841,2.862822640410595,-6.17284001691587e-12,-3.765876499528531e-12,1.007194327939942e-11,0.0,0.0,0.7819442762088216,0
18.400000000000126,1,13.617646388056908,17.782312783751635,27.830582201948737,-3.909917240445518,2.760534152995866,0.28671822219883664,-2.5,-2.5,2.5,0.0,0.0,2.526828554870565,0
18.400000000000126,2,24.646751088532007,4.629216382569199,23.88639141052115,1.2231068806913268,1.627666132107443,4.216912771416315,-1.2516537950172537,0.4224345545755124,-2.1224777559539927,0.0,0.0,0.9263689765986474,1
18.400000000000126,3,15.653327241923957,10.230676522604629,14.609601941737411,1.6802643807048585,2.006537315942041,-2.200530683724851,0.9081811188741136,2.3104055937173613,-0.2953524129579651,0.0,0.0,0.8736657655919832,0
18.400000000000126,4,4.7897317483270285,24.69232651383853,13.369120419040451,-3.8232720539775094,0.6301785686590546,-1.0541922009541738,1.327641727935651,-1.7132405813972185,1.2458628144774848,0.0,0.0,2.9782344274062424,0
18.400000000000126,5,14.695183543926426,29.2,20.16663638330182,-0.5925425318282542,4.677151401341856,-0.2852358422610378,-0.7058456764108584,-2.0001329049042647,-1.3233481189057272,0.0,0.0,1.696813757659993,0
18.400000000000126,6,20.613672919823262,6.552357817056621,3.841023750159263,4.573767514400931,-1.61869455346085,1.20850265486134,-1.7763568394002505e-14,2.220446049250313e-14,7.105427357601002e-14,0.0,0.0,-0.34015240133108954,0
18.400000000000126,7,21.448536614265105,20.99797643515858,22.93590252182353,-0.2620221701231158,-4.308008527473632,-2.0070643021587373,2.5,2.5,-2.5,0.0,0.0,-1.6315436028600976,0
18.400000000000126,8,24.794877722864037,18.193030144939403,11.744696768118892,0.14562302099409904,0.49858648983002446,-0.2533066737784756,-1.2493054998356974,-1.5702689449403997,1.491137555236284,0.0,0.0,1.2866289475257042,0
18.450000000000127,0,6.879339522112918,7.004082603763859,7.164753880615326,2.9086358959131884,2.8886127733841,2.862822640410598,-2.6645352591003757e-14,0.0,5.3290705182007514e-14,0.0,0.0,0.7819442762088218,0
18.450000000000127,1,13.419025526034632,17.917214491401428,27.84804311305868,-4.034917240445518,2.635534152995866,0.41171822219883664,-2.5,-2.5,2.5,0.0,0.0,2.562983979082664,0
18.450000000000127,2,24.706344805403663,4.711118636474737,24.094580427307875,1.1606417941749128,1.6484240241140915,4.110647900052645,-1.2493017303282787,0.41515784013296814,-2.125297427273392,0.0,0.0,0.95732948157311,1
18.450000000000127,3,15.738470589079249,10.333895128570884,14.499220056701471,1.7254695055068723,2.122206922708149,-2.2147447177127235,0.9041024960402745,2.3133921353221525,-0.2842806797574491,0.0,0.0,0.8881459664738023,0
18.450000000000127,4,4.600240676473823,24.721702154786094,13.317965591959904,-3.756370820150734,0.5448470692435606,-0.9920008822677311,1.3380246765355077,-1.7066299883098799,1.2438263737288533,0.0,0.0,2.9975510471511675,0
18.450000000000127,5,14.664680779955336,29.2,20.150727994358434,-0.627568027015322,4.576851028001517,-0.3510997154745781,-0.7005099037413545,-2.00600746680678,-1.317277464270805,0.0,0.0,1.707064422562516,0
18.450000000000127,6,20.84236129554331,6.4714230893835785,3.90144888290233,4.573767514400931,-1.61869455346085,1.2085026548613407,0.0,0.0,1.3322676295501878e-14,0.0,0.0,-0.34015240133108954,0
18.450000000000127,7,21.43856050575895,20.7857010087849,22.83242430671559,-0.1370221701231158,-4.183008527473632,-2.1320643021587373,2.5,2.5,-2.5,0.0,0.0,-1.6035414651289983,0
18.450000000000127,8,24.800600868126587,18.215991876767035,11.73389337483618,0.08330278950794226,0.41988278327522416,-0.17882905753005018,-1.2464046297231355,-1.5740741310960058,1.4895523249685079,0.0,0.0,1.3749441798173492,0
18.500000000000128,0,7.024771316908578,7.148513242433064,7.307895012635855,2.9086358959131884,2.888612773384099,2.862822640410598,0.0,-1.7763568394002505e-14,0.0,0.0,0.0,0.7819442762088217,0
18.500000000000128,1,13.214154664012355,18.04586619905122,27.871754024168624,-4.159917240445518,2.510534152995866,0.5367182221988367,-2.5,-2.5,2.5,0.0,0.0,2.5985993508749043,0
18.500000000000128,2,24.762818206512847,4.7940497392004655,24.297452725453347,1.0982942501924526,1.6688200849150385,4.00424402576623,-1.2469508796492015,0.4079212160189388,-2.1280774857283067,0.0,0.0,0.9887296704430929,1
18.500000000000128,3,15.825868985247796,10.442900937549211,14.388141539539903,1.7704663412350399,2.238025436424955,-2.228395968749983,0.8999367145633526,2.316370274336124,-0.27302502074518603,0.0,0.0,0.9015156017727218,0
18.500000000000128,4,4.414107531100904,24.746819490469793,13.269917761103763,-3.688954994766026,0.45984635810445906,-0.9299123519779462,1.3483165076941652,-1.7000142227820312,1.241770605795698,0.0,0.0,3.0175774529868806,0
18.500000000000128,5,14.63242872973245,29.2,20.131525795448542,-0.6625139819001811,4.4765391022316505,-0.41698824092116943,-0.6989190976971806,-2.0062385153973374,-1.317770508931827,0.0,0.0,1.7177266948216114,0
18.500000000000128,6,21.071049671263356,6.390488361710536,3.9618740156453973,4.573767514400931,-1.6186945534608497,1.2085026548613405,1.7763568394002505e-14,0.0,0.0,0.0,0.0,-0.3401524013310895,0
18.500000000000128,7,21.42908061480774,20.577965978820288,22.724898171859376,-0.2421734679253135,-4.126392671110816,-2.168981092089859,-2.103025956043954,1.1323171272563153,-0.7383357986224273,0.0,0.0,-1.6294179883735609,0
18.500000000000128,8,24.80321160106353,18.23501371807409,11.726811891442663,0.0211265279697792,0.34099086900695574,-0.10443027821058731,-1.2435252307632612,-1.5778382853653676,1.4879755863892574,0.0,0.0,1.5089191329754457,0
18.55000000000013,0,7.170203111704238,7.2929438811022695,7.451036144656385,2.9086358959131884,2.8886127733840987,2.8628226404105983,0.0,-8.881784197001252e-15,8.881784197001252e-15,0.0,0.0,0.7819442762088216,0
18.55000000000013,1,13.006904127533964,18.172355974575297,27.895711981994868,-4.130104218690112,2.549056867967311,0.42160009085090133,0.5962604351081208,0.7704542994289004,-2.3023626269587067,0.0,0.0,2.5886296190176936,0
18.55000000000013,2,24.816177167867988,4.877991647256204,24.495001403000735,1.0360642040132608,1.6888562373145126,3.8977030761291975,-1.244600923583838,0.4007230479894816,-2.13081899274065,0.0,0.0,1.02053056900125,1
18.55000000000013,3,15.915511899465862,10.55770138534935,14.276394776500355,1.8152502274876594,2.353992475580585,-2.2414745528319506,0.8956777250523905,2.319340783112592,-0.2615716816393571,0.0,0.0,0.9139043332845043,0
18.55000000000013,4,4.2313579320626316,24.76769506815337,13.22497176282394,-3.6210289667648645,0.3751767492384988,-0.8679275792150267,1.358520560023224,-1.693392177319205,1.2396954552583899,0.0,0.0,3.038350506432047,0
18.55000000000013,5,14.59843141311035,29.2,20.109028615845453,-0.6973786829837928,4.3762134726888995,-0.48289894320237026,-0.6972940216722341,-2.0065125908550203,-1.3182140456240166,0.0,0.0,1.728824226798858,0
18.55000000000013,6,21.299738046983403,6.309553634037493,4.0222991483884645,4.573767514400931,-1.6186945534608497,1.2085026548613407,0.0,0.0,4.440892098500626e-15,0.0,0.0,-0.3401524013310895,0
18.55000000000013,7,21.414345695683924,20.373070099582517,22.615531848471402,-0.34722329702740307,-4.069442498400062,-2.2056718434290867,-2.1009965820417906,1.1390034542150826,-0.7338150267845595,0.0,0.0,-1.6559147015230973,0
18.55000000000013,8,24.802717101970917,18.25008629808986,11.723448382073165,-0.04090649167437175,0.2619123316239201,-0.030110096569338538,-1.2406603928830189,-1.5815707476607135,1.4864036328249755,0.0,0.0,1.7257285518136998,0
18.60000000000013,0,7.315634906499898,7.437374519771475,7.5941772766769144,2.908635895913188,2.888612773384099,2.862822640410598,-8.881784197001252e-15,8.881784197001252e-15,-8.881784197001252e-15,0.0,0.0,0.7819442762088217,0
18.60000000000013,1,12.80115913677463,18.30076166926288,27.91391452850889,-4.099695411683286,2.5871709195359225,0.30650176971003124,0.6081761401365124,0.7622810313722275,-2.301966422817402,0.0,0.0,2.5786444604849095,0
18.60000000000013,2,24.866427563655495,4.962926411250682,24.687219653077904,0.9739516274870725,1.7085343224645786,3.7910269269574863,-1.2422515305237654,0.3935617030013181,-2.133522983434222,0.0,0.0,1.0526893373266357,1
18.60000000000013,3,16.007388559222115,10.678303889805326,14.16400866742753,1.8598161627625054,2.4701077026584985,-2.2539698100811165,0.8913187054969202,2.3223045415582693,-0.24990514498331454,0.0,0.0,0.9254231782071183,0
18.60000000000013,4,4.052017283924025,24.78434545227339,13.183122384891606,-3.5525969587794135,0.2908386155622593,-0.8060475380782599,1.3686401597090179,-1.6867626735247896,1.2376008227353357,0.0,0.0,3.0599083324859837,0
18.60000000000013,5,14.562692937852235,29.2,20.08323541115977,-0.7321603273408098,4.2758718929580875,-0.5488292442250943,-0.6956328871403407,-2.0068315946162487,-1.3186060204544798,0.0,0.0,1.7403823242747045,0
18.60000000000013,6,21.52842642270345,6.22861890636445,4.082724281131531,4.573767514400931,-1.6186945534608497,1.2085026548613407,0.0,0.0,0.0,0.0,0.0,-0.3401524013310895,0
18.60000000000013,7,21.39436087654438,20.171030153847116,22.504336704897494,-0.4521694685544819,-4.012155331015842,-2.2421338995271913,-2.0989234305415776,1.1457433476843946,-0.7292411219620942,0.0,0.0,-1.6830226776012074,0
18.60000000000013,8,24.799124523179458,18.261200314015586,11.72379891826226,-0.1027966599839362,0.18264830540506274,0.04413154413310069,-1.237803366191289,-1.5852805243771466,1.4848328140487845,0.0,0.0,2.0834227724028747,0
18.65000000000013,0,7.461066701295557,7.58180515844068,7.737318408697444,2.908635895913188,2.888612773384099,2.862822640410598,0.0,0.0,0.0,0.0,0.0,0.7819442762088217,0
18.65000000000013,1,12.5969499242215,18.43106249428136,27.92636277063977,-4.0686730904418855,2.624862081203351,0.19142791552518557,0.6204464248280104,0.7538232333485675,-2.3014770836969136,0.0,0.0,2.568641834841399,0
18.65000000000013,2,24.913575267083502,5.0488361718111845,24.874100761342188,0.9119565096333148,1.727856099955528,3.6842174036138773,-1.239902357075155,0.38643554981898504,-2.1361904668721774,0.0,0.0,1.0851595415856596,1
18.65000000000013,3,16.101487932165632,10.804715853195303,14.051012667414595,1.9041587549781838,2.586370832940612,-2.2658701904363157,0.8868518443135659,2.3252626056422665,-0.23800760710398436,0.0,0.0,0.9361676864736743,0
18.65000000000013,4,3.8761107842570537,24.796787227471146,13.144364366194752,-3.4836630278994325,0.20683239234815481,-0.7442732097959058,1.3786786175996206,-1.6801244642820903,1.2354865656470806,0.0,0.0,3.082290168773025,0
18.65000000000013,5,14.525217504239787,29.2,20.054145268708037,-0.7668570171571217,4.175512014225372,-0.6147764538441933,-0.6939337963262378,-2.0071975746542985,-1.3189441923819816,0.0,0.0,1.752428068111515,0
18.65000000000013,6,21.757114798423498,6.147684178691407,4.143149413874598,4.573767514400931,-1.6186945534608492,1.2085026548613413,0.0,8.881784197001252e-15,1.3322676295501878e-14,0.0,0.0,-0.3401524013310894,0
18.65000000000013,7,21.36913139570418,19.971863057316586,22.391324242270763,-0.5570097650535729,-3.9545285302053945,-2.2783646055420577,-2.0968059299818202,1.1525360162089544,-0.7246141202973246,0.0,0.0,-1.7107294069628483,0
18.65000000000013,8,24.79244100581923,18.268346508800988,11.727859569841499,-0.16454403442506227,0.10319948601103772,0.11829451903650492,-1.2349474888225216,-1.5889763878805003,1.4832594980680847,0.0,0.0,2.5814239251623583,0
18.70000000000013,0,7.606498496091217,7.726235797109886,7.880459540717974,2.908635895913188,2.8886127733840987,2.862822640410598,0.0,-8.881784197001252e-15,0.0,0.0,0.0,0.7819442762088216,0
18.70000000000013,1,12.394307608321283,18.563236944977362,27.933058057650797,-4.037019545566792,2.662115946636744,0.07638356491590498,0.6330708975018724,0.7450773086678603,-2.3008870121856115,0.0,0.0,2.5586195338737263,0
18.70000000000013,2,24.957626151254633,5.135703155508279,25.055638103489947,0.8500788572120428,1.7468232479282502,3.577276282296523,-1.237553048425439,0.37934295945444646,-2.1388224263470885,0.0,0.0,1.1178915098704663,1
18.70000000000013,3,16.19779870494201,10.936944665235801,13.937436835135813,1.9482721560768579,2.7027816486792924,-2.277163100715005,0.8822680219734814,2.3282163147736057,-0.22585820557378564,0.0,0.0,0.9462205158075797,0
18.70000000000013,4,3.7036634318957007,24.80503700179408,13.108692396328554,-3.4142310665546884,0.12315858056927623,-0.6826055848520605,1.3886392268948786,-1.6734762355775716,1.2333524988769076,0.0,0.0,3.1055361589009416,0
18.70000000000013,5,14.48600940996527,29.2,20.021757413368185,-0.8014667538235966,4.075131377391884,-0.6807377597498572,-0.6921947333294967,-2.00761273666977,-1.319226118113276,0.0,0.0,1.7649904425866034,0
18.70000000000013,6,21.985803174143545,6.066749451018365,4.203574546617665,4.573767514400931,-1.618694553460849,1.2085026548613418,0.0,4.440892098500626e-15,8.881784197001252e-15,0.0,0.0,-0.34015240133108937,0
18.70000000000013,7,21.338662603089507,19.77558585670882,22.27650609446884,-0.6617419395334043,-3.896559494105376,-2.3143613065348005,-2.094643489596627,1.1593807220003676,-0.7199340198548552,0.0,0.0,-1.7390185704681953,0
18.70000000000013,8,24.782673696451837,18.27151564938834,11.735626395835089,-0.2261483402706631,0.023566137483195942,0.19237852070707445,-1.232086116912017,-1.5926669705568355,1.4816800334113904,0.0,0.0,3.037760861772851,0
18.75000000000013,0,7.751930290886877,7.870666435779091,8.023600672738503,2.908635895913188,2.8886127733840987,2.8628226404105983,0.0,0.0,8.881784197001252e-15,0.0,0.0,0.7819442762088216,0
18.75000000000013,1,12.193264192582426,18.697262791643798,27.93400200050069,-4.0047170839874475,2.6989179200207474,-0.03862585092018253,0.6460492315868844,0.7360394676800687,-2.30018831672175,0.0,0.0,2.548575179560945,0
18.75000000000013,2,24.99858609006692,5.223509670786506,25.23182514283013,0.7883186952794172,1.7654373632008682,3.470205291310759,-1.2352032386525107,0.37228230545236224,-2.14141981971528,0.0,0.0,1.1508327679197339,1
18.75000000000013,3,16.296309258151215,11.074997707001328,13.8233118903108,1.9921499722913127,2.8193400219417986,-2.2878346922855632,0.8775563242890971,2.3311674652501235,-0.21343183141116556,0.0,0.0,0.9556535326715824,0
18.75000000000013,4,3.5347000351446924,24.809111410062574,13.076101115080107,-3.3443048034856395,0.039817750170406244,-0.6210456650858281,1.398525261380978,-1.6668166079773996,1.2311983953246455,0.0,0.0,3.129687079427003,0
18.75000000000013,5,14.445073055331104,29.2,19.986071213961477,-0.8359874315430391,3.9747274045735534,-0.746710216518469,-0.6904135543888518,-2.0080794563666076,-1.3194491353722366,0.0,0.0,1.7781004698601206,0
18.75000000000013,6,22.21449154986359,5.985814723345322,4.263999679360731,4.573767514400931,-1.6186945534608488,1.2085026548613427,0.0,4.440892098500626e-15,1.7763568394002505e-14,0.0,0.0,-0.3401524013310893,0
18.75000000000013,7,21.302959961741706,19.58221572798519,22.15989402817093,-0.7663637143786816,-3.838245654839751,-2.350121345381633,-2.0924354969055443,1.1662767853124973,-0.7152007769366553,0.0,0.0,-1.7678698496611651,0
18.75000000000013,8,24.769829763744475,18.270698505192897,11.747095435259249,-0.28760896802377756,-0.056251905300937474,0.26638305625931846,-1.2292125550622885,-1.5963608556826683,1.4800907110448804,0.0,0.0,-2.948446185043847,0
18.800000000000132,0,7.897362085682537,8.015097074448295,8.166741804759033,2.908635895913188,2.8886127733840987,2.862822640410598,0.0,0.0,-8.881784197001252e-15,0.0,0.0,0.7819442762088216,0
18.800000000000132,1,11.99385256488449,18.83311706976588,27.929196491957843,-3.971748023930003,2.735253204862463,-0.1535944907938454,0.6593812011488892,0.7267056968343194,-2.2993727974732576,0.0,0.0,2.538506221681096,0
18.800000000000132,2,25.036460959142165,5.31223810390159,25.40265542792096,0.7266760677304709,1.7836999614025124,3.3630061123223585,-1.2328525509789259,0.3652519640328855,-2.1439835797680153,0.0,0.0,1.183928547091046,1
18.800000000000132,3,16.397007635842932,11.218882356350086,13.70866928417845,2.035785135377328,2.936045952008485,-2.2978695530083915,0.8727032617203083,2.334118601333726,-0.20069721445656527,0.0,0.0,0.9645295405922699,0
18.800000000000132,4,3.3692452199381067,24.809027117398884,13.046585111808753,-3.2738878047777957,-0.043189456718007946,-0.559594465768292,1.4083399741568714,-1.6601441377682837,1.2290239863507242,0.0,0.0,-3.1284013183600434,0
18.800000000000132,5,14.402412948782466,29.2,19.947086190205116,-0.8704168304024631,3.8742973899271442,-0.812690733736059,-0.6885879771884791,-2.008600292928188,-1.3196103443518006,0.0,0.0,1.7917913496851148,0
18.800000000000132,6,22.44317992558364,5.904879995672279,4.324424812103798,4.573767514400931,-1.6186945534608486,1.2085026548613436,0.0,4.440892098500626e-15,1.7763568394002505e-14,0.0,0.0,-0.3401524013310893,0
18.800000000000132,7,21.26202904937956,19.39176997473102,22.041499943025215,-0.8708727801071484,-3.779584475327059,-2.3856420604468274,-2.0901813145693375,1.1732235902538426,-0.7104143013038806,0.0,0.0,-1.7972587841189533,0
18.800000000000132,8,24.753916415361186,18.265885826593788,11.762262697728511,-0.34892496730785694,-0.13625523866330402,0.3403074425111151,-1.226319985681588,-1.600066667247331,1.478487725035933,0.0,0.0,-2.769302566298655,0
18.850000000000133,0,8.042793880478197,8.1595277131175,8.309882936779562,2.908635895913188,2.888612773384099,2.8628226404105983,0.0,8.881784197001252e-15,8.881784197001252e-15,0.0,0.0,0.7819442762088217,0
18.850000000000133,1,11.796106497114886,18.970776069644796,27.918643727508563,-3.9380946868541242,2.771106790294282,-0.26851608717738223,0.6730667415175811,0.7170717086363745,-2.298431927670736,0.0,0.0,2.5284099349989027,0
18.850000000000133,2,25.07125663678122,5.401870914864344,25.568122590268782,0.6651510378318051,1.8016124771076447,3.255680381590713,-1.2305005979733172,0.35825031410264563,-2.146514614632909,0.0,0.0,1.217122353608821,1
18.850000000000133,3,16.499881506915283,11.368605995860694,13.593541289457255,2.079169707516593,3.0528996284158456,-2.3072502358394447,0.8676914427852965,2.3370735281472093,-0.1876136566210657,0.0,0.0,0.972903718544829,0
18.850000000000133,4,3.2073234379452233,24.80480082291577,13.020138924722973,-3.2029834749375343,-0.1258623226066255,-0.4982530176629035,1.4180865968052283,-1.6534573177723513,1.2268289621077697,0.0,0.0,-3.1023175211351806,0
18.850000000000133,5,14.358033712800975,29.2,19.904802020284396,-0.9047526088571975,3.7738384897360486,-0.8786760630926883,-0.686715569094688,-2.0091780038219165,-1.3197065871325862,0.0,0.0,1.8060986029983184,0
18.850000000000133,6,22.671868301303686,5.823945267999236,4.384849944846866,4.573767514400931,-1.6186945534608486,1.208502654861345,0.0,0.0,2.6645352591003757e-14,0.0,0.0,-0.3401524013310893,0
18.850000000000133,7,21.215875560028692,19.204266026705284,21.921335871940425,-0.9752667939276467,-3.7205734457024096,-2.4209207829447354,-2.0878802764099653,1.180220592492983,-0.7055744499581595,0.0,0.0,-1.8271566860639439,0
18.850000000000133,8,24.73494091525138,18.257068323209598,11.781124153767857,-0.4100950370844178,-0.21644489670425537,0.41415079906270996,-1.2234013955312173,-1.6037931608190268,1.4768671310318968,0.0,0.0,-2.655959404425047,0
18.900000000000134,0,8.188225675273856,8.303958351786704,8.453024068800092,2.908635895913188,2.888612773384099,2.8628226404105983,0.0,0.0,0.0,0.0,0.0,0.7819442762088217,0
18.900000000000134,1,11.600060645336441,19.110215325234527,27.90234622711544,-3.9037393842836816,2.8064634332950167,-0.3833839285474191,0.6871060514088528,0.7071328600146898,-2.297356827400737,0.0,0.0,2.518283415957633,0
18.900000000000134,2,25.102979004945688,5.492390633391155,25.72822034208807,0.6037436887467529,1.8191762639648148,3.1482296911807284,-1.2281469817010429,0.35127573714340377,-2.1490138081996997,0.0,0.0,1.250356585135905,1
18.900000000000134,3,16.604918113733056,11.524176025124715,13.477961121350786,2.1222945651942933,3.169901542145037,-2.3159564884193373,0.8624971535540026,2.3400382745838346,-0.17412505159785155,0.0,0.0,0.9808248416181473,0
18.900000000000134,4,3.0489589746220536,24.796449263563133,12.996757040054524,-3.131595057989256,-0.20820005149884918,-0.4370223690750481,1.4277683389655675,-1.6467545778444737,1.224612971757107,0.0,0.0,-3.0752066411105385,0
18.900000000000134,5,14.31194009019037,29.2,19.859218549098735,-0.9389922955670209,3.6733477116822217,-0.9446627843337808,-0.6847937341964678,-2.0098155610765374,-1.3197344248218505,0.0,0.0,1.8210602174220407,0
18.900000000000134,6,22.900556677023733,5.7430105403261935,4.445275077589933,4.573767514400931,-1.618694553460848,1.2085026548613442,0.0,1.3322676295501878e-14,-1.3322676295501878e-14,0.0,0.0,-0.34015240133108915,0
18.900000000000134,7,21.16450530572941,19.019721438582003,21.79941398151942,-1.0795433780436736,-3.6612100792287827,-2.4559548338953614,-2.0855316823205374,1.1872673294725369,-0.7006810190125168,0.0,0.0,-1.8575306217396323,0
18.900000000000134,8,24.712910601525024,18.244236641727394,11.803675724722911,-0.4711175119696615,-0.2968223625838412,0.487912039139432,-1.2204494977048739,-1.6075493175917162,1.4752248015344402,0.0,0.0,-2.5793780573748535,0
18.950000000000134,0,8.333657470069515,8.448388990455909,8.596165200820622,2.908635895913188,2.888612773384099,2.8628226404105983,0.0,0.0,0.0,0.0,0.0,0.7819442762088217,0
18.950000000000134,1,11.405750550827031,19.25140960192201,27.880306857907296,-3.8686643960927083,2.8413076342042496,-0.4981908397784076,0.7014997638194702,0.6968840181846586,-2.2961382246197704,0.0,0.0,2.508123578758527,0
18.950000000000134,2,25.131633950265744,5.583779854860629,25.8829424741214,0.5424541240554619,1.8363925948141548,3.0406555901524692,-1.2257912938258209,0.3443266169868026,-2.1514820205651835,0.0,0.0,1.2835731783363777,1
18.950000000000134,3,16.712104198892714,11.685599881057351,13.361963112052955,2.1651488411920354,3.2870526951604027,-2.3239638834938763,0.857085519954846,2.3430230603073094,-0.1601479014907798,0.0,0.0,0.9883363583752404,0
18.950000000000134,4,2.8941759572079304,24.783989218131865,12.976433891130231,-3.0597256385756655,-0.29020176575180195,-0.37590358789666956,1.4373883882718075,-1.6400342850590555,1.2223756235675713,0.0,0.0,-3.04702984729086,0
18.950000000000134,5,14.264136950788263,29.2,19.81033579724188,-0.9731332805173203,3.5728219032225113,-1.0106472899403627,-0.6828196990059877,-2.01051616919421,-1.3196901121316362,0.0,0.0,1.836716791926179,0
18.950000000000134,6,23.12924505274378,5.662075812653151,4.505700210333001,4.573767514400931,-1.6186945534608475,1.2085026548613436,0.0,8.881784197001252e-15,-1.3322676295501878e-14,0.0,0.0,-0.3401524013310891,0
18.950000000000134,7,21.107924218337615,18.83815388891303,21.675746572658394,-1.1837001176281006,-3.60149190753016,-2.490741520545799,-2.0831347916885385,1.1943634339724507,-0.6957337330087449,0.0,0.0,-1.8883434678838769,0
18.950000000000134,8,24.6878329051177,18.227381343043348,11.829913272150904,-0.5319903443233579,-0.3773895847780442,0.5615898579803064,-1.2174566470739283,-1.6113444438840592,1.4735563768174873,0.0,0.0,-2.5245912433090294,0
19.000000000000135,0,8.479089264865173,8.592819629125113,8.739306332841151,2.908635895913188,2.8886127733840987,2.8628226404105983,0.0,-8.881784197001252e-15,0.0,0.0,0.0,0.7819442762088216,0
19.000000000000135,1,11.213212642562622,19.394332882804957,27.85252885792577,-3.832851934483653,2.8756236011135137,-0.6129291594827775,0.7162492321811104,0.6863193381852852,-2.2947663940873984,0.0,0.0,2.497927150641026,0
19.000000000000135,2,25.15722736507394,5.67602123627569,26.03228285351841,0.4812824682722669,1.8532626617882852,2.932959585727836,-1.2234331156639,0.3374013394826101,-2.153920088492668,0.0,0.0,1.3167142695010587,1
19.000000000000135,3,16.823486640952318,11.853077515815372,13.248889917878262,2.2901488411920354,3.4120526951604027,-2.1989638834938763,2.5,2.5,2.5,0.0,0.0,0.9796660533866464,0
19.000000000000135,4,2.7429983626674233,24.767437511414784,12.959163857341514,-2.9873781430446282,-0.37186650293139434,-0.3148977636519744,1.4469499106207464,-1.6332947435918475,1.220116484893903,0.0,0.0,-3.0177504592599904,0
19.000000000000135,5,14.214629298641578,29.2,19.758153970783518,-1.0071728053500746,3.4722577389785236,-1.076625768394087,-0.6807904966550868,-2.011283284879756,-1.3195695690744844,0.0,0.0,1.8531116769046805,0
19.000000000000135,6,23.357933428463827,5.581141084980108,4.566125343076068,4.573767514400931,-1.618694553460847,1.2085026548613431,0.0,8.881784197001252e-15,-8.881784197001252e-15,0.0,0.0,-0.340152401331089,1
19.000000000000135,7,21.046138351437698,18.659581179351758,21.550346081342617,-1.2877345583685238,-3.5414164749208172,-2.52527813208526,-2.080688814808466,1.2015086521868559,-0.6907322307892307,0.0,0.0,-1.9195540498561807,0
19.000000000000135,8,24.659715369467836,18.206492878456206,11.859832586562609,-0.5927110816710938,-0.4581489987076913,0.63518271848788,-1.2144147469547164,-1.6151882785929432,1.4718572101514729,0.0,0.0,-2.4835509105131734,0
19.050000000000136,0,8.624521059660832,8.737250267794318,8.88244746486168,2.908635895913188,2.888612773384099,2.862822640410598,0.0,8.881784197001252e-15,-8.881784197001252e-15,0.0,0.0,0.7819442762088217,0
19.050000000000136,1,11.022484242105238,19.538958352721735,27.819015861129948,-3.796284083811745,2.909395195557627,-0.7275907123500722,0.7313570134381528,0.6754318888822628,-2.2932310573458934,0.0,0.0,2.4876906660505704,0
19.050000000000136,2,25.179765148464814,5.769097492230188,26.17623542177245,0.420228867362663,1.8697875763916303,2.825143144433741,-1.2210720181920778,0.3304982920669019,-2.156328825881894,0.0,0.0,1.349722849626258,1
19.050000000000136,3,16.94111908301192,12.026805150573393,13.14206672370357,2.4151488411920354,3.5370526951604027,-2.0739638834938763,2.5,2.5,2.5,0.0,0.0,0.9716980011718988,0
19.050000000000136,4,2.5954500255786193,24.74681101852534,12.944941263011454,-2.914555340507531,-0.4531932126464341,-0.25400600955038355,1.4564560507419437,-1.626534194300795,1.2178350820318178,0.0,0.0,-2.9873348690767516,0
19.050000000000136,5,14.163422279687323,29.2,19.702673471927053,-1.041107952820103,3.3716517070388976,-1.1425941858644975,-0.6787029494005699,-2.012120638792521,-1.3193683494082102,0.0,0.0,1.8702911046662687,0
19.050000000000136,6,23.58402061584704,5.50181108291617,4.627201858928998,4.4697199809276515,-1.554505529096662,1.23455797925581,-2.0809506694655857,1.2837804872836998,0.5211064878893361,0.0,0.0,-0.33470097570275015,1
19.050000000000136,7,20.979153882392342,18.484021234190653,21.42322507968002,-1.39164420344579,-3.48098133152329,-2.559561934418678,-2.078192901545325,1.2087028679505463,-0.6856760466683578,0.0,0.0,-1.9511173656061984,0
19.050000000000136,8,24.633204815384282,18.186710428520822,11.888466722487003,-0.46771108167109376,-0.3331489987076913,0.51018271848788,2.5,2.5,-2.5,0.0,0.0,-2.5226615440021054,0
19.100000000000136,0,8.76682785445649,8.878555906463522,9.02246359688221,2.783635895913188,2.763612773384099,2.737822640410598,-2.5,-2.5,-2.5,0.0,0.0,0.7817886198627012,0
19.100000000000136,1,10.833603572535928,19.685258378764303,27.77977192399719,-3.758942698960625,2.9426058461450717,-0.8421667729603027,0.746827697022398,0.6642130117488916,-2.2915212122046107,0.0,0.0,2.477410459146605,0
19.100000000000136,2,25.199253207380433,5.862991390878814,26.31479419271383,0.35929348926213117,1.885968369553416,2.7172076932214506,-1.2187075620106367,0.32361586323571156,-2.1587090242458093,0.0,0.0,1.3825433956270503,1
19.100000000000136,3,17.063665988085067,12.200532785331413,13.041493529528877,2.486727361733778,3.4120526951604027,-1.9489638834938763,1.4315704108348586,-2.5,2.5,0.0,0.0,0.9409973761003857,0
19.100000000000136,4,2.4515546459695465,24.722126669375506,12.933760376158869,-2.841259843855375,-0.5341807533468508,-0.1932294645530563,1.4659099330431202,-1.619750814008333,1.2155308999465446,0.0,0.0,-2.9557536029933593,0
19.100000000000136,5,14.110521189984787,29.2,19.64389491062707,-1.0749356352813089,3.2710000940612662,-1.208548266134826,-0.6765536492241186,-2.0130322595526278,-1.3190816054065682,0.0,0.0,1.888304303772246,0
19.100000000000136,6,23.804901667798845,5.425687933206664,4.6895724596316,4.365522097144548,-1.4904204592835575,1.2602660488483004,-2.083957675662072,1.2817013962620933,0.5141613918498116,0.0,0.0,-0.32899930497856844,1
19.100000000000136,7,20.906977114562313,18.311492100283804,21.294396277227698,-1.4954265097553707,-3.420184024750693,-2.5935901636741523,-2.0756461261916135,1.2159461354519396,-0.6805645851094826,0.0,0.0,-1.9829848967770225,0
19.100000000000136,8,24.61294426130073,18.17317797858544,11.910850858411397,-0.34271108167109376,-0.20814899870769132,0.38518271848788,2.5,2.5,-2.5,0.0,0.0,-2.595778964597124,0
19.150000000000137,0,8.90288464925215,9.013611545132726,9.156229728902739,2.658635895913188,2.638612773384099,2.612822640410598,-2.5,-2.5,-2.5,0.0,0.0,0.7816182715293586,0
19.150000000000137,1,10.64660977429356,19.833204485059927,27.734801554311257,-3.720809230734079,2.9752384056799297,-0.9566480144770636,0.762669364530923,0.6526511906971638,-2.2896248303352174,0.0,0.0,2.467082653653179,0
19.150000000000137,2,25.215697457721962,5.9576857499088955,26.447953250558413,0.2984765243990283,1.9018059916498569,2.6091546205618985,-1.2163392972620573,0.31675244192881896,-2.1610614531910413,0.0,0.0,1.4151224606045987,1
19.150000000000137,3,17.189835311005783,12.368010420089433,12.947170335354183,2.560045555094923,3.2870526951604027,-1.8239638834938763,1.4663638672228954,-2.5,2.5,0.0,0.0,0.9090997127504641,0
19.150000000000137,4,2.311335797105164,24.693401453315058,12.925615407158556,-2.7674941107199413,-0.6148278890711428,-0.1325692954594938,1.4753146627086735,-1.6129427144858413,1.2132033818712498,0.0,0.0,-2.9229825214187732,0
19.150000000000137,5,14.05593148455037,29.2,19.58181911725974,-1.1086525820953685,3.170298969048099,-1.2744834685582682,-0.674338936281193,-2.0140225002633483,-1.3187040484688444,0.0,0.0,1.9072035887173977,0
19.150000000000137,6,24.020569120870597,5.352766442347994,4.753219842436104,4.2611760257255265,-1.4264391750632632,1.2856292633318476,-2.0869214283804256,1.2796256844058873,0.5072642896709442,0.0,0.0,-0.3230272279656931,1
19.150000000000137,7,20.829614479740822,18.14201194745106,21.16387252268612,-1.5990788831042329,-3.3590220885591053,-2.6273600179889733,-2.0730474669772447,1.2232387238317524,-0.675397086296421,0.0,0.0,-2.015105004944778,0
19.150000000000137,8,24.598933707217174,18.165895528650054,11.92698499433579,-0.21771108167109376,-0.08314899870769132,0.26018271848788,2.5,2.5,-2.5,0.0,0.0,-2.776765842832044,0
19.200000000000138,0,9.032691444047808,9.14241718380193,9.283745860923268,2.533635895913188,2.513612773384099,2.487822640410598,-2.5,-2.5,-2.5,0.0,0.0,0.7814310480838216,0
19.200000000000138,1,10.4615429330788,19.98276731782219,27.68410974321622,-3.6818644178563478,3.007274904810723,-1.0710244293245363,0.7788962575546277,0.6407299826158651,-2.287528296949454,0.0,0.0,2.4567031481439274,0
19.200000000000138,2,25.22910382548753,6.053163432512423,26.575706748010383,0.23777818622372318,1.9173013124912321,2.5009852775169343,-1.213966763506102,0.3099064168275048,-2.163386860899284,0.0,0.0,1.4474092081706484,1
19.200000000000138,3,17.319698451049614,12.529238054847452,12.85909714117949,2.634480046658343,3.1620526951604027,-1.6989638834938763,1.4886898312684007,-2.5,2.5,0.0,0.0,0.8761632994918814,0
19.200000000000138,4,2.174816933227957,24.660652423935076,12.920500507296545,-2.6932604443683372,-0.6951332861281022,-0.07202669902092984,1.4846733270320833,-1.6061079411391872,1.2108519287712791,0.0,0.0,-2.8890041471349517,0
19.200000000000138,5,13.999658786851956,29.2,19.516447156450567,-1.1422553258411983,3.0695441656558207,-1.3403949638086072,-0.6720548749165927,-2.0150960678455645,-1.3182299050067812,0.0,0.0,1.9270444140845333,0
19.200000000000138,6,24.231015618119287,5.283041424896922,4.818126822263442,4.156683864221971,-1.3625615229795969,1.3106499297616778,-2.0898432300711227,1.2775530416733258,0.5004133285966034,0.0,0.0,-0.3167624352003226,1
19.200000000000138,7,20.74653553558561,17.970935843023103,21.03562952178667,-1.7240788831042329,-3.4840220885591053,-2.5023600179889733,-2.5,-2.5,2.5,0.0,0.0,-2.030317887581638,0
19.200000000000138,8,24.59117315313362,18.16486307871467,11.936869130260183,-0.09271108167109376,0.041851001292308676,0.13518271848788,2.5,2.5,-2.5,0.0,0.0,2.7175641735392433,0
19.25000000000014,0,9.156248238843467,9.264972822471135,9.405011992943798,2.408635895913188,2.388612773384099,2.362822640410598,-2.4999999999999996,-2.5,-2.5,0.0,0.0,0.7812243113345866,0
19.25000000000014,1,10.278444129580018,20.13391659309228,27.627702002606156,-3.6420877220948755,3.0386961059927864,-1.1852851950780336,0.7955339152294455,0.628424023641265,-2.2852153150699457,0.0,0.0,2.4462675928830055,0
19.25000000000014,2,25.239478247936777,6.1494073433564465,26.698048904417973,0.17719871174614044,1.9324551212696972,2.3927009787865754,-1.2115894895516546,0.30307617556930067,-2.1656859746071793,0.0,0.0,1.4793558785934382,1
19.25000000000014,3,17.453054784083474,12.684215689605471,12.777273947004797,2.6997732746959895,3.0370526951604027,-1.5739638834938763,1.3058645607529318,-2.5,2.5,0.0,0.0,0.8441225563401793,0
19.25000000000014,4,2.0420213972557475,24.62389670403943,12.918409767218836,-2.6185609945200343,-0.7750955096977213,-0.011602904087450766,1.4939889969660578,-1.5992444713923821,1.2084758986695814,0.0,0.0,-2.8538091008725304,0
19.25000000000014,5,13.941708899026246,29.2,19.44778034217644,-1.1757401871872668,2.9687312628798495,-1.4062776071565875,-0.6696972269213687,-2.016258055519421,-1.3176528669596066,0.0,0.0,1.9478853794541104,0
19.25000000000014,6,24.43623390589706,5.216507702683555,4.884276327091725,4.052047646888819,-1.298787365555076,1.335330263369672,-2.092724346663031,1.2754831484904208,0.4936066721598817,0.0,0.0,-0.31018017839145934,1
19.25000000000014,7,20.6572065914304,17.793609738595148,20.913636520887223,-1.8490788831042329,-3.6090220885591053,-2.3773600179889733,-2.5,-2.5,2.5,0.0,0.0,-2.0442742651977572,0
19.25000000000014,8,24.589662599050065,18.17008062877929,11.940503266184576,0.032288918328906235,0.16685100129230868,0.010182718487879994,2.5,2.5,-2.5,0.0,0.0,1.379639734578708,0
19.30000000000014,0,9.273555033639125,9.381278461140338,9.520028124964327,2.283635895913188,2.263612773384099,2.237822640410598,-2.5,-2.5,-2.5,0.0,0.0,0.7809948429339927,0
19.30000000000014,1,10.097355530748679,20.286621011814965,27.56558441209781,-3.601456231158691,3.0694806429145522,-1.2994184252558185,0.8126298187236869,0.6156907384353132,-2.2826646035556966,0.0,0.0,2.43577134967668,0
19.30000000000014,2,25.246826674782525,6.246400424549783,26.81497400398095,0.11673836208386992,1.9472681264637952,2.2843030037324463,-1.2092069932454101,0.2962601038819598,-2.1679595010825836,0.0,0.0,1.5109181777539398,1
19.30000000000014,3,17.589552429516605,12.832943324363491,12.701700752830105,2.7601325426292984,2.9120526951604027,-1.4489638834938763,1.2071853586661783,-2.5,2.5,0.0,0.0,0.8121751171191206,0
19.30000000000014,4,1.9129724284408423,24.58315149078859,12.91933721527175,-2.543397758076176,-0.8547130203359393,0.04870082620394935,1.503264728877162,-1.5923502127643594,1.2060746058280023,0.0,0.0,-2.817397610014584,0
19.30000000000014,5,13.882087812889813,29.2,19.37582025427338,-1.2091032582700332,2.867855563939198,-1.472125908965832,-0.6672614216553294,-2.017513978813026,-1.31696603618489,0.0,0.0,1.969788167976068,0
19.30000000000014,6,24.636216830731026,5.153160104001066,4.951651393385589,3.947269346469842,-1.2351165817444858,1.3596723883848743,-2.095566008379537,1.273415676211802,0.4868425003040445,0.0,0.0,-0.303252932385741,1
19.30000000000014,7,20.561627647275188,17.61003363416719,20.797893519987774,-1.9740788831042329,-3.7340220885591053,-2.2523600179889733,-2.5,-2.5,2.4999999999999996,0.0,0.0,-2.05711881259374,0
19.30000000000014,8,24.59440204496651,18.181548178843904,11.93788740210897,0.15728891832890624,0.2918510012923087,-0.11481728151212,2.5,2.5,-2.5,0.0,0.0,1.07648746088904,0
19.35000000000014,0,9.384611828434783,9.491334099809542,9.628794256984856,2.158635895913188,2.138612773384099,2.112822640410598,-2.5,-2.5,-2.4999999999999996,0.0,0.0,0.7807386756266429,0
19.35000000000014,1,9.918320566534108,20.44084810801298,27.497763685153043,-3.5599423374241566,3.099603205005983,-1.4134106525348997,0.8302778746906916,0.6024512418286114,-2.279844545581622,0.0,0.0,2.4252094136663045,0
19.35000000000014,2,25.2511550694102,6.344125651603771,26.926476394008706,0.05639742302300576,1.9617409556957004,2.175792597377677,-1.2068187812172833,0.2894565846381054,-2.170208127095389,0.0,0.0,1.5420555833530172,1
19.35000000000014,3,17.730684056353827,12.976667534806516,12.62612755865541,2.885132530859575,2.836915722560604,-1.5739638834938763,2.499999764605534,-1.502739451995973,-2.5,0.0,0.0,0.7769718683038586,0
19.35000000000014,4,1.7876931699951515,24.538434061021004,12.92327681573167,-2.4677725797514527,-0.9339841703675227,0.10888319219286668,1.5125035664944686,-1.5854230006316659,1.2036473197783464,0.0,0.0,-2.779781040830397,0
19.35000000000014,5,13.82080172182306,29.2,19.30056875649777,-1.2423403844000318,2.766912073162729,-1.5379340020583951,-0.6647425225999742,-2.018869815529383,-1.3161618618512612,0.0,0.0,1.9928173975978156,0
19.35000000000014,6,24.830957336291284,5.092993462773241,5.0202351615665215,3.842350875940514,-1.1715490673685331,1.3836783388524063,-2.098369410586559,1.2713502875190512,0.48011900935064344,0.0,0.0,-0.2959500005672337,1
19.35000000000014,7,20.459798703119976,17.42645752973535,20.688400519088326,-2.099078883104233,-3.609022088714503,-2.1273600179889733,-2.5,2.4999999968920545,2.5,0.0,0.0,-2.097591367320197,0
19.35000000000014,8,24.60539149088296,18.19926572890852,11.929021538033364,0.28228891832890624,0.4168510012923087,-0.23981728151212,2.5,2.5,-2.5,0.0,0.0,0.9755410661491335,0
19.40000000000014,0,9.489418623230442,9.595139738478746,9.731310389005385,2.033635895913188,2.013612773384099,1.9878226404105979,-2.5,-2.5,-2.5,0.0,0.0,0.7804508619577994,0
19.40000000000014,1,9.741384304972742,20.596563941932587,27.424247279151764,-3.517508125030492,3.1290301517782373,-1.52724558751618,0.848684247873288,0.5885389354450886,-2.2766986996256033,0.0,0.0,2.41457623574768,0
19.40000000000014,2,25.25246941012562,6.4425660293845946,27.032550483227737,-0.003823794406099458,1.9758741555372614,2.0671709713836104,-1.2044243485821042,0.2826639968312197,-2.172432519881337,0.0,0.0,1.5727315662542614,1
19.40000000000014,3,17.878065682583703,13.11647825047464,12.544304401331662,3.010132518335376,2.7555129041644006,-1.698962409456123,2.4999997495160238,-1.6280563679240705,-2.4999705192449366,0.0,0.0,0.7412653272790027,0
19.40000000000014,4,1.6662066766863843,24.489761776758044,12.93022246692156,-2.3916871525992267,-1.0129072001508983,0.16894285540267615,1.5217085430445187,-1.578460595667511,1.201193264196189,0.0,0.0,-2.7409833881334364,0
19.40000000000014,5,13.757857033615762,29.2,19.222028016307583,-1.2754471438918595,2.66589547065465,-1.6036956055491483,-0.6621351898365535,-2.02033205016158,-1.3152320698150641,0.0,0.0,2.0170403595263124,0
19.40000000000014,6,25.020448460444978,5.036002617700764,5.090010871523929,3.7372940902073046,-1.1080847355305246,1.4073500594438981,-2.101135714664189,1.2692866367601698,0.4734344118298377,0.0,0.0,-0.2882370526218263,1
19.40000000000014,7,20.351719758964762,17.249131425299627,20.58515751818888,-2.224078883104233,-3.484022088714503,-2.0023600179889733,-2.5,2.5,2.5,0.0,0.0,-2.138948982110214,0
19.40000000000014,8,24.622630936799403,18.223233278973137,11.913905673957757,0.40728891832890624,0.5418510012923087,-0.36481728151212,2.5,2.5,-2.5,0.0,0.0,0.9262322553949717,0
